ply
format ascii 1.0
element vertex 20923
property float x
property float y
property float z
property int path_id
property int group_id
end_header
0.000000 -35.689487 0.000000 0 0
0.002348 -35.739432 0.000000 0 0
0.004739 -35.789375 0.000000 0 0
0.007217 -35.839313 0.000000 0 0
0.009787 -35.889247 0.000000 0 0
0.012455 -35.939176 0.000000 0 0
0.015226 -35.989099 0.000000 0 0
0.018107 -36.039016 0.000000 0 0
0.021103 -36.088926 0.000000 0 0
0.024223 -36.138829 0.000000 0 0
0.027473 -36.188723 0.000000 0 0
0.030863 -36.238608 0.000000 0 0
0.034401 -36.288482 0.000000 0 0
0.038098 -36.338346 0.000000 0 0
0.041963 -36.388196 0.000000 0 0
0.046010 -36.438032 0.000000 0 0
0.050250 -36.487852 0.000000 0 0
0.054698 -36.537654 0.000000 0 0
0.059370 -36.587435 0.000000 0 0
0.064282 -36.637193 0.000000 0 0
0.069454 -36.686925 0.000000 0 0
0.074907 -36.736627 0.000000 0 0
0.080663 -36.786294 0.000000 0 0
0.086749 -36.835922 0.000000 0 0
0.093194 -36.885505 0.000000 0 0
0.100029 -36.935036 0.000000 0 0
0.107290 -36.984506 0.000000 0 0
0.115017 -37.033905 0.000000 0 0
0.123257 -37.083221 0.000000 0 0
0.132060 -37.132440 0.000000 0 0
0.141484 -37.181544 0.000000 0 0
0.151595 -37.230511 0.000000 0 0
0.162466 -37.279315 0.000000 0 0
0.174184 -37.327923 0.000000 0 0
0.186843 -37.376294 0.000000 0 0
0.200556 -37.424377 0.000000 0 0
0.215445 -37.472108 0.000000 0 0
0.231655 -37.519408 0.000000 0 0
0.249344 -37.566174 0.000000 0 0
0.268694 -37.612278 0.000000 0 0
0.289903 -37.657557 0.000000 0 0
0.313186 -37.701805 0.000000 0 0
0.338768 -37.744765 0.000000 0 0
0.366872 -37.786119 0.000000 0 0
0.397702 -37.825483 0.000000 0 0
0.431410 -37.862412 0.000000 0 0
0.468068 -37.896415 0.000000 0 0
0.507630 -37.926990 0.000000 0 0
0.549908 -37.953685 0.000000 0 0
0.594570 -37.976164 0.000000 0 0
0.641177 -37.994269 0.000000 0 0
0.689237 -38.008059 0.000000 0 0
0.738279 -38.017803 0.000000 0 0
0.787900 -38.023943 0.000000 0 0
0.837804 -38.027040 0.000000 0 0
0.887800 -38.027725 0.000000 0 0
0.937788 -38.026656 0.000000 0 0
0.987742 -38.024499 0.000000 0 0
1.037675 -38.021919 0.000000 0 0
1.087620 -38.019578 0.000000 0 0
1.137600 -38.018140 0.000000 0 0
0.000000 -26.070356 0.000000 1 0
0.002910 -26.120272 0.000000 1 0
0.005873 -26.170184 0.000000 1 0
0.008949 -26.220089 0.000000 1 0
0.012143 -26.269987 0.000000 1 0
0.015462 -26.319877 0.000000 1 0
0.018914 -26.369757 0.000000 1 0
0.022508 -26.419628 0.000000 1 0
0.026252 -26.469488 0.000000 1 0
0.030155 -26.519335 0.000000 1 0
0.034228 -26.569169 0.000000 1 0
0.038482 -26.618987 0.000000 1 0
0.042930 -26.668789 0.000000 1 0
0.047584 -26.718572 0.000000 1 0
0.052461 -26.768334 0.000000 1 0
0.057575 -26.818072 0.000000 1 0
0.062945 -26.867782 0.000000 1 0
0.068589 -26.917463 0.000000 1 0
0.074530 -26.967109 0.000000 1 0
0.080792 -27.016715 0.000000 1 0
0.087399 -27.066276 0.000000 1 0
0.094382 -27.115786 0.000000 1 0
0.101773 -27.165237 0.000000 1 0
0.109609 -27.214619 0.000000 1 0
0.117929 -27.263922 0.000000 1 0
0.126778 -27.313133 0.000000 1 0
0.136208 -27.362236 0.000000 1 0
0.146276 -27.411211 0.000000 1 0
0.157046 -27.460038 0.000000 1 0
0.168591 -27.508687 0.000000 1 0
0.180993 -27.557124 0.000000 1 0
0.194345 -27.605309 0.000000 1 0
0.208751 -27.653188 0.000000 1 0
0.224332 -27.700699 0.000000 1 0
0.241219 -27.747760 0.000000 1 0
0.259564 -27.794273 0.000000 1 0
0.279532 -27.840113 0.000000 1 0
0.301306 -27.885123 0.000000 1 0
0.325081 -27.929109 0.000000 1 0
0.351060 -27.971830 0.000000 1 0
0.379444 -28.012992 0.000000 1 0
0.410418 -28.052243 0.000000 1 0
0.444122 -28.089176 0.000000 1 0
0.480632 -28.123338 0.000000 1 0
0.519923 -28.154260 0.000000 1 0
0.561852 -28.181500 0.000000 1 0
0.606144 -28.204698 0.000000 1 0
0.652419 -28.223636 0.000000 1 0
0.700229 -28.238272 0.000000 1 0
0.749118 -28.248753 0.000000 1 0
0.798675 -28.255397 0.000000 1 0
0.848569 -28.258646 0.000000 1 0
0.898568 -28.259024 0.000000 1 0
0.948531 -28.257097 0.000000 1 0
0.998397 -28.253440 0.000000 1 0
1.048165 -28.248627 0.000000 1 0
1.097872 -28.243225 0.000000 1 0
1.147576 -28.237795 0.000000 1 0
1.197336 -28.232898 0.000000 1 0
1.247191 -28.229099 0.000000 1 0
1.297146 -28.226971 0.000000 1 0
0.000000 -19.030198 0.000000 2 0
0.003622 -19.080067 0.000000 2 0
0.007312 -19.129930 0.000000 2 0
0.011146 -19.179783 0.000000 2 0
0.015131 -19.229624 0.000000 2 0
0.019278 -19.279452 0.000000 2 0
0.023595 -19.329265 0.000000 2 0
0.028094 -19.379062 0.000000 2 0
0.032786 -19.428842 0.000000 2 0
0.037684 -19.478601 0.000000 2 0
0.042802 -19.528339 0.000000 2 0
0.048154 -19.578051 0.000000 2 0
0.053758 -19.627736 0.000000 2 0
0.059631 -19.677390 0.000000 2 0
0.065792 -19.727009 0.000000 2 0
0.072265 -19.776588 0.000000 2 0
0.079071 -19.826123 0.000000 2 0
0.086238 -19.875606 0.000000 2 0
0.093795 -19.925032 0.000000 2 0
0.101773 -19.974392 0.000000 2 0
0.110209 -20.023675 0.000000 2 0
0.119141 -20.072870 0.000000 2 0
0.128614 -20.121965 0.000000 2 0
0.138677 -20.170942 0.000000 2 0
0.149385 -20.219782 0.000000 2 0
0.160800 -20.268461 0.000000 2 0
0.172989 -20.316953 0.000000 2 0
0.186031 -20.365222 0.000000 2 0
0.200012 -20.413227 0.000000 2 0
0.215029 -20.460919 0.000000 2 0
0.231191 -20.508235 0.000000 2 0
0.248619 -20.555099 0.000000 2 0
0.267448 -20.601418 0.000000 2 0
0.287825 -20.647078 0.000000 2 0
0.309913 -20.691935 0.000000 2 0
0.333881 -20.735816 0.000000 2 0
0.359908 -20.778507 0.000000 2 0
0.388171 -20.819753 0.000000 2 0
0.418833 -20.859248 0.000000 2 0
0.452028 -20.896639 0.000000 2 0
0.487840 -20.931532 0.000000 2 0
0.526278 -20.963508 0.000000 2 0
0.567258 -20.992156 0.000000 2 0
0.610587 -21.017107 0.000000 2 0
0.655973 -21.038087 0.000000 2 0
0.703043 -21.054950 0.000000 2 0
0.751388 -21.067709 0.000000 2 0
0.800604 -21.076525 0.000000 2 0
0.850336 -21.081698 0.000000 2 0
0.900299 -21.083620 0.000000 2 0
0.950291 -21.082749 0.000000 2 0
1.000190 -21.079569 0.000000 2 0
1.049940 -21.074574 0.000000 2 0
1.099539 -21.068252 0.000000 2 0
1.149022 -21.061081 0.000000 2 0
1.198449 -21.053531 0.000000 2 0
1.247888 -21.046066 0.000000 2 0
1.297408 -21.039154 0.000000 2 0
1.347060 -21.033267 0.000000 2 0
1.396868 -21.028887 0.000000 2 0
1.446811 -21.026504 0.000000 2 0
0.000000 -18.507629 0.000000 3 0
0.003400 -18.557513 0.000000 3 0
0.006866 -18.607393 0.000000 3 0
0.010470 -18.657263 0.000000 3 0
0.014220 -18.707122 0.000000 3 0
0.018126 -18.756969 0.000000 3 0
0.022197 -18.806803 0.000000 3 0
0.026445 -18.856622 0.000000 3 0
0.030880 -18.906425 0.000000 3 0
0.035515 -18.956210 0.000000 3 0
0.040365 -19.005974 0.000000 3 0
0.045444 -19.055716 0.000000 3 0
0.050770 -19.105431 0.000000 3 0
0.056360 -19.155118 0.000000 3 0
0.062235 -19.204771 0.000000 3 0
0.068417 -19.254388 0.000000 3 0
0.074929 -19.303962 0.000000 3 0
0.081801 -19.353487 0.000000 3 0
0.089061 -19.402957 0.000000 3 0
0.096743 -19.452364 0.000000 3 0
0.104885 -19.501696 0.000000 3 0
0.113528 -19.550944 0.000000 3 0
0.122720 -19.600092 0.000000 3 0
0.132512 -19.649123 0.000000 3 0
0.142965 -19.698018 0.000000 3 0
0.154145 -19.746752 0.000000 3 0
0.166128 -19.795295 0.000000 3 0
0.178999 -19.843610 0.000000 3 0
0.192855 -19.891652 0.000000 3 0
0.207807 -19.939364 0.000000 3 0
0.223977 -19.986677 0.000000 3 0
0.241506 -20.033504 0.000000 3 0
0.260551 -20.079735 0.000000 3 0
0.281285 -20.125233 0.000000 3 0
0.303901 -20.169826 0.000000 3 0
0.328602 -20.213298 0.000000 3 0
0.355600 -20.255383 0.000000 3 0
0.385102 -20.295752 0.000000 3 0
0.417292 -20.334011 0.000000 3 0
0.452305 -20.369706 0.000000 3 0
0.490194 -20.402331 0.000000 3 0
0.530899 -20.431367 0.000000 3 0
0.574220 -20.456333 0.000000 3 0
0.619817 -20.476849 0.000000 3 0
0.667238 -20.492701 0.000000 3 0
0.715973 -20.503875 0.000000 3 0
0.765524 -20.510563 0.000000 3 0
0.815458 -20.513127 0.000000 3 0
0.865446 -20.512048 0.000000 3 0
0.915272 -20.507871 0.000000 3 0
0.964819 -20.501162 0.000000 3 0
1.014060 -20.492482 0.000000 3 0
1.063027 -20.482371 0.000000 3 0
1.111797 -20.471349 0.000000 3 0
1.160473 -20.459918 0.000000 3 0
1.209169 -20.448572 0.000000 3 0
1.257996 -20.437808 0.000000 3 0
1.307051 -20.428133 0.000000 3 0
1.356398 -20.420074 0.000000 3 0
1.406049 -20.414179 0.000000 3 0
1.455949 -20.411012 0.000000 3 0
0.000000 -13.488795 0.000000 4 0
0.004265 -13.538612 0.000000 4 0
0.008614 -13.588423 0.000000 4 0
0.013139 -13.638218 0.000000 4 0
0.017852 -13.687995 0.000000 4 0
0.022764 -13.737753 0.000000 4 0
0.027887 -13.787490 0.000000 4 0
0.033237 -13.837203 0.000000 4 0
0.038828 -13.886890 0.000000 4 0
0.044676 -13.936546 0.000000 4 0
0.050801 -13.986170 0.000000 4 0
0.057221 -14.035756 0.000000 4 0
0.063959 -14.085300 0.000000 4 0
0.071039 -14.134796 0.000000 4 0
0.078487 -14.184238 0.000000 4 0
0.086332 -14.233619 0.000000 4 0
0.094606 -14.282930 0.000000 4 0
0.103346 -14.332160 0.000000 4 0
0.112590 -14.381298 0.000000 4 0
0.122383 -14.430330 0.000000 4 0
0.132773 -14.479238 0.000000 4 0
0.143816 -14.528003 0.000000 4 0
0.155572 -14.576601 0.000000 4 0
0.168111 -14.625004 0.000000 4 0
0.181508 -14.673176 0.000000 4 0
0.195849 -14.721075 0.000000 4 0
0.211231 -14.768650 0.000000 4 0
0.227761 -14.815839 0.000000 4 0
0.245558 -14.862564 0.000000 4 0
0.264755 -14.908732 0.000000 4 0
0.285498 -14.954226 0.000000 4 0
0.307946 -14.998904 0.000000 4 0
0.332267 -15.042590 0.000000 4 0
0.358637 -15.085071 0.000000 4 0
0.387231 -15.126088 0.000000 4 0
0.418211 -15.165334 0.000000 4 0
0.451711 -15.202452 0.000000 4 0
0.487816 -15.237041 0.000000 4 0
0.526541 -15.268670 0.000000 4 0
0.567802 -15.296910 0.000000 4 0
0.611412 -15.321368 0.000000 4 0
0.657074 -15.341738 0.000000 4 0
0.704411 -15.357839 0.000000 4 0
0.752997 -15.369646 0.000000 4 0
0.802409 -15.377291 0.000000 4 0
0.852268 -15.381041 0.000000 4 0
0.902268 -15.381268 0.000000 4 0
0.952186 -15.378407 0.000000 4 0
1.001884 -15.372921 0.000000 4 0
1.051297 -15.365281 0.000000 4 0
1.100418 -15.355947 0.000000 4 0
1.149284 -15.345361 0.000000 4 0
1.197964 -15.333949 0.000000 4 0
1.246546 -15.322124 0.000000 4 0
1.295126 -15.310292 0.000000 4 0
1.343801 -15.298857 0.000000 4 0
1.392659 -15.288234 0.000000 4 0
1.441770 -15.278846 0.000000 4 0
1.491172 -15.271136 0.000000 4 0
1.540860 -15.265564 0.000000 4 0
1.590772 -15.262598 0.000000 4 0
0.000000 -13.096868 0.000000 5 0
0.004033 -13.146705 0.000000 5 0
0.008147 -13.196535 0.000000 5 0
0.012431 -13.246352 0.000000 5 0
0.016895 -13.296152 0.000000 5 0
0.021552 -13.345934 0.000000 5 0
0.026415 -13.395697 0.000000 5 0
0.031496 -13.445439 0.000000 5 0
0.036812 -13.495155 0.000000 5 0
0.042379 -13.544844 0.000000 5 0
0.048215 -13.594503 0.000000 5 0
0.054340 -13.644126 0.000000 5 0
0.060776 -13.693710 0.000000 5 0
0.067547 -13.743249 0.000000 5 0
0.074680 -13.792738 0.000000 5 0
0.082205 -13.842169 0.000000 5 0
0.090154 -13.891533 0.000000 5 0
0.098564 -13.940820 0.000000 5 0
0.107476 -13.990020 0.000000 5 0
0.116935 -14.039117 0.000000 5 0
0.126993 -14.088095 0.000000 5 0
0.137706 -14.136933 0.000000 5 0
0.149140 -14.185609 0.000000 5 0
0.161366 -14.234091 0.000000 5 0
0.174467 -14.282344 0.000000 5 0
0.188535 -14.330324 0.000000 5 0
0.203674 -14.377977 0.000000 5 0
0.220003 -14.425236 0.000000 5 0
0.237652 -14.472017 0.000000 5 0
0.256771 -14.518217 0.000000 5 0
0.277524 -14.563707 0.000000 5 0
0.300092 -14.608324 0.000000 5 0
0.324668 -14.651868 0.000000 5 0
0.351454 -14.694087 0.000000 5 0
0.380652 -14.734676 0.000000 5 0
0.412447 -14.773265 0.000000 5 0
0.446983 -14.809421 0.000000 5 0
0.484338 -14.842657 0.000000 5 0
0.524488 -14.872455 0.000000 5 0
0.567283 -14.898313 0.000000 5 0
0.612431 -14.919798 0.000000 5 0
0.659518 -14.936616 0.000000 5 0
0.708047 -14.948654 0.000000 5 0
0.757504 -14.956003 0.000000 5 0
0.807418 -14.958934 0.000000 5 0
0.857407 -14.957858 0.000000 5 0
0.907196 -14.953270 0.000000 5 0
0.956619 -14.945700 0.000000 5 0
1.005605 -14.935679 0.000000 5 0
1.054153 -14.923719 0.000000 5 0
1.102320 -14.910304 0.000000 5 0
1.150197 -14.895891 0.000000 5 0
1.197901 -14.880912 0.000000 5 0
1.245560 -14.865790 0.000000 5 0
1.293304 -14.850941 0.000000 5 0
1.341260 -14.836791 0.000000 5 0
1.389537 -14.823778 0.000000 5 0
1.438217 -14.812367 0.000000 5 0
1.487342 -14.803052 0.000000 5 0
1.536891 -14.796351 0.000000 5 0
1.586764 -14.792799 0.000000 5 0
0.000000 -9.528706 0.000000 6 0
0.005088 -9.578446 0.000000 6 0
0.010279 -9.628176 0.000000 6 0
0.015688 -9.677883 0.000000 6 0
0.021327 -9.727564 0.000000 6 0
0.027213 -9.777216 0.000000 6 0
0.033361 -9.826836 0.000000 6 0
0.039790 -9.876421 0.000000 6 0
0.046519 -9.925967 0.000000 6 0
0.053569 -9.975467 0.000000 6 0
0.060964 -10.024917 0.000000 6 0
0.068730 -10.074310 0.000000 6 0
0.076894 -10.123639 0.000000 6 0
0.085489 -10.172895 0.000000 6 0
0.094548 -10.222068 0.000000 6 0
0.104109 -10.271145 0.000000 6 0
0.114215 -10.320113 0.000000 6 0
0.124912 -10.368955 0.000000 6 0
0.136252 -10.417652 0.000000 6 0
0.148293 -10.466181 0.000000 6 0
0.161099 -10.514513 0.000000 6 0
0.174741 -10.562616 0.000000 6 0
0.189300 -10.610449 0.000000 6 0
0.204865 -10.657965 0.000000 6 0
0.221534 -10.705105 0.000000 6 0
0.239417 -10.751797 0.000000 6 0
0.258636 -10.797956 0.000000 6 0
0.279323 -10.843476 0.000000 6 0
0.301624 -10.888227 0.000000 6 0
0.325691 -10.932054 0.000000 6 0
0.351687 -10.974765 0.000000 6 0
0.379772 -11.016131 0.000000 6 0
0.410103 -11.055881 0.000000 6 0
0.442814 -11.093696 0.000000 6 0
0.478005 -11.129215 0.000000 6 0
0.515719 -11.162043 0.000000 6 0
0.555923 -11.191768 0.000000 6 0
0.598493 -11.217995 0.000000 6 0
0.643203 -11.240379 0.000000 6 0
0.689738 -11.258668 0.000000 6 0
0.737718 -11.272735 0.000000 6 0
0.786736 -11.282597 0.000000 6 0
0.836397 -11.288407 0.000000 6 0
0.886356 -11.290436 0.000000 6 0
0.936336 -11.289040 0.000000 6 0
0.986141 -11.284622 0.000000 6 0
1.035647 -11.277610 0.000000 6 0
1.084797 -11.268431 0.000000 6 0
1.133587 -11.257499 0.000000 6 0
1.182053 -11.245210 0.000000 6 0
1.230261 -11.231941 0.000000 6 0
1.278294 -11.218054 0.000000 6 0
1.326248 -11.203900 0.000000 6 0
1.374226 -11.189823 0.000000 6 0
1.422326 -11.176171 0.000000 6 0
1.470640 -11.163298 0.000000 6 0
1.519246 -11.151572 0.000000 6 0
1.568196 -11.141380 0.000000 6 0
1.617510 -11.133125 0.000000 6 0
1.667161 -11.127229 0.000000 6 0
1.717064 -11.124121 0.000000 6 0
0.000000 -73.950228 0.000000 7 0
0.002235 -74.000178 0.000000 7 0
0.004507 -74.050126 0.000000 7 0
0.006857 -74.100071 0.000000 7 0
0.009289 -74.150012 0.000000 7 0
0.011808 -74.199948 0.000000 7 0
0.014418 -74.249880 0.000000 7 0
0.017124 -74.299807 0.000000 7 0
0.019932 -74.349728 0.000000 7 0
0.022847 -74.399643 0.000000 7 0
0.025876 -74.449551 0.000000 7 0
0.029025 -74.499452 0.000000 7 0
0.032302 -74.549344 0.000000 7 0
0.035714 -74.599228 0.000000 7 0
0.039271 -74.649101 0.000000 7 0
0.042981 -74.698963 0.000000 7 0
0.046855 -74.748813 0.000000 7 0
0.050903 -74.798649 0.000000 7 0
0.055137 -74.848469 0.000000 7 0
0.059572 -74.898272 0.000000 7 0
0.064220 -74.948056 0.000000 7 0
0.069097 -74.997817 0.000000 7 0
0.074222 -75.047554 0.000000 7 0
0.079612 -75.097262 0.000000 7 0
0.085289 -75.146939 0.000000 7 0
0.091276 -75.196579 0.000000 7 0
0.097599 -75.246178 0.000000 7 0
0.104287 -75.295729 0.000000 7 0
0.111370 -75.345224 0.000000 7 0
0.118884 -75.394657 0.000000 7 0
0.126870 -75.444015 0.000000 7 0
0.135372 -75.493287 0.000000 7 0
0.144438 -75.542458 0.000000 7 0
0.154127 -75.591510 0.000000 7 0
0.164500 -75.640422 0.000000 7 0
0.175629 -75.689168 0.000000 7 0
0.187596 -75.737715 0.000000 7 0
0.200492 -75.786023 0.000000 7 0
0.214420 -75.834044 0.000000 7 0
0.229497 -75.881717 0.000000 7 0
0.245856 -75.928965 0.000000 7 0
0.263643 -75.975694 0.000000 7 0
0.283023 -76.021785 0.000000 7 0
0.304176 -76.067091 0.000000 7 0
0.327293 -76.111425 0.000000 7 0
0.352577 -76.154562 0.000000 7 0
0.380225 -76.196222 0.000000 7 0
0.410421 -76.236075 0.000000 7 0
0.443306 -76.273738 0.000000 7 0
0.478962 -76.308790 0.000000 7 0
0.517374 -76.340798 0.000000 7 0
0.558416 -76.369356 0.000000 7 0
0.601841 -76.394141 0.000000 7 0
0.647299 -76.414963 0.000000 7 0
0.694377 -76.431805 0.000000 7 0
0.742651 -76.444829 0.000000 7 0
0.791734 -76.454362 0.000000 7 0
0.841310 -76.460858 0.000000 7 0
0.891150 -76.464855 0.000000 7 0
0.941107 -76.466941 0.000000 7 0
0.991101 -76.467726 0.000000 7 0
0.000000 -72.298651 0.000000 8 0
0.001982 -72.348612 0.000000 8 0
0.004000 -72.398571 0.000000 8 0
0.006091 -72.448527 0.000000 8 0
0.008261 -72.498480 0.000000 8 0
0.010512 -72.548430 0.000000 8 0
0.012852 -72.598375 0.000000 8 0
0.015283 -72.648316 0.000000 8 0
0.017813 -72.698252 0.000000 8 0
0.020447 -72.748182 0.000000 8 0
0.023191 -72.798107 0.000000 8 0
0.026053 -72.848025 0.000000 8 0
0.029041 -72.897935 0.000000 8 0
0.032162 -72.947838 0.000000 8 0
0.035426 -72.997731 0.000000 8 0
0.038844 -73.047614 0.000000 8 0
0.042425 -73.097486 0.000000 8 0
0.046182 -73.147345 0.000000 8 0
0.050129 -73.197189 0.000000 8 0
0.054280 -73.247016 0.000000 8 0
0.058650 -73.296825 0.000000 8 0
0.063259 -73.346612 0.000000 8 0
0.068125 -73.396374 0.000000 8 0
0.073271 -73.446109 0.000000 8 0
0.078722 -73.495811 0.000000 8 0
0.084504 -73.545475 0.000000 8 0
0.090650 -73.595096 0.000000 8 0
0.097193 -73.644666 0.000000 8 0
0.104172 -73.694177 0.000000 8 0
0.111633 -73.743617 0.000000 8 0
0.119625 -73.792974 0.000000 8 0
0.128207 -73.842232 0.000000 8 0
0.137443 -73.891372 0.000000 8 0
0.147409 -73.940369 0.000000 8 0
0.158190 -73.989192 0.000000 8 0
0.169888 -74.037805 0.000000 8 0
0.182614 -74.086158 0.000000 8 0
0.196503 -74.134190 0.000000 8 0
0.211705 -74.181823 0.000000 8 0
0.228395 -74.228955 0.000000 8 0
0.246773 -74.275455 0.000000 8 0
0.267062 -74.321154 0.000000 8 0
0.289510 -74.365832 0.000000 8 0
0.314382 -74.409206 0.000000 8 0
0.341948 -74.450921 0.000000 8 0
0.372456 -74.490535 0.000000 8 0
0.406101 -74.527521 0.000000 8 0
0.442972 -74.561293 0.000000 8 0
0.483004 -74.591251 0.000000 8 0
0.525944 -74.616866 0.000000 8 0
0.571362 -74.637777 0.000000 8 0
0.618699 -74.653875 0.000000 8 0
0.667368 -74.665335 0.000000 8 0
0.716839 -74.672590 0.000000 8 0
0.766704 -74.676258 0.000000 8 0
0.816698 -74.677069 0.000000 8 0
0.866682 -74.675803 0.000000 8 0
0.916616 -74.673247 0.000000 8 0
0.966523 -74.670191 0.000000 8 0
1.016446 -74.667418 0.000000 8 0
1.066417 -74.665713 0.000000 8 0
0.000000 -39.738979 0.000000 9 0
0.003162 -39.788879 0.000000 9 0
0.006382 -39.838775 0.000000 9 0
0.009726 -39.888664 0.000000 9 0
0.013201 -39.938543 0.000000 9 0
0.016815 -39.988412 0.000000 9 0
0.020575 -40.038270 0.000000 9 0
0.024492 -40.088117 0.000000 9 0
0.028574 -40.137950 0.000000 9 0
0.032833 -40.187768 0.000000 9 0
0.037281 -40.237570 0.000000 9 0
0.041930 -40.287353 0.000000 9 0
0.046794 -40.337116 0.000000 9 0
0.051889 -40.386856 0.000000 9 0
0.057230 -40.436570 0.000000 9 0
0.062837 -40.486254 0.000000 9 0
0.068728 -40.535906 0.000000 9 0
0.074928 -40.585520 0.000000 9 0
0.081459 -40.635092 0.000000 9 0
0.088349 -40.684615 0.000000 9 0
0.095628 -40.734082 0.000000 9 0
0.103330 -40.783485 0.000000 9 0
0.111491 -40.832815 0.000000 9 0
0.120152 -40.882059 0.000000 9 0
0.129361 -40.931204 0.000000 9 0
0.139169 -40.980232 0.000000 9 0
0.149635 -41.029125 0.000000 9 0
0.160824 -41.077856 0.000000 9 0
0.172811 -41.126398 0.000000 9 0
0.185679 -41.174714 0.000000 9 0
0.199522 -41.222760 0.000000 9 0
0.214447 -41.270480 0.000000 9 0
0.230573 -41.317808 0.000000 9 0
0.248035 -41.364660 0.000000 9 0
0.266982 -41.410931 0.000000 9 0
0.287581 -41.456491 0.000000 9 0
0.310010 -41.501178 0.000000 9 0
0.334463 -41.544790 0.000000 9 0
0.361136 -41.587082 0.000000 9 0
0.390220 -41.627752 0.000000 9 0
0.421887 -41.666446 0.000000 9 0
0.456263 -41.702754 0.000000 9 0
0.493404 -41.736229 0.000000 9 0
0.533268 -41.766410 0.000000 9 0
0.575693 -41.792870 0.000000 9 0
0.620395 -41.815268 0.000000 9 0
0.666991 -41.833402 0.000000 9 0
0.715038 -41.847241 0.000000 9 0
0.764088 -41.856938 0.000000 9 0
0.813743 -41.862802 0.000000 9 0
0.863683 -41.865261 0.000000 9 0
0.913681 -41.864820 0.000000 9 0
0.963602 -41.862018 0.000000 9 0
1.013389 -41.857404 0.000000 9 0
1.063042 -41.851521 0.000000 9 0
1.112602 -41.844905 0.000000 9 0
1.162134 -41.838081 0.000000 9 0
1.211709 -41.831574 0.000000 9 0
1.261387 -41.825910 0.000000 9 0
1.311203 -41.821626 0.000000 9 0
1.361147 -41.819269 0.000000 9 0
0.000000 -29.107476 0.000000 10 0
0.003823 -29.157329 0.000000 10 0
0.007720 -29.207177 0.000000 10 0
0.011771 -29.257013 0.000000 10 0
0.015987 -29.306835 0.000000 10 0
0.020378 -29.356642 0.000000 10 0
0.024954 -29.406432 0.000000 10 0
0.029727 -29.456203 0.000000 10 0
0.034711 -29.505954 0.000000 10 0
0.039920 -29.555682 0.000000 10 0
0.045370 -29.605384 0.000000 10 0
0.051076 -29.655058 0.000000 10 0
0.057059 -29.704698 0.000000 10 0
0.063337 -29.754303 0.000000 10 0
0.069934 -29.803866 0.000000 10 0
0.076874 -29.853382 0.000000 10 0
0.084185 -29.902844 0.000000 10 0
0.091896 -29.952246 0.000000 10 0
0.100041 -30.001578 0.000000 10 0
0.108656 -30.050830 0.000000 10 0
0.117783 -30.099990 0.000000 10 0
0.127469 -30.149043 0.000000 10 0
0.137763 -30.197972 0.000000 10 0
0.148724 -30.246756 0.000000 10 0
0.160416 -30.295370 0.000000 10 0
0.172911 -30.343783 0.000000 10 0
0.186290 -30.391960 0.000000 10 0
0.200644 -30.439855 0.000000 10 0
0.216076 -30.487414 0.000000 10 0
0.232700 -30.534570 0.000000 10 0
0.250644 -30.581239 0.000000 10 0
0.270050 -30.627319 0.000000 10 0
0.291074 -30.672685 0.000000 10 0
0.313885 -30.717178 0.000000 10 0
0.338663 -30.760606 0.000000 10 0
0.365593 -30.802735 0.000000 10 0
0.394854 -30.843279 0.000000 10 0
0.426607 -30.881901 0.000000 10 0
0.460978 -30.918214 0.000000 10 0
0.498029 -30.951789 0.000000 10 0
0.537733 -30.982179 0.000000 10 0
0.579960 -31.008954 0.000000 10 0
0.624461 -31.031750 0.000000 10 0
0.670886 -31.050317 0.000000 10 0
0.718815 -31.064558 0.000000 10 0
0.767808 -31.074543 0.000000 10 0
0.817452 -31.080499 0.000000 10 0
0.867400 -31.082780 0.000000 10 0
0.917390 -31.081820 0.000000 10 0
0.967252 -31.078105 0.000000 10 0
1.016894 -31.072130 0.000000 10 0
1.066291 -31.064390 0.000000 10 0
1.115470 -31.055363 0.000000 10 0
1.164490 -31.045515 0.000000 10 0
1.213435 -31.035298 0.000000 10 0
1.262396 -31.025159 0.000000 10 0
1.311463 -31.015544 0.000000 10 0
1.360712 -31.006910 0.000000 10 0
1.410193 -30.999726 0.000000 10 0
1.459917 -30.994478 0.000000 10 0
1.509838 -30.991662 0.000000 10 0
0.000000 -21.308038 0.000000 11 0
0.004660 -21.357820 0.000000 11 0
0.009412 -21.407594 0.000000 11 0
0.014358 -21.457348 0.000000 11 0
0.019511 -21.507082 0.000000 11 0
0.024883 -21.556793 0.000000 11 0
0.030489 -21.606477 0.000000 11 0
0.036344 -21.656133 0.000000 11 0
0.042466 -21.705757 0.000000 11 0
0.048872 -21.755345 0.000000 11 0
0.055583 -21.804893 0.000000 11 0
0.062621 -21.854395 0.000000 11 0
0.070011 -21.903846 0.000000 11 0
0.077778 -21.953239 0.000000 11 0
0.085953 -22.002566 0.000000 11 0
0.094568 -22.051818 0.000000 11 0
0.103658 -22.100985 0.000000 11 0
0.113264 -22.150054 0.000000 11 0
0.123429 -22.199009 0.000000 11 0
0.134202 -22.247835 0.000000 11 0
0.145638 -22.296510 0.000000 11 0
0.157797 -22.345009 0.000000 11 0
0.170747 -22.393303 0.000000 11 0
0.184563 -22.441356 0.000000 11 0
0.199329 -22.489126 0.000000 11 0
0.215140 -22.536560 0.000000 11 0
0.232098 -22.583596 0.000000 11 0
0.250321 -22.630158 0.000000 11 0
0.269934 -22.676150 0.000000 11 0
0.291079 -22.721459 0.000000 11 0
0.313904 -22.765945 0.000000 11 0
0.338570 -22.809437 0.000000 11 0
0.365240 -22.851731 0.000000 11 0
0.394077 -22.892577 0.000000 11 0
0.425230 -22.931686 0.000000 11 0
0.458822 -22.968720 0.000000 11 0
0.494933 -23.003304 0.000000 11 0
0.533573 -23.035036 0.000000 11 0
0.574672 -23.063512 0.000000 11 0
0.618060 -23.088362 0.000000 11 0
0.663471 -23.109286 0.000000 11 0
0.710560 -23.126096 0.000000 11 0
0.758935 -23.138743 0.000000 11 0
0.808194 -23.147317 0.000000 11 0
0.857971 -23.152038 0.000000 11 0
0.907956 -23.153231 0.000000 11 0
0.957918 -23.151286 0.000000 11 0
1.007701 -23.146628 0.000000 11 0
1.057218 -23.139697 0.000000 11 0
1.106443 -23.130925 0.000000 11 0
1.155393 -23.120732 0.000000 11 0
1.204120 -23.109520 0.000000 11 0
1.252697 -23.097680 0.000000 11 0
1.301214 -23.085590 0.000000 11 0
1.349761 -23.073624 0.000000 11 0
1.398429 -23.062160 0.000000 11 0
1.447297 -23.051583 0.000000 11 0
1.496426 -23.042291 0.000000 11 0
1.545847 -23.034699 0.000000 11 0
1.595547 -23.029234 0.000000 11 0
1.645463 -23.026336 0.000000 11 0
0.000000 -20.785468 0.000000 12 0
0.004299 -20.835283 0.000000 12 0
0.008686 -20.885090 0.000000 12 0
0.013257 -20.934881 0.000000 12 0
0.018024 -20.984653 0.000000 12 0
0.023000 -21.034405 0.000000 12 0
0.028199 -21.084134 0.000000 12 0
0.033637 -21.133837 0.000000 12 0
0.039329 -21.183512 0.000000 12 0
0.045295 -21.233155 0.000000 12 0
0.051554 -21.282762 0.000000 12 0
0.058129 -21.332328 0.000000 12 0
0.065045 -21.381847 0.000000 12 0
0.072327 -21.431314 0.000000 12 0
0.080007 -21.480720 0.000000 12 0
0.088118 -21.530058 0.000000 12 0
0.096695 -21.579317 0.000000 12 0
0.105781 -21.628485 0.000000 12 0
0.115421 -21.677547 0.000000 12 0
0.125666 -21.726486 0.000000 12 0
0.136574 -21.775281 0.000000 12 0
0.148211 -21.823908 0.000000 12 0
0.160648 -21.872337 0.000000 12 0
0.173967 -21.920530 0.000000 12 0
0.188263 -21.968443 0.000000 12 0
0.203638 -22.016020 0.000000 12 0
0.220210 -22.063194 0.000000 12 0
0.238112 -22.109879 0.000000 12 0
0.257492 -22.155971 0.000000 12 0
0.278512 -22.201338 0.000000 12 0
0.301353 -22.245816 0.000000 12 0
0.326207 -22.289201 0.000000 12 0
0.353273 -22.331242 0.000000 12 0
0.382750 -22.371628 0.000000 12 0
0.414819 -22.409990 0.000000 12 0
0.449620 -22.445891 0.000000 12 0
0.487225 -22.478844 0.000000 12 0
0.527605 -22.508329 0.000000 12 0
0.570606 -22.533844 0.000000 12 0
0.615930 -22.554956 0.000000 12 0
0.663160 -22.571367 0.000000 12 0
0.711796 -22.582965 0.000000 12 0
0.761322 -22.589832 0.000000 12 0
0.811264 -22.592236 0.000000 12 0
0.861237 -22.590581 0.000000 12 0
0.910963 -22.585353 0.000000 12 0
0.960273 -22.577076 0.000000 12 0
1.009092 -22.566270 0.000000 12 0
1.057417 -22.553437 0.000000 12 0
1.105301 -22.539047 0.000000 12 0
1.152836 -22.523540 0.000000 12 0
1.200136 -22.507333 0.000000 12 0
1.247332 -22.490823 0.000000 12 0
1.294558 -22.474401 0.000000 12 0
1.341948 -22.458459 0.000000 12 0
1.389628 -22.443403 0.000000 12 0
1.437701 -22.429658 0.000000 12 0
1.486245 -22.417678 0.000000 12 0
1.535289 -22.407949 0.000000 12 0
1.584801 -22.400980 0.000000 12 0
1.634665 -22.397299 0.000000 12 0
0.000000 -15.197174 0.000000 13 0
0.005308 -15.246892 0.000000 13 0
0.010725 -15.296597 0.000000 13 0
0.016374 -15.346277 0.000000 13 0
0.022269 -15.395929 0.000000 13 0
0.028427 -15.445548 0.000000 13 0
0.034866 -15.495132 0.000000 13 0
0.041606 -15.544675 0.000000 13 0
0.048667 -15.594174 0.000000 13 0
0.056073 -15.643623 0.000000 13 0
0.063850 -15.693014 0.000000 13 0
0.072027 -15.742341 0.000000 13 0
0.080635 -15.791594 0.000000 13 0
0.089708 -15.840764 0.000000 13 0
0.099285 -15.889839 0.000000 13 0
0.109407 -15.938803 0.000000 13 0
0.120123 -15.987642 0.000000 13 0
0.131483 -16.036334 0.000000 13 0
0.143547 -16.084857 0.000000 13 0
0.156379 -16.133182 0.000000 13 0
0.170052 -16.181276 0.000000 13 0
0.184646 -16.229099 0.000000 13 0
0.200252 -16.276601 0.000000 13 0
0.216970 -16.323723 0.000000 13 0
0.234911 -16.370394 0.000000 13 0
0.254200 -16.416523 0.000000 13 0
0.274972 -16.462004 0.000000 13 0
0.297374 -16.506705 0.000000 13 0
0.321565 -16.550463 0.000000 13 0
0.347709 -16.593083 0.000000 13 0
0.375974 -16.634328 0.000000 13 0
0.406519 -16.673913 0.000000 13 0
0.439482 -16.711509 0.000000 13 0
0.474965 -16.746736 0.000000 13 0
0.513009 -16.779181 0.000000 13 0
0.553574 -16.808412 0.000000 13 0
0.596523 -16.834014 0.000000 13 0
0.641610 -16.855628 0.000000 13 0
0.688497 -16.872994 0.000000 13 0
0.736779 -16.885989 0.000000 13 0
0.786025 -16.894640 0.000000 13 0
0.835824 -16.899117 0.000000 13 0
0.885820 -16.899713 0.000000 13 0
0.935735 -16.896802 0.000000 13 0
0.985374 -16.890804 0.000000 13 0
1.034621 -16.882157 0.000000 13 0
1.083426 -16.871293 0.000000 13 0
1.131796 -16.858628 0.000000 13 0
1.179774 -16.844553 0.000000 13 0
1.227435 -16.829438 0.000000 13 0
1.274872 -16.813635 0.000000 13 0
1.322190 -16.797480 0.000000 13 0
1.369501 -16.781303 0.000000 13 0
1.416915 -16.765434 0.000000 13 0
1.464540 -16.750207 0.000000 13 0
1.512471 -16.735971 0.000000 13 0
1.560784 -16.723093 0.000000 13 0
1.609530 -16.711964 0.000000 13 0
1.658718 -16.702994 0.000000 13 0
1.708310 -16.696614 0.000000 13 0
1.758197 -16.693263 0.000000 13 0
0.000000 -84.452479 0.000000 14 0
0.007176 -84.501961 0.000000 14 0
0.014428 -84.551433 0.000000 14 0
0.021838 -84.600881 0.000000 14 0
0.029411 -84.650304 0.000000 14 0
0.037152 -84.699701 0.000000 14 0
0.045069 -84.749070 0.000000 14 0
0.053168 -84.798410 0.000000 14 0
0.061456 -84.847718 0.000000 14 0
0.069939 -84.896993 0.000000 14 0
0.078626 -84.946233 0.000000 14 0
0.087525 -84.995434 0.000000 14 0
0.096644 -85.044596 0.000000 14 0
0.105992 -85.093714 0.000000 14 0
0.115580 -85.142786 0.000000 14 0
0.125416 -85.191809 0.000000 14 0
0.135513 -85.240779 0.000000 14 0
0.145880 -85.289693 0.000000 14 0
0.156532 -85.338545 0.000000 14 0
0.167479 -85.387332 0.000000 14 0
0.178737 -85.436048 0.000000 14 0
0.190320 -85.484688 0.000000 14 0
0.202243 -85.533245 0.000000 14 0
0.214523 -85.581714 0.000000 14 0
0.227179 -85.630086 0.000000 14 0
0.240228 -85.678353 0.000000 14 0
0.253692 -85.726506 0.000000 14 0
0.267592 -85.774535 0.000000 14 0
0.281952 -85.822428 0.000000 14 0
0.296798 -85.870174 0.000000 14 0
0.312156 -85.917757 0.000000 14 0
0.328055 -85.965161 0.000000 14 0
0.344528 -86.012370 0.000000 14 0
0.361607 -86.059362 0.000000 14 0
0.379330 -86.106116 0.000000 14 0
0.397736 -86.152605 0.000000 14 0
0.416868 -86.198800 0.000000 14 0
0.436771 -86.244668 0.000000 14 0
0.457495 -86.290171 0.000000 14 0
0.479094 -86.335265 0.000000 14 0
0.501624 -86.379901 0.000000 14 0
0.525148 -86.424022 0.000000 14 0
0.549730 -86.467561 0.000000 14 0
0.575442 -86.510444 0.000000 14 0
0.602356 -86.552582 0.000000 14 0
0.630551 -86.593875 0.000000 14 0
0.660106 -86.634205 0.000000 14 0
0.691102 -86.673438 0.000000 14 0
0.723620 -86.711419 0.000000 14 0
0.757736 -86.747971 0.000000 14 0
0.793520 -86.782893 0.000000 14 0
0.831027 -86.815957 0.000000 14 0
0.870294 -86.846910 0.000000 14 0
0.911329 -86.875478 0.000000 14 0
0.954107 -86.901364 0.000000 14 0
0.998554 -86.924265 0.000000 14 0
1.044546 -86.943879 0.000000 14 0
1.091902 -86.959923 0.000000 14 0
1.140383 -86.972154 0.000000 14 0
1.189701 -86.980382 0.000000 14 0
1.239532 -86.984495 0.000000 14 0
0.000000 -82.800902 0.000000 15 0
0.005102 -82.850641 0.000000 15 0
0.010281 -82.900372 0.000000 15 0
0.015622 -82.950086 0.000000 15 0
0.021132 -82.999782 0.000000 15 0
0.026819 -83.049457 0.000000 15 0
0.032691 -83.099111 0.000000 15 0
0.038758 -83.148742 0.000000 15 0
0.045029 -83.198347 0.000000 15 0
0.051515 -83.247925 0.000000 15 0
0.058227 -83.297472 0.000000 15 0
0.065176 -83.346987 0.000000 15 0
0.072376 -83.396466 0.000000 15 0
0.079840 -83.445905 0.000000 15 0
0.087582 -83.495302 0.000000 15 0
0.095618 -83.544652 0.000000 15 0
0.103965 -83.593951 0.000000 15 0
0.112640 -83.643192 0.000000 15 0
0.121662 -83.692372 0.000000 15 0
0.131054 -83.741482 0.000000 15 0
0.140836 -83.790516 0.000000 15 0
0.151032 -83.839465 0.000000 15 0
0.161670 -83.888320 0.000000 15 0
0.172776 -83.937071 0.000000 15 0
0.184381 -83.985706 0.000000 15 0
0.196518 -84.034210 0.000000 15 0
0.209221 -84.082570 0.000000 15 0
0.222528 -84.130766 0.000000 15 0
0.236482 -84.178780 0.000000 15 0
0.251126 -84.226587 0.000000 15 0
0.266507 -84.274163 0.000000 15 0
0.282678 -84.321475 0.000000 15 0
0.299694 -84.368491 0.000000 15 0
0.317614 -84.415169 0.000000 15 0
0.336501 -84.461465 0.000000 15 0
0.356424 -84.507324 0.000000 15 0
0.377453 -84.552687 0.000000 15 0
0.399664 -84.597483 0.000000 15 0
0.423134 -84.641632 0.000000 15 0
0.447942 -84.685044 0.000000 15 0
0.474168 -84.727613 0.000000 15 0
0.501892 -84.769224 0.000000 15 0
0.531187 -84.809743 0.000000 15 0
0.562120 -84.849025 0.000000 15 0
0.594749 -84.886912 0.000000 15 0
0.629113 -84.923231 0.000000 15 0
0.665235 -84.957803 0.000000 15 0
0.703109 -84.990446 0.000000 15 0
0.742704 -85.020978 0.000000 15 0
0.783958 -85.049229 0.000000 15 0
0.826775 -85.075050 0.000000 15 0
0.871030 -85.098319 0.000000 15 0
0.916575 -85.118951 0.000000 15 0
0.963240 -85.136905 0.000000 15 0
1.010848 -85.152186 0.000000 15 0
1.059219 -85.164843 0.000000 15 0
1.108182 -85.174974 0.000000 15 0
1.157580 -85.182710 0.000000 15 0
1.207276 -85.188217 0.000000 15 0
1.257156 -85.191686 0.000000 15 0
1.307129 -85.193322 0.000000 15 0
0.000000 -81.149326 0.000000 16 0
0.003955 -81.199169 0.000000 16 0
0.007980 -81.249007 0.000000 16 0
0.012152 -81.298832 0.000000 16 0
0.016479 -81.348645 0.000000 16 0
0.020969 -81.398443 0.000000 16 0
0.025632 -81.448225 0.000000 16 0
0.030478 -81.497989 0.000000 16 0
0.035518 -81.547735 0.000000 16 0
0.040764 -81.597459 0.000000 16 0
0.046228 -81.647159 0.000000 16 0
0.051924 -81.696834 0.000000 16 0
0.057867 -81.746479 0.000000 16 0
0.064074 -81.796093 0.000000 16 0
0.070561 -81.845670 0.000000 16 0
0.077348 -81.895207 0.000000 16 0
0.084457 -81.944699 0.000000 16 0
0.091909 -81.994141 0.000000 16 0
0.099729 -82.043525 0.000000 16 0
0.107946 -82.092846 0.000000 16 0
0.116589 -82.142093 0.000000 16 0
0.125691 -82.191258 0.000000 16 0
0.135288 -82.240328 0.000000 16 0
0.145421 -82.289290 0.000000 16 0
0.156133 -82.338130 0.000000 16 0
0.167472 -82.386827 0.000000 16 0
0.179493 -82.435360 0.000000 16 0
0.192255 -82.483704 0.000000 16 0
0.205824 -82.531828 0.000000 16 0
0.220271 -82.579695 0.000000 16 0
0.235676 -82.627263 0.000000 16 0
0.252127 -82.674479 0.000000 16 0
0.269721 -82.721281 0.000000 16 0
0.288561 -82.767596 0.000000 16 0
0.308762 -82.813333 0.000000 16 0
0.330444 -82.858388 0.000000 16 0
0.353734 -82.902632 0.000000 16 0
0.378765 -82.945916 0.000000 16 0
0.405667 -82.988061 0.000000 16 0
0.434565 -83.028865 0.000000 16 0
0.465571 -83.068090 0.000000 16 0
0.498769 -83.105479 0.000000 16 0
0.534210 -83.140748 0.000000 16 0
0.571896 -83.173608 0.000000 16 0
0.611768 -83.203777 0.000000 16 0
0.653706 -83.231003 0.000000 16 0
0.697523 -83.255088 0.000000 16 0
0.742982 -83.275907 0.000000 16 0
0.789811 -83.293430 0.000000 16 0
0.837725 -83.307720 0.000000 16 0
0.886451 -83.318937 0.000000 16 0
0.935744 -83.327319 0.000000 16 0
0.985401 -83.333165 0.000000 16 0
1.035267 -83.336822 0.000000 16 0
1.085233 -83.338659 0.000000 16 0
1.135231 -83.339065 0.000000 16 0
1.185227 -83.338432 0.000000 16 0
1.235211 -83.337153 0.000000 16 0
1.285187 -83.335623 0.000000 16 0
1.335168 -83.334234 0.000000 16 0
1.385161 -83.333382 0.000000 16 0
0.000000 -59.623312 0.000000 17 0
0.004297 -59.673127 0.000000 17 0
0.008678 -59.722934 0.000000 17 0
0.013232 -59.772727 0.000000 17 0
0.017970 -59.822502 0.000000 17 0
0.022904 -59.872257 0.000000 17 0
0.028047 -59.921992 0.000000 17 0
0.033410 -59.971704 0.000000 17 0
0.039010 -60.021389 0.000000 17 0
0.044862 -60.071046 0.000000 17 0
0.050983 -60.120670 0.000000 17 0
0.057392 -60.170257 0.000000 17 0
0.064109 -60.219804 0.000000 17 0
0.071158 -60.269305 0.000000 17 0
0.078562 -60.318753 0.000000 17 0
0.086350 -60.368143 0.000000 17 0
0.094551 -60.417466 0.000000 17 0
0.103199 -60.466712 0.000000 17 0
0.112329 -60.515872 0.000000 17 0
0.121984 -60.564931 0.000000 17 0
0.132207 -60.613874 0.000000 17 0
0.143049 -60.662685 0.000000 17 0
0.154566 -60.711340 0.000000 17 0
0.166819 -60.759816 0.000000 17 0
0.179877 -60.808080 0.000000 17 0
0.193819 -60.856097 0.000000 17 0
0.208729 -60.903822 0.000000 17 0
0.224704 -60.951202 0.000000 17 0
0.241849 -60.998170 0.000000 17 0
0.260282 -61.044648 0.000000 17 0
0.280133 -61.090539 0.000000 17 0
0.301540 -61.135725 0.000000 17 0
0.324656 -61.180061 0.000000 17 0
0.349637 -61.223372 0.000000 17 0
0.376646 -61.265450 0.000000 17 0
0.405838 -61.306044 0.000000 17 0
0.437354 -61.344860 0.000000 17 0
0.471304 -61.381567 0.000000 17 0
0.507752 -61.415795 0.000000 17 0
0.546691 -61.447160 0.000000 17 0
0.588030 -61.475286 0.000000 17 0
0.631588 -61.499836 0.000000 17 0
0.677093 -61.520556 0.000000 17 0
0.724204 -61.537305 0.000000 17 0
0.772546 -61.550073 0.000000 17 0
0.821746 -61.558986 0.000000 17 0
0.871464 -61.564288 0.000000 17 0
0.921422 -61.566315 0.000000 17 0
0.971415 -61.565463 0.000000 17 0
1.021306 -61.562158 0.000000 17 0
1.071022 -61.556839 0.000000 17 0
1.120544 -61.549941 0.000000 17 0
1.169892 -61.541890 0.000000 17 0
1.219113 -61.533101 0.000000 17 0
1.268274 -61.523979 0.000000 17 0
1.317448 -61.514927 0.000000 17 0
1.366706 -61.506347 0.000000 17 0
1.416110 -61.498648 0.000000 17 0
1.465699 -61.492249 0.000000 17 0
1.515480 -61.487578 0.000000 17 0
1.565417 -61.485074 0.000000 17 0
0.000000 -43.788472 0.000000 18 0
0.004832 -43.838238 0.000000 18 0
0.009762 -43.887994 0.000000 18 0
0.014899 -43.937730 0.000000 18 0
0.020256 -43.987442 0.000000 18 0
0.025846 -44.037128 0.000000 18 0
0.031687 -44.086786 0.000000 18 0
0.037794 -44.136412 0.000000 18 0
0.044187 -44.186001 0.000000 18 0
0.050886 -44.235550 0.000000 18 0
0.057913 -44.285054 0.000000 18 0
0.065293 -44.334507 0.000000 18 0
0.073053 -44.383901 0.000000 18 0
0.081223 -44.433229 0.000000 18 0
0.089836 -44.482481 0.000000 18 0
0.098928 -44.531648 0.000000 18 0
0.108541 -44.580715 0.000000 18 0
0.118717 -44.629668 0.000000 18 0
0.129509 -44.678490 0.000000 18 0
0.140971 -44.727158 0.000000 18 0
0.153167 -44.775648 0.000000 18 0
0.166164 -44.823929 0.000000 18 0
0.180042 -44.871965 0.000000 18 0
0.194888 -44.919710 0.000000 18 0
0.210798 -44.967111 0.000000 18 0
0.227882 -45.014102 0.000000 18 0
0.246260 -45.060602 0.000000 18 0
0.266065 -45.106512 0.000000 18 0
0.287444 -45.151711 0.000000 18 0
0.310556 -45.196049 0.000000 18 0
0.335569 -45.239343 0.000000 18 0
0.362654 -45.281371 0.000000 18 0
0.391984 -45.321865 0.000000 18 0
0.423713 -45.360508 0.000000 18 0
0.457968 -45.396931 0.000000 18 0
0.494819 -45.430724 0.000000 18 0
0.534265 -45.461449 0.000000 18 0
0.576205 -45.488670 0.000000 18 0
0.620431 -45.511996 0.000000 18 0
0.666628 -45.531124 0.000000 18 0
0.714401 -45.545880 0.000000 18 0
0.763314 -45.556247 0.000000 18 0
0.812939 -45.562363 0.000000 18 0
0.862893 -45.564501 0.000000 18 0
0.912871 -45.563029 0.000000 18 0
0.962654 -45.558377 0.000000 18 0
1.012107 -45.550998 0.000000 18 0
1.061166 -45.541346 0.000000 18 0
1.109829 -45.529859 0.000000 18 0
1.158135 -45.516955 0.000000 18 0
1.206157 -45.503030 0.000000 18 0
1.253988 -45.488462 0.000000 18 0
1.301733 -45.473616 0.000000 18 0
1.349503 -45.458850 0.000000 18 0
1.397407 -45.444526 0.000000 18 0
1.445546 -45.431014 0.000000 18 0
1.494006 -45.418698 0.000000 18 0
1.542845 -45.407985 0.000000 18 0
1.592085 -45.399301 0.000000 18 0
1.641698 -45.393095 0.000000 18 0
1.691591 -45.389821 0.000000 18 0
0.000000 -32.144595 0.000000 19 0
0.005566 -32.194284 0.000000 19 0
0.011248 -32.243960 0.000000 19 0
0.017177 -32.293607 0.000000 19 0
0.023370 -32.343223 0.000000 19 0
0.029843 -32.392802 0.000000 19 0
0.036617 -32.442341 0.000000 19 0
0.043712 -32.491835 0.000000 19 0
0.051153 -32.541278 0.000000 19 0
0.058965 -32.590664 0.000000 19 0
0.067177 -32.639985 0.000000 19 0
0.075818 -32.689233 0.000000 19 0
0.084925 -32.738396 0.000000 19 0
0.094535 -32.787464 0.000000 19 0
0.104689 -32.836422 0.000000 19 0
0.115436 -32.885254 0.000000 19 0
0.126827 -32.933939 0.000000 19 0
0.138919 -32.982454 0.000000 19 0
0.151778 -33.030773 0.000000 19 0
0.165476 -33.078860 0.000000 19 0
0.180093 -33.126675 0.000000 19 0
0.195719 -33.174171 0.000000 19 0
0.212454 -33.221287 0.000000 19 0
0.230410 -33.267952 0.000000 19 0
0.249710 -33.314077 0.000000 19 0
0.270489 -33.359555 0.000000 19 0
0.292895 -33.404253 0.000000 19 0
0.317087 -33.448011 0.000000 19 0
0.343231 -33.490631 0.000000 19 0
0.371495 -33.531876 0.000000 19 0
0.402040 -33.571462 0.000000 19 0
0.435008 -33.609053 0.000000 19 0
0.470503 -33.644268 0.000000 19 0
0.508571 -33.676685 0.000000 19 0
0.549174 -33.705864 0.000000 19 0
0.592175 -33.731376 0.000000 19 0
0.637329 -33.752850 0.000000 19 0
0.684291 -33.770012 0.000000 19 0
0.732648 -33.782725 0.000000 19 0
0.781958 -33.791007 0.000000 19 0
0.831796 -33.795025 0.000000 19 0
0.881796 -33.795069 0.000000 19 0
0.931669 -33.791516 0.000000 19 0
0.981215 -33.784788 0.000000 19 0
1.030311 -33.775326 0.000000 19 0
1.078908 -33.763562 0.000000 19 0
1.127008 -33.749911 0.000000 19 0
1.174658 -33.734761 0.000000 19 0
1.221931 -33.718475 0.000000 19 0
1.268924 -33.701397 0.000000 19 0
1.315744 -33.683850 0.000000 19 0
1.362506 -33.666150 0.000000 19 0
1.409328 -33.648607 0.000000 19 0
1.456324 -33.631538 0.000000 19 0
1.503603 -33.615268 0.000000 19 0
1.551258 -33.600137 0.000000 19 0
1.599366 -33.586511 0.000000 19 0
1.647970 -33.574779 0.000000 19 0
1.697074 -33.565355 0.000000 19 0
1.746625 -33.558671 0.000000 19 0
1.796502 -33.555169 0.000000 19 0
0.000000 -23.585877 0.000000 20 0
0.006524 -23.635450 0.000000 20 0
0.013188 -23.685004 0.000000 20 0
0.020148 -23.734517 0.000000 20 0
0.027425 -23.783984 0.000000 20 0
0.035040 -23.833401 0.000000 20 0
0.043017 -23.882761 0.000000 20 0
0.051383 -23.932056 0.000000 20 0
0.060167 -23.981278 0.000000 20 0
0.069400 -24.030418 0.000000 20 0
0.079118 -24.079465 0.000000 20 0
0.089359 -24.128405 0.000000 20 0
0.100165 -24.177223 0.000000 20 0
0.111584 -24.225902 0.000000 20 0
0.123667 -24.274420 0.000000 20 0
0.136474 -24.322752 0.000000 20 0
0.150067 -24.370869 0.000000 20 0
0.164518 -24.418735 0.000000 20 0
0.179906 -24.466308 0.000000 20 0
0.196319 -24.513537 0.000000 20 0
0.213855 -24.560361 0.000000 20 0
0.232619 -24.606707 0.000000 20 0
0.252731 -24.652484 0.000000 20 0
0.274318 -24.697584 0.000000 20 0
0.297518 -24.741875 0.000000 20 0
0.322479 -24.785199 0.000000 20 0
0.349351 -24.827364 0.000000 20 0
0.378287 -24.868141 0.000000 20 0
0.409428 -24.907259 0.000000 20 0
0.442897 -24.944404 0.000000 20 0
0.478781 -24.979223 0.000000 20 0
0.517113 -25.011327 0.000000 20 0
0.557853 -25.040315 0.000000 20 0
0.600873 -25.065796 0.000000 20 0
0.645952 -25.087426 0.000000 20 0
0.692782 -25.104947 0.000000 20 0
0.740989 -25.118214 0.000000 20 0
0.790172 -25.127217 0.000000 20 0
0.839935 -25.132078 0.000000 20 0
0.889926 -25.133030 0.000000 20 0
0.939857 -25.130393 0.000000 20 0
0.989513 -25.124539 0.000000 20 0
1.038754 -25.115862 0.000000 20 0
1.087506 -25.104759 0.000000 20 0
1.135746 -25.091612 0.000000 20 0
1.183497 -25.076783 0.000000 20 0
1.230810 -25.060613 0.000000 20 0
1.277760 -25.043417 0.000000 20 0
1.324437 -25.025495 0.000000 20 0
1.370943 -25.007131 0.000000 20 0
1.417382 -24.988599 0.000000 20 0
1.463862 -24.970172 0.000000 20 0
1.510491 -24.952123 0.000000 20 0
1.557370 -24.934734 0.000000 20 0
1.604592 -24.918299 0.000000 20 0
1.652236 -24.903132 0.000000 20 0
1.700360 -24.889566 0.000000 20 0
1.748994 -24.877958 0.000000 20 0
1.798127 -24.868686 0.000000 20 0
1.847697 -24.862145 0.000000 20 0
1.897581 -24.858732 0.000000 20 0
0.000000 -53.412036 0.000000 21 0
0.010167 -53.363080 0.000000 21 0
0.020591 -53.314179 0.000000 21 0
0.031562 -53.265397 0.000000 21 0
0.043124 -53.216753 0.000000 21 0
0.055326 -53.168264 0.000000 21 0
0.068222 -53.119956 0.000000 21 0
0.081871 -53.071855 0.000000 21 0
0.096341 -53.023994 0.000000 21 0
0.111704 -52.976413 0.000000 21 0
0.128043 -52.929158 0.000000 21 0
0.145448 -52.882286 0.000000 21 0
0.164021 -52.835863 0.000000 21 0
0.183873 -52.789973 0.000000 21 0
0.205126 -52.744715 0.000000 21 0
0.227914 -52.700209 0.000000 21 0
0.252379 -52.656604 0.000000 21 0
0.278673 -52.614076 0.000000 21 0
0.306953 -52.572842 0.000000 21 0
0.337374 -52.533161 0.000000 21 0
0.370076 -52.495338 0.000000 21 0
0.405179 -52.459732 0.000000 21 0
0.442755 -52.426747 0.000000 21 0
0.482812 -52.396823 0.000000 21 0
0.525270 -52.370416 0.000000 21 0
0.569946 -52.347965 0.000000 21 0
0.616547 -52.329844 0.000000 21 0
0.664684 -52.316324 0.000000 21 0
0.713906 -52.307534 0.000000 21 0
0.763738 -52.303449 0.000000 21 0
0.813736 -52.303894 0.000000 21 0
0.863517 -52.308577 0.000000 21 0
0.912780 -52.317127 0.000000 21 0
0.961317 -52.329133 0.000000 21 0
1.009002 -52.344173 0.000000 21 0
1.055775 -52.361844 0.000000 21 0
1.101634 -52.381768 0.000000 21 0
1.146614 -52.403603 0.000000 21 0
1.190780 -52.427043 0.000000 21 0
1.234213 -52.451812 0.000000 21 0
1.277010 -52.477667 0.000000 21 0
1.319270 -52.504388 0.000000 21 0
1.361101 -52.531778 0.000000 21 0
1.402610 -52.559652 0.000000 21 0
1.443907 -52.587841 0.000000 21 0
1.485100 -52.616180 0.000000 21 0
1.526301 -52.644509 0.000000 21 0
1.567617 -52.672668 0.000000 21 0
1.609160 -52.700493 0.000000 21 0
1.651037 -52.727811 0.000000 21 0
1.693357 -52.754438 0.000000 21 0
1.736226 -52.780174 0.000000 21 0
1.779743 -52.804795 0.000000 21 0
1.824004 -52.828054 0.000000 21 0
1.869088 -52.849675 0.000000 21 0
1.915056 -52.869344 0.000000 21 0
1.961942 -52.886716 0.000000 21 0
2.009734 -52.901410 0.000000 21 0
2.058368 -52.913018 0.000000 21 0
2.107707 -52.921120 0.000000 21 0
2.157531 -52.925307 0.000000 21 0
0.000000 -69.977365 0.000000 22 0
0.011376 -69.928676 0.000000 22 0
0.023036 -69.880055 0.000000 22 0
0.035300 -69.831582 0.000000 22 0
0.048216 -69.783279 0.000000 22 0
0.061836 -69.735170 0.000000 22 0
0.076217 -69.687283 0.000000 22 0
0.091423 -69.639651 0.000000 22 0
0.107523 -69.592314 0.000000 22 0
0.124593 -69.545318 0.000000 22 0
0.142719 -69.498720 0.000000 22 0
0.161993 -69.452584 0.000000 22 0
0.182515 -69.406989 0.000000 22 0
0.204395 -69.362031 0.000000 22 0
0.227751 -69.317821 0.000000 22 0
0.252707 -69.274495 0.000000 22 0
0.279395 -69.232213 0.000000 22 0
0.307946 -69.191166 0.000000 22 0
0.338490 -69.151580 0.000000 22 0
0.371145 -69.113716 0.000000 22 0
0.406008 -69.077876 0.000000 22 0
0.443143 -69.044394 0.000000 22 0
0.482562 -69.013635 0.000000 22 0
0.524215 -68.985976 0.000000 22 0
0.567974 -68.961785 0.000000 22 0
0.613626 -68.941392 0.000000 22 0
0.660882 -68.925057 0.000000 22 0
0.709394 -68.912946 0.000000 22 0
0.758775 -68.905108 0.000000 22 0
0.808643 -68.901474 0.000000 22 0
0.858641 -68.901869 0.000000 22 0
0.908468 -68.906036 0.000000 22 0
0.957883 -68.913660 0.000000 22 0
1.006717 -68.924396 0.000000 22 0
1.054860 -68.937895 0.000000 22 0
1.102259 -68.953812 0.000000 22 0
1.148901 -68.971825 0.000000 22 0
1.194810 -68.991635 0.000000 22 0
1.240031 -69.012967 0.000000 22 0
1.284628 -69.035574 0.000000 22 0
1.328678 -69.059230 0.000000 22 0
1.372265 -69.083728 0.000000 22 0
1.415479 -69.108879 0.000000 22 0
1.458412 -69.134506 0.000000 22 0
1.501159 -69.160443 0.000000 22 0
1.543816 -69.186527 0.000000 22 0
1.586478 -69.212602 0.000000 22 0
1.629243 -69.238510 0.000000 22 0
1.672205 -69.264088 0.000000 22 0
1.715459 -69.289170 0.000000 22 0
1.759098 -69.313576 0.000000 22 0
1.803210 -69.337115 0.000000 22 0
1.847879 -69.359580 0.000000 22 0
1.893180 -69.380741 0.000000 22 0
1.939176 -69.400348 0.000000 22 0
1.985910 -69.418123 0.000000 22 0
2.033400 -69.433764 0.000000 22 0
2.081631 -69.446945 0.000000 22 0
2.130543 -69.457322 0.000000 22 0
2.180018 -69.464544 0.000000 22 0
2.229880 -69.468269 0.000000 22 0
0.000000 -91.651577 0.000000 23 0
0.016537 -91.604391 0.000000 23 0
0.033461 -91.557342 0.000000 23 0
0.051202 -91.510595 0.000000 23 0
0.069816 -91.464189 0.000000 23 0
0.089359 -91.418167 0.000000 23 0
0.109895 -91.372579 0.000000 23 0
0.131490 -91.327482 0.000000 23 0
0.154212 -91.282944 0.000000 23 0
0.178135 -91.239038 0.000000 23 0
0.203333 -91.195852 0.000000 23 0
0.229882 -91.153483 0.000000 23 0
0.257860 -91.112043 0.000000 23 0
0.287341 -91.071659 0.000000 23 0
0.318395 -91.032472 0.000000 23 0
0.351084 -90.994638 0.000000 23 0
0.385460 -90.958329 0.000000 23 0
0.421558 -90.923732 0.000000 23 0
0.459391 -90.891043 0.000000 23 0
0.498950 -90.860463 0.000000 23 0
0.540194 -90.832197 0.000000 23 0
0.583048 -90.806438 0.000000 23 0
0.627405 -90.783363 0.000000 23 0
0.673125 -90.763123 0.000000 23 0
0.720040 -90.745832 0.000000 23 0
0.767961 -90.731562 0.000000 23 0
0.816684 -90.720334 0.000000 23 0
0.866005 -90.712125 0.000000 23 0
0.915728 -90.706864 0.000000 23 0
0.965669 -90.704437 0.000000 23 0
1.015668 -90.704701 0.000000 23 0
1.065590 -90.707484 0.000000 23 0
1.115328 -90.712600 0.000000 23 0
1.164799 -90.719851 0.000000 23 0
1.213948 -90.729038 0.000000 23 0
1.262740 -90.739961 0.000000 23 0
1.311161 -90.752428 0.000000 23 0
1.359213 -90.766251 0.000000 23 0
1.406910 -90.781251 0.000000 23 0
1.454278 -90.797259 0.000000 23 0
1.501352 -90.814112 0.000000 23 0
1.548173 -90.831656 0.000000 23 0
1.594787 -90.849742 0.000000 23 0
1.641244 -90.868229 0.000000 23 0
1.687595 -90.886978 0.000000 23 0
1.733896 -90.905854 0.000000 23 0
1.780200 -90.924721 0.000000 23 0
1.826561 -90.943445 0.000000 23 0
1.873034 -90.961891 0.000000 23 0
1.919671 -90.979920 0.000000 23 0
1.966520 -90.997387 0.000000 23 0
2.013628 -91.014146 0.000000 23 0
2.061035 -91.030040 0.000000 23 0
2.108773 -91.044907 0.000000 23 0
2.156869 -91.058575 0.000000 23 0
2.205335 -91.070864 0.000000 23 0
2.254172 -91.081587 0.000000 23 0
2.303362 -91.090549 0.000000 23 0
2.352869 -91.097552 0.000000 23 0
2.402634 -91.102394 0.000000 23 0
2.452572 -91.104881 0.000000 23 0
0.000000 -90.000000 0.000000 24 0
0.050000 -90.000000 0.000000 24 0
0.100000 -90.000000 0.000000 24 0
0.150000 -90.000000 0.000000 24 0
0.200000 -90.000000 0.000000 24 0
0.250000 -90.000000 0.000000 24 0
0.300000 -90.000000 0.000000 24 0
0.350000 -90.000000 0.000000 24 0
0.400000 -90.000000 0.000000 24 0
0.450000 -90.000000 0.000000 24 0
0.500000 -90.000000 0.000000 24 0
0.550000 -90.000000 0.000000 24 0
0.600000 -90.000000 0.000000 24 0
0.650000 -90.000000 0.000000 24 0
0.700000 -90.000000 0.000000 24 0
0.750000 -90.000000 0.000000 24 0
0.800000 -90.000000 0.000000 24 0
0.850000 -90.000000 0.000000 24 0
0.900000 -90.000000 0.000000 24 0
0.950000 -90.000000 0.000000 24 0
1.000000 -90.000000 0.000000 24 0
1.050000 -90.000000 0.000000 24 0
1.100000 -90.000000 0.000000 24 0
1.150000 -90.000000 0.000000 24 0
1.200000 -90.000000 0.000000 24 0
1.250000 -90.000000 0.000000 24 0
1.300000 -90.000000 0.000000 24 0
1.350000 -90.000000 0.000000 24 0
1.400000 -90.000000 0.000000 24 0
1.450000 -90.000000 0.000000 24 0
1.500000 -90.000000 0.000000 24 0
1.550000 -90.000000 0.000000 24 0
1.600000 -90.000000 0.000000 24 0
1.650000 -90.000000 0.000000 24 0
1.700000 -90.000000 0.000000 24 0
1.750000 -90.000000 0.000000 24 0
1.800000 -90.000000 0.000000 24 0
1.850000 -90.000000 0.000000 24 0
1.900000 -90.000000 0.000000 24 0
1.950000 -90.000000 0.000000 24 0
2.000000 -90.000000 0.000000 24 0
2.050000 -90.000000 0.000000 24 0
2.100000 -90.000000 0.000000 24 0
2.150000 -90.000000 0.000000 24 0
2.200000 -90.000000 0.000000 24 0
2.250000 -90.000000 0.000000 24 0
2.300000 -90.000000 0.000000 24 0
2.350000 -90.000000 0.000000 24 0
2.400000 -90.000000 0.000000 24 0
2.450000 -90.000000 0.000000 24 0
2.500000 -90.000000 0.000000 24 0
2.550000 -90.000000 0.000000 24 0
2.600000 -90.000000 0.000000 24 0
2.650000 -90.000000 0.000000 24 0
2.700000 -90.000000 0.000000 24 0
2.750000 -90.000000 0.000000 24 0
2.800000 -90.000000 0.000000 24 0
2.850000 -90.000000 0.000000 24 0
2.900000 -90.000000 0.000000 24 0
2.950000 -90.000000 0.000000 24 0
3.000000 -90.000000 0.000000 24 0
0.000000 -88.348423 0.000000 25 0
0.016537 -88.395609 0.000000 25 0
0.033461 -88.442658 0.000000 25 0
0.051202 -88.489405 0.000000 25 0
0.069816 -88.535811 0.000000 25 0
0.089359 -88.581833 0.000000 25 0
0.109895 -88.627421 0.000000 25 0
0.131490 -88.672518 0.000000 25 0
0.154212 -88.717056 0.000000 25 0
0.178135 -88.760962 0.000000 25 0
0.203333 -88.804148 0.000000 25 0
0.229882 -88.846517 0.000000 25 0
0.257860 -88.887957 0.000000 25 0
0.287341 -88.928341 0.000000 25 0
0.318395 -88.967528 0.000000 25 0
0.351084 -89.005362 0.000000 25 0
0.385460 -89.041671 0.000000 25 0
0.421558 -89.076268 0.000000 25 0
0.459391 -89.108957 0.000000 25 0
0.498950 -89.139537 0.000000 25 0
0.540194 -89.167803 0.000000 25 0
0.583048 -89.193562 0.000000 25 0
0.627405 -89.216637 0.000000 25 0
0.673125 -89.236877 0.000000 25 0
0.720040 -89.254168 0.000000 25 0
0.767961 -89.268438 0.000000 25 0
0.816684 -89.279666 0.000000 25 0
0.866005 -89.287875 0.000000 25 0
0.915728 -89.293136 0.000000 25 0
0.965669 -89.295563 0.000000 25 0
1.015668 -89.295299 0.000000 25 0
1.065590 -89.292516 0.000000 25 0
1.115328 -89.287400 0.000000 25 0
1.164799 -89.280149 0.000000 25 0
1.213948 -89.270962 0.000000 25 0
1.262740 -89.260039 0.000000 25 0
1.311161 -89.247572 0.000000 25 0
1.359213 -89.233749 0.000000 25 0
1.406910 -89.218749 0.000000 25 0
1.454278 -89.202741 0.000000 25 0
1.501352 -89.185888 0.000000 25 0
1.548173 -89.168344 0.000000 25 0
1.594787 -89.150258 0.000000 25 0
1.641244 -89.131771 0.000000 25 0
1.687595 -89.113022 0.000000 25 0
1.733896 -89.094146 0.000000 25 0
1.780200 -89.075279 0.000000 25 0
1.826561 -89.056555 0.000000 25 0
1.873034 -89.038109 0.000000 25 0
1.919671 -89.020080 0.000000 25 0
1.966520 -89.002613 0.000000 25 0
2.013628 -88.985854 0.000000 25 0
2.061035 -88.969960 0.000000 25 0
2.108773 -88.955093 0.000000 25 0
2.156869 -88.941425 0.000000 25 0
2.205335 -88.929136 0.000000 25 0
2.254172 -88.918413 0.000000 25 0
2.303362 -88.909451 0.000000 25 0
2.352869 -88.902448 0.000000 25 0
2.402634 -88.897606 0.000000 25 0
2.452572 -88.895119 0.000000 25 0
0.000000 -65.022635 0.000000 26 0
0.011376 -65.071324 0.000000 26 0
0.023036 -65.119945 0.000000 26 0
0.035300 -65.168418 0.000000 26 0
0.048216 -65.216721 0.000000 26 0
0.061836 -65.264830 0.000000 26 0
0.076217 -65.312717 0.000000 26 0
0.091423 -65.360349 0.000000 26 0
0.107523 -65.407686 0.000000 26 0
0.124593 -65.454682 0.000000 26 0
0.142719 -65.501280 0.000000 26 0
0.161993 -65.547416 0.000000 26 0
0.182515 -65.593011 0.000000 26 0
0.204395 -65.637969 0.000000 26 0
0.227751 -65.682179 0.000000 26 0
0.252707 -65.725505 0.000000 26 0
0.279395 -65.767787 0.000000 26 0
0.307946 -65.808834 0.000000 26 0
0.338490 -65.848420 0.000000 26 0
0.371145 -65.886284 0.000000 26 0
0.406008 -65.922124 0.000000 26 0
0.443143 -65.955606 0.000000 26 0
0.482562 -65.986365 0.000000 26 0
0.524215 -66.014024 0.000000 26 0
0.567974 -66.038215 0.000000 26 0
0.613626 -66.058608 0.000000 26 0
0.660882 -66.074943 0.000000 26 0
0.709394 -66.087054 0.000000 26 0
0.758775 -66.094892 0.000000 26 0
0.808643 -66.098526 0.000000 26 0
0.858641 -66.098131 0.000000 26 0
0.908468 -66.093964 0.000000 26 0
0.957883 -66.086340 0.000000 26 0
1.006717 -66.075604 0.000000 26 0
1.054860 -66.062105 0.000000 26 0
1.102259 -66.046188 0.000000 26 0
1.148901 -66.028175 0.000000 26 0
1.194810 -66.008365 0.000000 26 0
1.240031 -65.987033 0.000000 26 0
1.284628 -65.964426 0.000000 26 0
1.328678 -65.940770 0.000000 26 0
1.372265 -65.916272 0.000000 26 0
1.415479 -65.891121 0.000000 26 0
1.458412 -65.865494 0.000000 26 0
1.501159 -65.839557 0.000000 26 0
1.543816 -65.813473 0.000000 26 0
1.586478 -65.787398 0.000000 26 0
1.629243 -65.761490 0.000000 26 0
1.672205 -65.735912 0.000000 26 0
1.715459 -65.710830 0.000000 26 0
1.759098 -65.686424 0.000000 26 0
1.803210 -65.662885 0.000000 26 0
1.847879 -65.640420 0.000000 26 0
1.893180 -65.619259 0.000000 26 0
1.939176 -65.599652 0.000000 26 0
1.985910 -65.581877 0.000000 26 0
2.033400 -65.566236 0.000000 26 0
2.081631 -65.553055 0.000000 26 0
2.130543 -65.542678 0.000000 26 0
2.180018 -65.535456 0.000000 26 0
2.229880 -65.531731 0.000000 26 0
0.000000 -47.837964 0.000000 27 0
0.010167 -47.886920 0.000000 27 0
0.020591 -47.935821 0.000000 27 0
0.031562 -47.984603 0.000000 27 0
0.043124 -48.033247 0.000000 27 0
0.055326 -48.081736 0.000000 27 0
0.068222 -48.130044 0.000000 27 0
0.081871 -48.178145 0.000000 27 0
0.096341 -48.226006 0.000000 27 0
0.111704 -48.273587 0.000000 27 0
0.128043 -48.320842 0.000000 27 0
0.145448 -48.367714 0.000000 27 0
0.164021 -48.414137 0.000000 27 0
0.183873 -48.460027 0.000000 27 0
0.205126 -48.505285 0.000000 27 0
0.227914 -48.549791 0.000000 27 0
0.252379 -48.593396 0.000000 27 0
0.278673 -48.635924 0.000000 27 0
0.306953 -48.677158 0.000000 27 0
0.337374 -48.716839 0.000000 27 0
0.370076 -48.754662 0.000000 27 0
0.405179 -48.790268 0.000000 27 0
0.442755 -48.823253 0.000000 27 0
0.482812 -48.853177 0.000000 27 0
0.525270 -48.879584 0.000000 27 0
0.569946 -48.902035 0.000000 27 0
0.616547 -48.920156 0.000000 27 0
0.664684 -48.933676 0.000000 27 0
0.713906 -48.942466 0.000000 27 0
0.763738 -48.946551 0.000000 27 0
0.813736 -48.946106 0.000000 27 0
0.863517 -48.941423 0.000000 27 0
0.912780 -48.932873 0.000000 27 0
0.961317 -48.920867 0.000000 27 0
1.009002 -48.905827 0.000000 27 0
1.055775 -48.888156 0.000000 27 0
1.101634 -48.868232 0.000000 27 0
1.146614 -48.846397 0.000000 27 0
1.190780 -48.822957 0.000000 27 0
1.234213 -48.798188 0.000000 27 0
1.277010 -48.772333 0.000000 27 0
1.319270 -48.745612 0.000000 27 0
1.361101 -48.718222 0.000000 27 0
1.402610 -48.690348 0.000000 27 0
1.443907 -48.662159 0.000000 27 0
1.485100 -48.633820 0.000000 27 0
1.526301 -48.605491 0.000000 27 0
1.567617 -48.577332 0.000000 27 0
1.609160 -48.549507 0.000000 27 0
1.651037 -48.522189 0.000000 27 0
1.693357 -48.495562 0.000000 27 0
1.736226 -48.469826 0.000000 27 0
1.779743 -48.445205 0.000000 27 0
1.824004 -48.421946 0.000000 27 0
1.869088 -48.400325 0.000000 27 0
1.915056 -48.380656 0.000000 27 0
1.961942 -48.363284 0.000000 27 0
2.009734 -48.348590 0.000000 27 0
2.058368 -48.336982 0.000000 27 0
2.107707 -48.328880 0.000000 27 0
2.157531 -48.324693 0.000000 27 0
0.000000 -33.367248 0.000000 28 0
0.006524 -33.317675 0.000000 28 0
0.013188 -33.268121 0.000000 28 0
0.020148 -33.218608 0.000000 28 0
0.027425 -33.169141 0.000000 28 0
0.035040 -33.119724 0.000000 28 0
0.043017 -33.070364 0.000000 28 0
0.051383 -33.021069 0.000000 28 0
0.060167 -32.971847 0.000000 28 0
0.069400 -32.922707 0.000000 28 0
0.079118 -32.873660 0.000000 28 0
0.089359 -32.824720 0.000000 28 0
0.100165 -32.775902 0.000000 28 0
0.111584 -32.727223 0.000000 28 0
0.123667 -32.678705 0.000000 28 0
0.136474 -32.630373 0.000000 28 0
0.150067 -32.582256 0.000000 28 0
0.164518 -32.534390 0.000000 28 0
0.179906 -32.486817 0.000000 28 0
0.196319 -32.439588 0.000000 28 0
0.213855 -32.392764 0.000000 28 0
0.232619 -32.346418 0.000000 28 0
0.252731 -32.300641 0.000000 28 0
0.274318 -32.255541 0.000000 28 0
0.297518 -32.211250 0.000000 28 0
0.322479 -32.167926 0.000000 28 0
0.349351 -32.125761 0.000000 28 0
0.378287 -32.084984 0.000000 28 0
0.409428 -32.045866 0.000000 28 0
0.442897 -32.008721 0.000000 28 0
0.478781 -31.973902 0.000000 28 0
0.517113 -31.941798 0.000000 28 0
0.557853 -31.912810 0.000000 28 0
0.600873 -31.887329 0.000000 28 0
0.645952 -31.865699 0.000000 28 0
0.692782 -31.848178 0.000000 28 0
0.740989 -31.834911 0.000000 28 0
0.790172 -31.825908 0.000000 28 0
0.839935 -31.821047 0.000000 28 0
0.889926 -31.820095 0.000000 28 0
0.939857 -31.822732 0.000000 28 0
0.989513 -31.828586 0.000000 28 0
1.038754 -31.837263 0.000000 28 0
1.087506 -31.848366 0.000000 28 0
1.135746 -31.861513 0.000000 28 0
1.183497 -31.876342 0.000000 28 0
1.230810 -31.892512 0.000000 28 0
1.277760 -31.909708 0.000000 28 0
1.324437 -31.927630 0.000000 28 0
1.370943 -31.945994 0.000000 28 0
1.417382 -31.964526 0.000000 28 0
1.463862 -31.982953 0.000000 28 0
1.510491 -32.001002 0.000000 28 0
1.557370 -32.018391 0.000000 28 0
1.604592 -32.034826 0.000000 28 0
1.652236 -32.049993 0.000000 28 0
1.700360 -32.063559 0.000000 28 0
1.748994 -32.075167 0.000000 28 0
1.798127 -32.084439 0.000000 28 0
1.847697 -32.090980 0.000000 28 0
1.897581 -32.094393 0.000000 28 0
0.000000 -43.792905 0.000000 29 0
0.005566 -43.743216 0.000000 29 0
0.011248 -43.693540 0.000000 29 0
0.017177 -43.643893 0.000000 29 0
0.023370 -43.594277 0.000000 29 0
0.029843 -43.544698 0.000000 29 0
0.036617 -43.495159 0.000000 29 0
0.043712 -43.445665 0.000000 29 0
0.051153 -43.396222 0.000000 29 0
0.058965 -43.346836 0.000000 29 0
0.067177 -43.297515 0.000000 29 0
0.075818 -43.248267 0.000000 29 0
0.084925 -43.199104 0.000000 29 0
0.094535 -43.150036 0.000000 29 0
0.104689 -43.101078 0.000000 29 0
0.115436 -43.052246 0.000000 29 0
0.126827 -43.003561 0.000000 29 0
0.138919 -42.955046 0.000000 29 0
0.151778 -42.906727 0.000000 29 0
0.165476 -42.858640 0.000000 29 0
0.180093 -42.810825 0.000000 29 0
0.195719 -42.763329 0.000000 29 0
0.212454 -42.716213 0.000000 29 0
0.230410 -42.669548 0.000000 29 0
0.249710 -42.623423 0.000000 29 0
0.270489 -42.577945 0.000000 29 0
0.292895 -42.533247 0.000000 29 0
0.317087 -42.489489 0.000000 29 0
0.343231 -42.446869 0.000000 29 0
0.371495 -42.405624 0.000000 29 0
0.402040 -42.366038 0.000000 29 0
0.435008 -42.328447 0.000000 29 0
0.470503 -42.293232 0.000000 29 0
0.508571 -42.260815 0.000000 29 0
0.549174 -42.231636 0.000000 29 0
0.592175 -42.206124 0.000000 29 0
0.637329 -42.184650 0.000000 29 0
0.684291 -42.167488 0.000000 29 0
0.732648 -42.154775 0.000000 29 0
0.781958 -42.146493 0.000000 29 0
0.831796 -42.142475 0.000000 29 0
0.881796 -42.142431 0.000000 29 0
0.931669 -42.145984 0.000000 29 0
0.981215 -42.152712 0.000000 29 0
1.030311 -42.162174 0.000000 29 0
1.078908 -42.173938 0.000000 29 0
1.127008 -42.187589 0.000000 29 0
1.174658 -42.202739 0.000000 29 0
1.221931 -42.219025 0.000000 29 0
1.268924 -42.236103 0.000000 29 0
1.315744 -42.253650 0.000000 29 0
1.362506 -42.271350 0.000000 29 0
1.409328 -42.288893 0.000000 29 0
1.456324 -42.305962 0.000000 29 0
1.503603 -42.322232 0.000000 29 0
1.551258 -42.337363 0.000000 29 0
1.599366 -42.350989 0.000000 29 0
1.647970 -42.362721 0.000000 29 0
1.697074 -42.372145 0.000000 29 0
1.746625 -42.378829 0.000000 29 0
1.796502 -42.382331 0.000000 29 0
0.000000 -57.461528 0.000000 30 0
0.004832 -57.411762 0.000000 30 0
0.009762 -57.362006 0.000000 30 0
0.014899 -57.312270 0.000000 30 0
0.020256 -57.262558 0.000000 30 0
0.025846 -57.212872 0.000000 30 0
0.031687 -57.163214 0.000000 30 0
0.037794 -57.113588 0.000000 30 0
0.044187 -57.063999 0.000000 30 0
0.050886 -57.014450 0.000000 30 0
0.057913 -56.964946 0.000000 30 0
0.065293 -56.915493 0.000000 30 0
0.073053 -56.866099 0.000000 30 0
0.081223 -56.816771 0.000000 30 0
0.089836 -56.767519 0.000000 30 0
0.098928 -56.718352 0.000000 30 0
0.108541 -56.669285 0.000000 30 0
0.118717 -56.620332 0.000000 30 0
0.129509 -56.571510 0.000000 30 0
0.140971 -56.522842 0.000000 30 0
0.153167 -56.474352 0.000000 30 0
0.166164 -56.426071 0.000000 30 0
0.180042 -56.378035 0.000000 30 0
0.194888 -56.330290 0.000000 30 0
0.210798 -56.282889 0.000000 30 0
0.227882 -56.235898 0.000000 30 0
0.246260 -56.189398 0.000000 30 0
0.266065 -56.143488 0.000000 30 0
0.287444 -56.098289 0.000000 30 0
0.310556 -56.053951 0.000000 30 0
0.335569 -56.010657 0.000000 30 0
0.362654 -55.968629 0.000000 30 0
0.391984 -55.928135 0.000000 30 0
0.423713 -55.889492 0.000000 30 0
0.457968 -55.853069 0.000000 30 0
0.494819 -55.819276 0.000000 30 0
0.534265 -55.788551 0.000000 30 0
0.576205 -55.761330 0.000000 30 0
0.620431 -55.738004 0.000000 30 0
0.666628 -55.718876 0.000000 30 0
0.714401 -55.704120 0.000000 30 0
0.763314 -55.693753 0.000000 30 0
0.812939 -55.687637 0.000000 30 0
0.862893 -55.685499 0.000000 30 0
0.912871 -55.686971 0.000000 30 0
0.962654 -55.691623 0.000000 30 0
1.012107 -55.699002 0.000000 30 0
1.061166 -55.708654 0.000000 30 0
1.109829 -55.720141 0.000000 30 0
1.158135 -55.733045 0.000000 30 0
1.206157 -55.746970 0.000000 30 0
1.253988 -55.761538 0.000000 30 0
1.301733 -55.776384 0.000000 30 0
1.349503 -55.791150 0.000000 30 0
1.397407 -55.805474 0.000000 30 0
1.445546 -55.818986 0.000000 30 0
1.494006 -55.831302 0.000000 30 0
1.542845 -55.842015 0.000000 30 0
1.592085 -55.850699 0.000000 30 0
1.641698 -55.856905 0.000000 30 0
1.691591 -55.860179 0.000000 30 0
0.000000 -75.376688 0.000000 31 0
0.004297 -75.326873 0.000000 31 0
0.008678 -75.277066 0.000000 31 0
0.013232 -75.227273 0.000000 31 0
0.017970 -75.177498 0.000000 31 0
0.022904 -75.127743 0.000000 31 0
0.028047 -75.078008 0.000000 31 0
0.033410 -75.028296 0.000000 31 0
0.039010 -74.978611 0.000000 31 0
0.044862 -74.928954 0.000000 31 0
0.050983 -74.879330 0.000000 31 0
0.057392 -74.829743 0.000000 31 0
0.064109 -74.780196 0.000000 31 0
0.071158 -74.730695 0.000000 31 0
0.078562 -74.681247 0.000000 31 0
0.086350 -74.631857 0.000000 31 0
0.094551 -74.582534 0.000000 31 0
0.103199 -74.533288 0.000000 31 0
0.112329 -74.484128 0.000000 31 0
0.121984 -74.435069 0.000000 31 0
0.132207 -74.386126 0.000000 31 0
0.143049 -74.337315 0.000000 31 0
0.154566 -74.288660 0.000000 31 0
0.166819 -74.240184 0.000000 31 0
0.179877 -74.191920 0.000000 31 0
0.193819 -74.143903 0.000000 31 0
0.208729 -74.096178 0.000000 31 0
0.224704 -74.048798 0.000000 31 0
0.241849 -74.001830 0.000000 31 0
0.260282 -73.955352 0.000000 31 0
0.280133 -73.909461 0.000000 31 0
0.301540 -73.864275 0.000000 31 0
0.324656 -73.819939 0.000000 31 0
0.349637 -73.776628 0.000000 31 0
0.376646 -73.734550 0.000000 31 0
0.405838 -73.693956 0.000000 31 0
0.437354 -73.655140 0.000000 31 0
0.471304 -73.618433 0.000000 31 0
0.507752 -73.584205 0.000000 31 0
0.546691 -73.552840 0.000000 31 0
0.588030 -73.524714 0.000000 31 0
0.631588 -73.500164 0.000000 31 0
0.677093 -73.479444 0.000000 31 0
0.724204 -73.462695 0.000000 31 0
0.772546 -73.449927 0.000000 31 0
0.821746 -73.441014 0.000000 31 0
0.871464 -73.435712 0.000000 31 0
0.921422 -73.433685 0.000000 31 0
0.971415 -73.434537 0.000000 31 0
1.021306 -73.437842 0.000000 31 0
1.071022 -73.443161 0.000000 31 0
1.120544 -73.450059 0.000000 31 0
1.169892 -73.458110 0.000000 31 0
1.219113 -73.466899 0.000000 31 0
1.268274 -73.476021 0.000000 31 0
1.317448 -73.485073 0.000000 31 0
1.366706 -73.493653 0.000000 31 0
1.416110 -73.501352 0.000000 31 0
1.465699 -73.507751 0.000000 31 0
1.515480 -73.512422 0.000000 31 0
1.565417 -73.514926 0.000000 31 0
0.000000 -98.850674 0.000000 32 0
0.003955 -98.800831 0.000000 32 0
0.007980 -98.750993 0.000000 32 0
0.012152 -98.701168 0.000000 32 0
0.016479 -98.651355 0.000000 32 0
0.020969 -98.601557 0.000000 32 0
0.025632 -98.551775 0.000000 32 0
0.030478 -98.502011 0.000000 32 0
0.035518 -98.452265 0.000000 32 0
0.040764 -98.402541 0.000000 32 0
0.046228 -98.352841 0.000000 32 0
0.051924 -98.303166 0.000000 32 0
0.057867 -98.253521 0.000000 32 0
0.064074 -98.203907 0.000000 32 0
0.070561 -98.154330 0.000000 32 0
0.077348 -98.104793 0.000000 32 0
0.084457 -98.055301 0.000000 32 0
0.091909 -98.005859 0.000000 32 0
0.099729 -97.956475 0.000000 32 0
0.107946 -97.907154 0.000000 32 0
0.116589 -97.857907 0.000000 32 0
0.125691 -97.808742 0.000000 32 0
0.135288 -97.759672 0.000000 32 0
0.145421 -97.710710 0.000000 32 0
0.156133 -97.661870 0.000000 32 0
0.167472 -97.613173 0.000000 32 0
0.179493 -97.564640 0.000000 32 0
0.192255 -97.516296 0.000000 32 0
0.205824 -97.468172 0.000000 32 0
0.220271 -97.420305 0.000000 32 0
0.235676 -97.372737 0.000000 32 0
0.252127 -97.325521 0.000000 32 0
0.269721 -97.278719 0.000000 32 0
0.288561 -97.232404 0.000000 32 0
0.308762 -97.186667 0.000000 32 0
0.330444 -97.141612 0.000000 32 0
0.353734 -97.097368 0.000000 32 0
0.378765 -97.054084 0.000000 32 0
0.405667 -97.011939 0.000000 32 0
0.434565 -96.971135 0.000000 32 0
0.465571 -96.931910 0.000000 32 0
0.498769 -96.894521 0.000000 32 0
0.534210 -96.859252 0.000000 32 0
0.571896 -96.826392 0.000000 32 0
0.611768 -96.796223 0.000000 32 0
0.653706 -96.768997 0.000000 32 0
0.697523 -96.744912 0.000000 32 0
0.742982 -96.724093 0.000000 32 0
0.789811 -96.706570 0.000000 32 0
0.837725 -96.692280 0.000000 32 0
0.886451 -96.681063 0.000000 32 0
0.935744 -96.672681 0.000000 32 0
0.985401 -96.666835 0.000000 32 0
1.035267 -96.663178 0.000000 32 0
1.085233 -96.661341 0.000000 32 0
1.135231 -96.660935 0.000000 32 0
1.185227 -96.661568 0.000000 32 0
1.235211 -96.662847 0.000000 32 0
1.285187 -96.664377 0.000000 32 0
1.335168 -96.665766 0.000000 32 0
1.385161 -96.666618 0.000000 32 0
0.000000 -97.199098 0.000000 33 0
0.005102 -97.149359 0.000000 33 0
0.010281 -97.099628 0.000000 33 0
0.015622 -97.049914 0.000000 33 0
0.021132 -97.000218 0.000000 33 0
0.026819 -96.950543 0.000000 33 0
0.032691 -96.900889 0.000000 33 0
0.038758 -96.851258 0.000000 33 0
0.045029 -96.801653 0.000000 33 0
0.051515 -96.752075 0.000000 33 0
0.058227 -96.702528 0.000000 33 0
0.065176 -96.653013 0.000000 33 0
0.072376 -96.603534 0.000000 33 0
0.079840 -96.554095 0.000000 33 0
0.087582 -96.504698 0.000000 33 0
0.095618 -96.455348 0.000000 33 0
0.103965 -96.406049 0.000000 33 0
0.112640 -96.356808 0.000000 33 0
0.121662 -96.307628 0.000000 33 0
0.131054 -96.258518 0.000000 33 0
0.140836 -96.209484 0.000000 33 0
0.151032 -96.160535 0.000000 33 0
0.161670 -96.111680 0.000000 33 0
0.172776 -96.062929 0.000000 33 0
0.184381 -96.014294 0.000000 33 0
0.196518 -95.965790 0.000000 33 0
0.209221 -95.917430 0.000000 33 0
0.222528 -95.869234 0.000000 33 0
0.236482 -95.821220 0.000000 33 0
0.251126 -95.773413 0.000000 33 0
0.266507 -95.725837 0.000000 33 0
0.282678 -95.678525 0.000000 33 0
0.299694 -95.631509 0.000000 33 0
0.317614 -95.584831 0.000000 33 0
0.336501 -95.538535 0.000000 33 0
0.356424 -95.492676 0.000000 33 0
0.377453 -95.447313 0.000000 33 0
0.399664 -95.402517 0.000000 33 0
0.423134 -95.358368 0.000000 33 0
0.447942 -95.314956 0.000000 33 0
0.474168 -95.272387 0.000000 33 0
0.501892 -95.230776 0.000000 33 0
0.531187 -95.190257 0.000000 33 0
0.562120 -95.150975 0.000000 33 0
0.594749 -95.113088 0.000000 33 0
0.629113 -95.076769 0.000000 33 0
0.665235 -95.042197 0.000000 33 0
0.703109 -95.009554 0.000000 33 0
0.742704 -94.979022 0.000000 33 0
0.783958 -94.950771 0.000000 33 0
0.826775 -94.924950 0.000000 33 0
0.871030 -94.901681 0.000000 33 0
0.916575 -94.881049 0.000000 33 0
0.963240 -94.863095 0.000000 33 0
1.010848 -94.847814 0.000000 33 0
1.059219 -94.835157 0.000000 33 0
1.108182 -94.825026 0.000000 33 0
1.157580 -94.817290 0.000000 33 0
1.207276 -94.811783 0.000000 33 0
1.257156 -94.808314 0.000000 33 0
1.307129 -94.806678 0.000000 33 0
0.000000 -95.547521 0.000000 34 0
0.007176 -95.498039 0.000000 34 0
0.014428 -95.448567 0.000000 34 0
0.021838 -95.399119 0.000000 34 0
0.029411 -95.349696 0.000000 34 0
0.037152 -95.300299 0.000000 34 0
0.045069 -95.250930 0.000000 34 0
0.053168 -95.201590 0.000000 34 0
0.061456 -95.152282 0.000000 34 0
0.069939 -95.103007 0.000000 34 0
0.078626 -95.053767 0.000000 34 0
0.087525 -95.004566 0.000000 34 0
0.096644 -94.955404 0.000000 34 0
0.105992 -94.906286 0.000000 34 0
0.115580 -94.857214 0.000000 34 0
0.125416 -94.808191 0.000000 34 0
0.135513 -94.759221 0.000000 34 0
0.145880 -94.710307 0.000000 34 0
0.156532 -94.661455 0.000000 34 0
0.167479 -94.612668 0.000000 34 0
0.178737 -94.563952 0.000000 34 0
0.190320 -94.515312 0.000000 34 0
0.202243 -94.466755 0.000000 34 0
0.214523 -94.418286 0.000000 34 0
0.227179 -94.369914 0.000000 34 0
0.240228 -94.321647 0.000000 34 0
0.253692 -94.273494 0.000000 34 0
0.267592 -94.225465 0.000000 34 0
0.281952 -94.177572 0.000000 34 0
0.296798 -94.129826 0.000000 34 0
0.312156 -94.082243 0.000000 34 0
0.328055 -94.034839 0.000000 34 0
0.344528 -93.987630 0.000000 34 0
0.361607 -93.940638 0.000000 34 0
0.379330 -93.893884 0.000000 34 0
0.397736 -93.847395 0.000000 34 0
0.416868 -93.801200 0.000000 34 0
0.436771 -93.755332 0.000000 34 0
0.457495 -93.709829 0.000000 34 0
0.479094 -93.664735 0.000000 34 0
0.501624 -93.620099 0.000000 34 0
0.525148 -93.575978 0.000000 34 0
0.549730 -93.532439 0.000000 34 0
0.575442 -93.489556 0.000000 34 0
0.602356 -93.447418 0.000000 34 0
0.630551 -93.406125 0.000000 34 0
0.660106 -93.365795 0.000000 34 0
0.691102 -93.326562 0.000000 34 0
0.723620 -93.288581 0.000000 34 0
0.757736 -93.252029 0.000000 34 0
0.793520 -93.217107 0.000000 34 0
0.831027 -93.184043 0.000000 34 0
0.870294 -93.153090 0.000000 34 0
0.911329 -93.124522 0.000000 34 0
0.954107 -93.098636 0.000000 34 0
0.998554 -93.075735 0.000000 34 0
1.044546 -93.056121 0.000000 34 0
1.091902 -93.040077 0.000000 34 0
1.140383 -93.027846 0.000000 34 0
1.189701 -93.019618 0.000000 34 0
1.239532 -93.015505 0.000000 34 0
0.000000 -27.517669 0.000000 35 0
0.005308 -27.467952 0.000000 35 0
0.010725 -27.418246 0.000000 35 0
0.016374 -27.368566 0.000000 35 0
0.022269 -27.318915 0.000000 35 0
0.028427 -27.269296 0.000000 35 0
0.034866 -27.219712 0.000000 35 0
0.041606 -27.170168 0.000000 35 0
0.048667 -27.120669 0.000000 35 0
0.056073 -27.071221 0.000000 35 0
0.063850 -27.021830 0.000000 35 0
0.072027 -26.972503 0.000000 35 0
0.080635 -26.923249 0.000000 35 0
0.089708 -26.874079 0.000000 35 0
0.099285 -26.825005 0.000000 35 0
0.109407 -26.776040 0.000000 35 0
0.120123 -26.727202 0.000000 35 0
0.131483 -26.678510 0.000000 35 0
0.143547 -26.629987 0.000000 35 0
0.156379 -26.581662 0.000000 35 0
0.170052 -26.533568 0.000000 35 0
0.184646 -26.485745 0.000000 35 0
0.200252 -26.438243 0.000000 35 0
0.216970 -26.391120 0.000000 35 0
0.234911 -26.344450 0.000000 35 0
0.254200 -26.298321 0.000000 35 0
0.274972 -26.252839 0.000000 35 0
0.297374 -26.208139 0.000000 35 0
0.321565 -26.164380 0.000000 35 0
0.347709 -26.121760 0.000000 35 0
0.375974 -26.080516 0.000000 35 0
0.406519 -26.040930 0.000000 35 0
0.439482 -26.003335 0.000000 35 0
0.474965 -25.968108 0.000000 35 0
0.513009 -25.935663 0.000000 35 0
0.553574 -25.906432 0.000000 35 0
0.596523 -25.880830 0.000000 35 0
0.641610 -25.859216 0.000000 35 0
0.688497 -25.841850 0.000000 35 0
0.736779 -25.828855 0.000000 35 0
0.786025 -25.820204 0.000000 35 0
0.835824 -25.815726 0.000000 35 0
0.885820 -25.815131 0.000000 35 0
0.935735 -25.818042 0.000000 35 0
0.985374 -25.824040 0.000000 35 0
1.034621 -25.832687 0.000000 35 0
1.083426 -25.843551 0.000000 35 0
1.131796 -25.856216 0.000000 35 0
1.179774 -25.870291 0.000000 35 0
1.227435 -25.885405 0.000000 35 0
1.274872 -25.901209 0.000000 35 0
1.322190 -25.917363 0.000000 35 0
1.369501 -25.933540 0.000000 35 0
1.416915 -25.949410 0.000000 35 0
1.464540 -25.964637 0.000000 35 0
1.512471 -25.978873 0.000000 35 0
1.560784 -25.991750 0.000000 35 0
1.609530 -26.002880 0.000000 35 0
1.658718 -26.011850 0.000000 35 0
1.708310 -26.018230 0.000000 35 0
1.758197 -26.021581 0.000000 35 0
0.000000 -36.167657 0.000000 36 0
0.004299 -36.117842 0.000000 36 0
0.008686 -36.068035 0.000000 36 0
0.013257 -36.018244 0.000000 36 0
0.018024 -35.968472 0.000000 36 0
0.023000 -35.918720 0.000000 36 0
0.028199 -35.868991 0.000000 36 0
0.033637 -35.819288 0.000000 36 0
0.039329 -35.769613 0.000000 36 0
0.045295 -35.719970 0.000000 36 0
0.051554 -35.670363 0.000000 36 0
0.058129 -35.620797 0.000000 36 0
0.065045 -35.571278 0.000000 36 0
0.072327 -35.521811 0.000000 36 0
0.080007 -35.472405 0.000000 36 0
0.088118 -35.423067 0.000000 36 0
0.096695 -35.373808 0.000000 36 0
0.105781 -35.324640 0.000000 36 0
0.115421 -35.275578 0.000000 36 0
0.125666 -35.226639 0.000000 36 0
0.136574 -35.177844 0.000000 36 0
0.148211 -35.129217 0.000000 36 0
0.160648 -35.080788 0.000000 36 0
0.173967 -35.032595 0.000000 36 0
0.188263 -34.984682 0.000000 36 0
0.203638 -34.937105 0.000000 36 0
0.220210 -34.889931 0.000000 36 0
0.238112 -34.843246 0.000000 36 0
0.257492 -34.797154 0.000000 36 0
0.278512 -34.751787 0.000000 36 0
0.301353 -34.707309 0.000000 36 0
0.326207 -34.663924 0.000000 36 0
0.353273 -34.621883 0.000000 36 0
0.382750 -34.581497 0.000000 36 0
0.414819 -34.543135 0.000000 36 0
0.449620 -34.507234 0.000000 36 0
0.487225 -34.474281 0.000000 36 0
0.527605 -34.444796 0.000000 36 0
0.570606 -34.419281 0.000000 36 0
0.615930 -34.398169 0.000000 36 0
0.663160 -34.381758 0.000000 36 0
0.711796 -34.370160 0.000000 36 0
0.761322 -34.363293 0.000000 36 0
0.811264 -34.360889 0.000000 36 0
0.861237 -34.362544 0.000000 36 0
0.910963 -34.367772 0.000000 36 0
0.960273 -34.376049 0.000000 36 0
1.009092 -34.386855 0.000000 36 0
1.057417 -34.399688 0.000000 36 0
1.105301 -34.414078 0.000000 36 0
1.152836 -34.429585 0.000000 36 0
1.200136 -34.445792 0.000000 36 0
1.247332 -34.462302 0.000000 36 0
1.294558 -34.478724 0.000000 36 0
1.341948 -34.494666 0.000000 36 0
1.389628 -34.509722 0.000000 36 0
1.437701 -34.523467 0.000000 36 0
1.486245 -34.535447 0.000000 36 0
1.535289 -34.545176 0.000000 36 0
1.584801 -34.552145 0.000000 36 0
1.634665 -34.555826 0.000000 36 0
0.000000 -35.645087 0.000000 37 0
0.004660 -35.595305 0.000000 37 0
0.009412 -35.545531 0.000000 37 0
0.014358 -35.495777 0.000000 37 0
0.019511 -35.446043 0.000000 37 0
0.024883 -35.396332 0.000000 37 0
0.030489 -35.346648 0.000000 37 0
0.036344 -35.296992 0.000000 37 0
0.042466 -35.247368 0.000000 37 0
0.048872 -35.197780 0.000000 37 0
0.055583 -35.148232 0.000000 37 0
0.062621 -35.098730 0.000000 37 0
0.070011 -35.049279 0.000000 37 0
0.077778 -34.999886 0.000000 37 0
0.085953 -34.950559 0.000000 37 0
0.094568 -34.901307 0.000000 37 0
0.103658 -34.852140 0.000000 37 0
0.113264 -34.803071 0.000000 37 0
0.123429 -34.754116 0.000000 37 0
0.134202 -34.705290 0.000000 37 0
0.145638 -34.656615 0.000000 37 0
0.157797 -34.608116 0.000000 37 0
0.170747 -34.559822 0.000000 37 0
0.184563 -34.511769 0.000000 37 0
0.199329 -34.463999 0.000000 37 0
0.215140 -34.416565 0.000000 37 0
0.232098 -34.369529 0.000000 37 0
0.250321 -34.322967 0.000000 37 0
0.269934 -34.276975 0.000000 37 0
0.291079 -34.231666 0.000000 37 0
0.313904 -34.187180 0.000000 37 0
0.338570 -34.143688 0.000000 37 0
0.365240 -34.101394 0.000000 37 0
0.394077 -34.060548 0.000000 37 0
0.425230 -34.021439 0.000000 37 0
0.458822 -33.984405 0.000000 37 0
0.494933 -33.949821 0.000000 37 0
0.533573 -33.918089 0.000000 37 0
0.574672 -33.889613 0.000000 37 0
0.618060 -33.864763 0.000000 37 0
0.663471 -33.843839 0.000000 37 0
0.710560 -33.827029 0.000000 37 0
0.758935 -33.814382 0.000000 37 0
0.808194 -33.805808 0.000000 37 0
0.857971 -33.801087 0.000000 37 0
0.907956 -33.799894 0.000000 37 0
0.957918 -33.801839 0.000000 37 0
1.007701 -33.806497 0.000000 37 0
1.057218 -33.813428 0.000000 37 0
1.106443 -33.822200 0.000000 37 0
1.155393 -33.832393 0.000000 37 0
1.204120 -33.843605 0.000000 37 0
1.252697 -33.855445 0.000000 37 0
1.301214 -33.867535 0.000000 37 0
1.349761 -33.879501 0.000000 37 0
1.398429 -33.890965 0.000000 37 0
1.447297 -33.901542 0.000000 37 0
1.496426 -33.910834 0.000000 37 0
1.545847 -33.918426 0.000000 37 0
1.595547 -33.923891 0.000000 37 0
1.645463 -33.926789 0.000000 37 0
0.000000 -46.830024 0.000000 38 0
0.003823 -46.780171 0.000000 38 0
0.007720 -46.730323 0.000000 38 0
0.011771 -46.680487 0.000000 38 0
0.015987 -46.630665 0.000000 38 0
0.020378 -46.580858 0.000000 38 0
0.024954 -46.531068 0.000000 38 0
0.029727 -46.481297 0.000000 38 0
0.034711 -46.431546 0.000000 38 0
0.039920 -46.381818 0.000000 38 0
0.045370 -46.332116 0.000000 38 0
0.051076 -46.282442 0.000000 38 0
0.057059 -46.232802 0.000000 38 0
0.063337 -46.183197 0.000000 38 0
0.069934 -46.133634 0.000000 38 0
0.076874 -46.084118 0.000000 38 0
0.084185 -46.034656 0.000000 38 0
0.091896 -45.985254 0.000000 38 0
0.100041 -45.935922 0.000000 38 0
0.108656 -45.886670 0.000000 38 0
0.117783 -45.837510 0.000000 38 0
0.127469 -45.788457 0.000000 38 0
0.137763 -45.739528 0.000000 38 0
0.148724 -45.690744 0.000000 38 0
0.160416 -45.642130 0.000000 38 0
0.172911 -45.593717 0.000000 38 0
0.186290 -45.545540 0.000000 38 0
0.200644 -45.497645 0.000000 38 0
0.216076 -45.450086 0.000000 38 0
0.232700 -45.402930 0.000000 38 0
0.250644 -45.356261 0.000000 38 0
0.270050 -45.310181 0.000000 38 0
0.291074 -45.264815 0.000000 38 0
0.313885 -45.220322 0.000000 38 0
0.338663 -45.176894 0.000000 38 0
0.365593 -45.134765 0.000000 38 0
0.394854 -45.094221 0.000000 38 0
0.426607 -45.055599 0.000000 38 0
0.460978 -45.019286 0.000000 38 0
0.498029 -44.985711 0.000000 38 0
0.537733 -44.955321 0.000000 38 0
0.579960 -44.928546 0.000000 38 0
0.624461 -44.905750 0.000000 38 0
0.670886 -44.887183 0.000000 38 0
0.718815 -44.872942 0.000000 38 0
0.767808 -44.862957 0.000000 38 0
0.817452 -44.857001 0.000000 38 0
0.867400 -44.854720 0.000000 38 0
0.917390 -44.855680 0.000000 38 0
0.967252 -44.859395 0.000000 38 0
1.016894 -44.865370 0.000000 38 0
1.066291 -44.873110 0.000000 38 0
1.115470 -44.882137 0.000000 38 0
1.164490 -44.891985 0.000000 38 0
1.213435 -44.902202 0.000000 38 0
1.262396 -44.912341 0.000000 38 0
1.311463 -44.921956 0.000000 38 0
1.360712 -44.930590 0.000000 38 0
1.410193 -44.937774 0.000000 38 0
1.459917 -44.943022 0.000000 38 0
1.509838 -44.945838 0.000000 38 0
0.000000 -61.511021 0.000000 39 0
0.003162 -61.461121 0.000000 39 0
0.006382 -61.411225 0.000000 39 0
0.009726 -61.361336 0.000000 39 0
0.013201 -61.311457 0.000000 39 0
0.016815 -61.261588 0.000000 39 0
0.020575 -61.211730 0.000000 39 0
0.024492 -61.161883 0.000000 39 0
0.028574 -61.112050 0.000000 39 0
0.032833 -61.062232 0.000000 39 0
0.037281 -61.012430 0.000000 39 0
0.041930 -60.962647 0.000000 39 0
0.046794 -60.912884 0.000000 39 0
0.051889 -60.863144 0.000000 39 0
0.057230 -60.813430 0.000000 39 0
0.062837 -60.763746 0.000000 39 0
0.068728 -60.714094 0.000000 39 0
0.074928 -60.664480 0.000000 39 0
0.081459 -60.614908 0.000000 39 0
0.088349 -60.565385 0.000000 39 0
0.095628 -60.515918 0.000000 39 0
0.103330 -60.466515 0.000000 39 0
0.111491 -60.417185 0.000000 39 0
0.120152 -60.367941 0.000000 39 0
0.129361 -60.318796 0.000000 39 0
0.139169 -60.269768 0.000000 39 0
0.149635 -60.220875 0.000000 39 0
0.160824 -60.172144 0.000000 39 0
0.172811 -60.123602 0.000000 39 0
0.185679 -60.075286 0.000000 39 0
0.199522 -60.027240 0.000000 39 0
0.214447 -59.979520 0.000000 39 0
0.230573 -59.932192 0.000000 39 0
0.248035 -59.885340 0.000000 39 0
0.266982 -59.839069 0.000000 39 0
0.287581 -59.793509 0.000000 39 0
0.310010 -59.748822 0.000000 39 0
0.334463 -59.705210 0.000000 39 0
0.361136 -59.662918 0.000000 39 0
0.390220 -59.622248 0.000000 39 0
0.421887 -59.583554 0.000000 39 0
0.456263 -59.547246 0.000000 39 0
0.493404 -59.513771 0.000000 39 0
0.533268 -59.483590 0.000000 39 0
0.575693 -59.457130 0.000000 39 0
0.620395 -59.434732 0.000000 39 0
0.666991 -59.416598 0.000000 39 0
0.715038 -59.402759 0.000000 39 0
0.764088 -59.393062 0.000000 39 0
0.813743 -59.387198 0.000000 39 0
0.863683 -59.384739 0.000000 39 0
0.913681 -59.385180 0.000000 39 0
0.963602 -59.387982 0.000000 39 0
1.013389 -59.392596 0.000000 39 0
1.063042 -59.398479 0.000000 39 0
1.112602 -59.405095 0.000000 39 0
1.162134 -59.411919 0.000000 39 0
1.211709 -59.418426 0.000000 39 0
1.261387 -59.424090 0.000000 39 0
1.311203 -59.428374 0.000000 39 0
1.361147 -59.430731 0.000000 39 0
0.000000 -107.701349 0.000000 40 0
0.001982 -107.651388 0.000000 40 0
0.004000 -107.601429 0.000000 40 0
0.006091 -107.551473 0.000000 40 0
0.008261 -107.501520 0.000000 40 0
0.010512 -107.451570 0.000000 40 0
0.012852 -107.401625 0.000000 40 0
0.015283 -107.351684 0.000000 40 0
0.017813 -107.301748 0.000000 40 0
0.020447 -107.251818 0.000000 40 0
0.023191 -107.201893 0.000000 40 0
0.026053 -107.151975 0.000000 40 0
0.029041 -107.102065 0.000000 40 0
0.032162 -107.052162 0.000000 40 0
0.035426 -107.002269 0.000000 40 0
0.038844 -106.952386 0.000000 40 0
0.042425 -106.902514 0.000000 40 0
0.046182 -106.852655 0.000000 40 0
0.050129 -106.802811 0.000000 40 0
0.054280 -106.752984 0.000000 40 0
0.058650 -106.703175 0.000000 40 0
0.063259 -106.653388 0.000000 40 0
0.068125 -106.603626 0.000000 40 0
0.073271 -106.553891 0.000000 40 0
0.078722 -106.504189 0.000000 40 0
0.084504 -106.454525 0.000000 40 0
0.090650 -106.404904 0.000000 40 0
0.097193 -106.355334 0.000000 40 0
0.104172 -106.305823 0.000000 40 0
0.111633 -106.256383 0.000000 40 0
0.119625 -106.207026 0.000000 40 0
0.128207 -106.157768 0.000000 40 0
0.137443 -106.108628 0.000000 40 0
0.147409 -106.059631 0.000000 40 0
0.158190 -106.010808 0.000000 40 0
0.169888 -105.962195 0.000000 40 0
0.182614 -105.913842 0.000000 40 0
0.196503 -105.865810 0.000000 40 0
0.211705 -105.818177 0.000000 40 0
0.228395 -105.771045 0.000000 40 0
0.246773 -105.724545 0.000000 40 0
0.267062 -105.678846 0.000000 40 0
0.289510 -105.634168 0.000000 40 0
0.314382 -105.590794 0.000000 40 0
0.341948 -105.549079 0.000000 40 0
0.372456 -105.509465 0.000000 40 0
0.406101 -105.472479 0.000000 40 0
0.442972 -105.438707 0.000000 40 0
0.483004 -105.408749 0.000000 40 0
0.525944 -105.383134 0.000000 40 0
0.571362 -105.362223 0.000000 40 0
0.618699 -105.346125 0.000000 40 0
0.667368 -105.334665 0.000000 40 0
0.716839 -105.327410 0.000000 40 0
0.766704 -105.323742 0.000000 40 0
0.816698 -105.322931 0.000000 40 0
0.866682 -105.324197 0.000000 40 0
0.916616 -105.326753 0.000000 40 0
0.966523 -105.329809 0.000000 40 0
1.016446 -105.332582 0.000000 40 0
1.066417 -105.334287 0.000000 40 0
0.000000 -106.049772 0.000000 41 0
0.002235 -105.999822 0.000000 41 0
0.004507 -105.949874 0.000000 41 0
0.006857 -105.899929 0.000000 41 0
0.009289 -105.849988 0.000000 41 0
0.011808 -105.800052 0.000000 41 0
0.014418 -105.750120 0.000000 41 0
0.017124 -105.700193 0.000000 41 0
0.019932 -105.650272 0.000000 41 0
0.022847 -105.600357 0.000000 41 0
0.025876 -105.550449 0.000000 41 0
0.029025 -105.500548 0.000000 41 0
0.032302 -105.450656 0.000000 41 0
0.035714 -105.400772 0.000000 41 0
0.039271 -105.350899 0.000000 41 0
0.042981 -105.301037 0.000000 41 0
0.046855 -105.251187 0.000000 41 0
0.050903 -105.201351 0.000000 41 0
0.055137 -105.151531 0.000000 41 0
0.059572 -105.101728 0.000000 41 0
0.064220 -105.051944 0.000000 41 0
0.069097 -105.002183 0.000000 41 0
0.074222 -104.952446 0.000000 41 0
0.079612 -104.902738 0.000000 41 0
0.085289 -104.853061 0.000000 41 0
0.091276 -104.803421 0.000000 41 0
0.097599 -104.753822 0.000000 41 0
0.104287 -104.704271 0.000000 41 0
0.111370 -104.654776 0.000000 41 0
0.118884 -104.605343 0.000000 41 0
0.126870 -104.555985 0.000000 41 0
0.135372 -104.506713 0.000000 41 0
0.144438 -104.457542 0.000000 41 0
0.154127 -104.408490 0.000000 41 0
0.164500 -104.359578 0.000000 41 0
0.175629 -104.310832 0.000000 41 0
0.187596 -104.262285 0.000000 41 0
0.200492 -104.213977 0.000000 41 0
0.214420 -104.165956 0.000000 41 0
0.229497 -104.118283 0.000000 41 0
0.245856 -104.071035 0.000000 41 0
0.263643 -104.024306 0.000000 41 0
0.283023 -103.978215 0.000000 41 0
0.304176 -103.932909 0.000000 41 0
0.327293 -103.888575 0.000000 41 0
0.352577 -103.845438 0.000000 41 0
0.380225 -103.803778 0.000000 41 0
0.410421 -103.763925 0.000000 41 0
0.443306 -103.726262 0.000000 41 0
0.478962 -103.691210 0.000000 41 0
0.517374 -103.659202 0.000000 41 0
0.558416 -103.630644 0.000000 41 0
0.601841 -103.605859 0.000000 41 0
0.647299 -103.585037 0.000000 41 0
0.694377 -103.568195 0.000000 41 0
0.742651 -103.555171 0.000000 41 0
0.791734 -103.545638 0.000000 41 0
0.841310 -103.539142 0.000000 41 0
0.891150 -103.535145 0.000000 41 0
0.941107 -103.533059 0.000000 41 0
0.991101 -103.532274 0.000000 41 0
0.000000 -22.507427 0.000000 42 0
0.005088 -22.457687 0.000000 42 0
0.010279 -22.407957 0.000000 42 0
0.015688 -22.358250 0.000000 42 0
0.021327 -22.308569 0.000000 42 0
0.027213 -22.258917 0.000000 42 0
0.033361 -22.209296 0.000000 42 0
0.039790 -22.159711 0.000000 42 0
0.046519 -22.110166 0.000000 42 0
0.053569 -22.060666 0.000000 42 0
0.060964 -22.011216 0.000000 42 0
0.068730 -21.961822 0.000000 42 0
0.076894 -21.912494 0.000000 42 0
0.085489 -21.863238 0.000000 42 0
0.094548 -21.814065 0.000000 42 0
0.104109 -21.764988 0.000000 42 0
0.114215 -21.716020 0.000000 42 0
0.124912 -21.667178 0.000000 42 0
0.136252 -21.618480 0.000000 42 0
0.148293 -21.569952 0.000000 42 0
0.161099 -21.521620 0.000000 42 0
0.174741 -21.473517 0.000000 42 0
0.189300 -21.425683 0.000000 42 0
0.204865 -21.378168 0.000000 42 0
0.221534 -21.331028 0.000000 42 0
0.239417 -21.284336 0.000000 42 0
0.258636 -21.238177 0.000000 42 0
0.279323 -21.192657 0.000000 42 0
0.301624 -21.147906 0.000000 42 0
0.325691 -21.104079 0.000000 42 0
0.351687 -21.061368 0.000000 42 0
0.379772 -21.020002 0.000000 42 0
0.410103 -20.980252 0.000000 42 0
0.442814 -20.942437 0.000000 42 0
0.478005 -20.906918 0.000000 42 0
0.515719 -20.874090 0.000000 42 0
0.555923 -20.844365 0.000000 42 0
0.598493 -20.818138 0.000000 42 0
0.643203 -20.795754 0.000000 42 0
0.689738 -20.777465 0.000000 42 0
0.737718 -20.763397 0.000000 42 0
0.786736 -20.753536 0.000000 42 0
0.836397 -20.747726 0.000000 42 0
0.886356 -20.745696 0.000000 42 0
0.936336 -20.747093 0.000000 42 0
0.986141 -20.751511 0.000000 42 0
1.035647 -20.758523 0.000000 42 0
1.084797 -20.767702 0.000000 42 0
1.133587 -20.778634 0.000000 42 0
1.182053 -20.790923 0.000000 42 0
1.230261 -20.804192 0.000000 42 0
1.278294 -20.818079 0.000000 42 0
1.326248 -20.832233 0.000000 42 0
1.374226 -20.846310 0.000000 42 0
1.422326 -20.859962 0.000000 42 0
1.470640 -20.872835 0.000000 42 0
1.519246 -20.884561 0.000000 42 0
1.568196 -20.894753 0.000000 42 0
1.617510 -20.903008 0.000000 42 0
1.667161 -20.908904 0.000000 42 0
1.717064 -20.912012 0.000000 42 0
0.000000 -29.617976 0.000000 43 0
0.004033 -29.568139 0.000000 43 0
0.008147 -29.518308 0.000000 43 0
0.012431 -29.468492 0.000000 43 0
0.016895 -29.418692 0.000000 43 0
0.021552 -29.368909 0.000000 43 0
0.026415 -29.319146 0.000000 43 0
0.031496 -29.269405 0.000000 43 0
0.036812 -29.219689 0.000000 43 0
0.042379 -29.169999 0.000000 43 0
0.048215 -29.120341 0.000000 43 0
0.054340 -29.070718 0.000000 43 0
0.060776 -29.021134 0.000000 43 0
0.067547 -28.971594 0.000000 43 0
0.074680 -28.922106 0.000000 43 0
0.082205 -28.872675 0.000000 43 0
0.090154 -28.823311 0.000000 43 0
0.098564 -28.774023 0.000000 43 0
0.107476 -28.724824 0.000000 43 0
0.116935 -28.675727 0.000000 43 0
0.126993 -28.626749 0.000000 43 0
0.137706 -28.577910 0.000000 43 0
0.149140 -28.529235 0.000000 43 0
0.161366 -28.480753 0.000000 43 0
0.174467 -28.432500 0.000000 43 0
0.188535 -28.384520 0.000000 43 0
0.203674 -28.336867 0.000000 43 0
0.220003 -28.289608 0.000000 43 0
0.237652 -28.242827 0.000000 43 0
0.256771 -28.196626 0.000000 43 0
0.277524 -28.151137 0.000000 43 0
0.300092 -28.106519 0.000000 43 0
0.324668 -28.062976 0.000000 43 0
0.351454 -28.020757 0.000000 43 0
0.380652 -27.980168 0.000000 43 0
0.412447 -27.941578 0.000000 43 0
0.446983 -27.905422 0.000000 43 0
0.484338 -27.872187 0.000000 43 0
0.524488 -27.842388 0.000000 43 0
0.567283 -27.816531 0.000000 43 0
0.612431 -27.795046 0.000000 43 0
0.659518 -27.778228 0.000000 43 0
0.708047 -27.766189 0.000000 43 0
0.757504 -27.758841 0.000000 43 0
0.807418 -27.755909 0.000000 43 0
0.857407 -27.756985 0.000000 43 0
0.907196 -27.761574 0.000000 43 0
0.956619 -27.769144 0.000000 43 0
1.005605 -27.779165 0.000000 43 0
1.054153 -27.791124 0.000000 43 0
1.102320 -27.804539 0.000000 43 0
1.150197 -27.818953 0.000000 43 0
1.197901 -27.833932 0.000000 43 0
1.245560 -27.849054 0.000000 43 0
1.293304 -27.863902 0.000000 43 0
1.341260 -27.878053 0.000000 43 0
1.389537 -27.891066 0.000000 43 0
1.438217 -27.902476 0.000000 43 0
1.487342 -27.911792 0.000000 43 0
1.536891 -27.918492 0.000000 43 0
1.586764 -27.922045 0.000000 43 0
0.000000 -29.226049 0.000000 44 0
0.004265 -29.176231 0.000000 44 0
0.008614 -29.126421 0.000000 44 0
0.013139 -29.076626 0.000000 44 0
0.017852 -29.026849 0.000000 44 0
0.022764 -28.977090 0.000000 44 0
0.027887 -28.927354 0.000000 44 0
0.033237 -28.877641 0.000000 44 0
0.038828 -28.827954 0.000000 44 0
0.044676 -28.778297 0.000000 44 0
0.050801 -28.728674 0.000000 44 0
0.057221 -28.679088 0.000000 44 0
0.063959 -28.629544 0.000000 44 0
0.071039 -28.580048 0.000000 44 0
0.078487 -28.530606 0.000000 44 0
0.086332 -28.481225 0.000000 44 0
0.094606 -28.431914 0.000000 44 0
0.103346 -28.382684 0.000000 44 0
0.112590 -28.333546 0.000000 44 0
0.122383 -28.284514 0.000000 44 0
0.132773 -28.235606 0.000000 44 0
0.143816 -28.186840 0.000000 44 0
0.155572 -28.138242 0.000000 44 0
0.168111 -28.089840 0.000000 44 0
0.181508 -28.041668 0.000000 44 0
0.195849 -27.993769 0.000000 44 0
0.211231 -27.946194 0.000000 44 0
0.227761 -27.899005 0.000000 44 0
0.245558 -27.852280 0.000000 44 0
0.264755 -27.806112 0.000000 44 0
0.285498 -27.760618 0.000000 44 0
0.307946 -27.715940 0.000000 44 0
0.332267 -27.672254 0.000000 44 0
0.358637 -27.629773 0.000000 44 0
0.387231 -27.588756 0.000000 44 0
0.418211 -27.549510 0.000000 44 0
0.451711 -27.512392 0.000000 44 0
0.487816 -27.477803 0.000000 44 0
0.526541 -27.446173 0.000000 44 0
0.567802 -27.417934 0.000000 44 0
0.611412 -27.393476 0.000000 44 0
0.657074 -27.373106 0.000000 44 0
0.704411 -27.357005 0.000000 44 0
0.752997 -27.345197 0.000000 44 0
0.802409 -27.337553 0.000000 44 0
0.852268 -27.333802 0.000000 44 0
0.902268 -27.333575 0.000000 44 0
0.952186 -27.336437 0.000000 44 0
1.001884 -27.341922 0.000000 44 0
1.051297 -27.349562 0.000000 44 0
1.100418 -27.358897 0.000000 44 0
1.149284 -27.369483 0.000000 44 0
1.197964 -27.380895 0.000000 44 0
1.246546 -27.392720 0.000000 44 0
1.295126 -27.404552 0.000000 44 0
1.343801 -27.415986 0.000000 44 0
1.392659 -27.426610 0.000000 44 0
1.441770 -27.435998 0.000000 44 0
1.491172 -27.443708 0.000000 44 0
1.540860 -27.449280 0.000000 44 0
1.590772 -27.452245 0.000000 44 0
0.000000 -38.445496 0.000000 45 0
0.003400 -38.395612 0.000000 45 0
0.006866 -38.345732 0.000000 45 0
0.010470 -38.295862 0.000000 45 0
0.014220 -38.246003 0.000000 45 0
0.018126 -38.196156 0.000000 45 0
0.022197 -38.146322 0.000000 45 0
0.026445 -38.096503 0.000000 45 0
0.030880 -38.046700 0.000000 45 0
0.035515 -37.996915 0.000000 45 0
0.040365 -37.947151 0.000000 45 0
0.045444 -37.897409 0.000000 45 0
0.050770 -37.847694 0.000000 45 0
0.056360 -37.798007 0.000000 45 0
0.062235 -37.748354 0.000000 45 0
0.068417 -37.698737 0.000000 45 0
0.074929 -37.649163 0.000000 45 0
0.081801 -37.599638 0.000000 45 0
0.089061 -37.550168 0.000000 45 0
0.096743 -37.500761 0.000000 45 0
0.104885 -37.451429 0.000000 45 0
0.113528 -37.402181 0.000000 45 0
0.122720 -37.353033 0.000000 45 0
0.132512 -37.304002 0.000000 45 0
0.142965 -37.255107 0.000000 45 0
0.154145 -37.206373 0.000000 45 0
0.166128 -37.157830 0.000000 45 0
0.178999 -37.109515 0.000000 45 0
0.192855 -37.061473 0.000000 45 0
0.207807 -37.013761 0.000000 45 0
0.223977 -36.966448 0.000000 45 0
0.241506 -36.919621 0.000000 45 0
0.260551 -36.873390 0.000000 45 0
0.281285 -36.827892 0.000000 45 0
0.303901 -36.783299 0.000000 45 0
0.328602 -36.739827 0.000000 45 0
0.355600 -36.697742 0.000000 45 0
0.385102 -36.657373 0.000000 45 0
0.417292 -36.619114 0.000000 45 0
0.452305 -36.583419 0.000000 45 0
0.490194 -36.550794 0.000000 45 0
0.530899 -36.521758 0.000000 45 0
0.574220 -36.496792 0.000000 45 0
0.619817 -36.476276 0.000000 45 0
0.667238 -36.460424 0.000000 45 0
0.715973 -36.449250 0.000000 45 0
0.765524 -36.442562 0.000000 45 0
0.815458 -36.439998 0.000000 45 0
0.865446 -36.441077 0.000000 45 0
0.915272 -36.445254 0.000000 45 0
0.964819 -36.451963 0.000000 45 0
1.014060 -36.460643 0.000000 45 0
1.063027 -36.470754 0.000000 45 0
1.111797 -36.481776 0.000000 45 0
1.160473 -36.493207 0.000000 45 0
1.209169 -36.504553 0.000000 45 0
1.257996 -36.515317 0.000000 45 0
1.307051 -36.524992 0.000000 45 0
1.356398 -36.533051 0.000000 45 0
1.406049 -36.538946 0.000000 45 0
1.455949 -36.542113 0.000000 45 0
0.000000 -37.922927 0.000000 46 0
0.003622 -37.873058 0.000000 46 0
0.007312 -37.823195 0.000000 46 0
0.011146 -37.773342 0.000000 46 0
0.015131 -37.723501 0.000000 46 0
0.019278 -37.673673 0.000000 46 0
0.023595 -37.623860 0.000000 46 0
0.028094 -37.574063 0.000000 46 0
0.032786 -37.524283 0.000000 46 0
0.037684 -37.474524 0.000000 46 0
0.042802 -37.424786 0.000000 46 0
0.048154 -37.375074 0.000000 46 0
0.053758 -37.325389 0.000000 46 0
0.059631 -37.275735 0.000000 46 0
0.065792 -37.226116 0.000000 46 0
0.072265 -37.176537 0.000000 46 0
0.079071 -37.127002 0.000000 46 0
0.086238 -37.077519 0.000000 46 0
0.093795 -37.028093 0.000000 46 0
0.101773 -36.978733 0.000000 46 0
0.110209 -36.929450 0.000000 46 0
0.119141 -36.880255 0.000000 46 0
0.128614 -36.831160 0.000000 46 0
0.138677 -36.782183 0.000000 46 0
0.149385 -36.733343 0.000000 46 0
0.160800 -36.684664 0.000000 46 0
0.172989 -36.636172 0.000000 46 0
0.186031 -36.587903 0.000000 46 0
0.200012 -36.539898 0.000000 46 0
0.215029 -36.492206 0.000000 46 0
0.231191 -36.444890 0.000000 46 0
0.248619 -36.398026 0.000000 46 0
0.267448 -36.351707 0.000000 46 0
0.287825 -36.306047 0.000000 46 0
0.309913 -36.261190 0.000000 46 0
0.333881 -36.217309 0.000000 46 0
0.359908 -36.174618 0.000000 46 0
0.388171 -36.133372 0.000000 46 0
0.418833 -36.093877 0.000000 46 0
0.452028 -36.056486 0.000000 46 0
0.487840 -36.021593 0.000000 46 0
0.526278 -35.989617 0.000000 46 0
0.567258 -35.960969 0.000000 46 0
0.610587 -35.936018 0.000000 46 0
0.655973 -35.915038 0.000000 46 0
0.703043 -35.898175 0.000000 46 0
0.751388 -35.885416 0.000000 46 0
0.800604 -35.876600 0.000000 46 0
0.850336 -35.871427 0.000000 46 0
0.900299 -35.869505 0.000000 46 0
0.950291 -35.870376 0.000000 46 0
1.000190 -35.873556 0.000000 46 0
1.049940 -35.878551 0.000000 46 0
1.099539 -35.884873 0.000000 46 0
1.149022 -35.892044 0.000000 46 0
1.198449 -35.899594 0.000000 46 0
1.247888 -35.907059 0.000000 46 0
1.297408 -35.913971 0.000000 46 0
1.347060 -35.919858 0.000000 46 0
1.396868 -35.924238 0.000000 46 0
1.446811 -35.926621 0.000000 46 0
0.000000 -49.867144 0.000000 47 0
0.002910 -49.817228 0.000000 47 0
0.005873 -49.767316 0.000000 47 0
0.008949 -49.717411 0.000000 47 0
0.012143 -49.667513 0.000000 47 0
0.015462 -49.617623 0.000000 47 0
0.018914 -49.567743 0.000000 47 0
0.022508 -49.517872 0.000000 47 0
0.026252 -49.468012 0.000000 47 0
0.030155 -49.418165 0.000000 47 0
0.034228 -49.368331 0.000000 47 0
0.038482 -49.318513 0.000000 47 0
0.042930 -49.268711 0.000000 47 0
0.047584 -49.218928 0.000000 47 0
0.052461 -49.169166 0.000000 47 0
0.057575 -49.119428 0.000000 47 0
0.062945 -49.069718 0.000000 47 0
0.068589 -49.020037 0.000000 47 0
0.074530 -48.970391 0.000000 47 0
0.080792 -48.920785 0.000000 47 0
0.087399 -48.871224 0.000000 47 0
0.094382 -48.821714 0.000000 47 0
0.101773 -48.772263 0.000000 47 0
0.109609 -48.722881 0.000000 47 0
0.117929 -48.673578 0.000000 47 0
0.126778 -48.624367 0.000000 47 0
0.136208 -48.575264 0.000000 47 0
0.146276 -48.526289 0.000000 47 0
0.157046 -48.477462 0.000000 47 0
0.168591 -48.428813 0.000000 47 0
0.180993 -48.380376 0.000000 47 0
0.194345 -48.332191 0.000000 47 0
0.208751 -48.284312 0.000000 47 0
0.224332 -48.236801 0.000000 47 0
0.241219 -48.189740 0.000000 47 0
0.259564 -48.143227 0.000000 47 0
0.279532 -48.097387 0.000000 47 0
0.301306 -48.052377 0.000000 47 0
0.325081 -48.008391 0.000000 47 0
0.351060 -47.965670 0.000000 47 0
0.379444 -47.924508 0.000000 47 0
0.410418 -47.885257 0.000000 47 0
0.444122 -47.848324 0.000000 47 0
0.480632 -47.814162 0.000000 47 0
0.519923 -47.783240 0.000000 47 0
0.561852 -47.756000 0.000000 47 0
0.606144 -47.732802 0.000000 47 0
0.652419 -47.713864 0.000000 47 0
0.700229 -47.699228 0.000000 47 0
0.749118 -47.688747 0.000000 47 0
0.798675 -47.682103 0.000000 47 0
0.848569 -47.678854 0.000000 47 0
0.898568 -47.678476 0.000000 47 0
0.948531 -47.680403 0.000000 47 0
0.998397 -47.684060 0.000000 47 0
1.048165 -47.688873 0.000000 47 0
1.097872 -47.694275 0.000000 47 0
1.147576 -47.699705 0.000000 47 0
1.197336 -47.704602 0.000000 47 0
1.247191 -47.708401 0.000000 47 0
1.297146 -47.710529 0.000000 47 0
0.000000 -65.560513 0.000000 48 0
0.002348 -65.510568 0.000000 48 0
0.004739 -65.460625 0.000000 48 0
0.007217 -65.410687 0.000000 48 0
0.009787 -65.360753 0.000000 48 0
0.012455 -65.310824 0.000000 48 0
0.015226 -65.260901 0.000000 48 0
0.018107 -65.210984 0.000000 48 0
0.021103 -65.161074 0.000000 48 0
0.024223 -65.111171 0.000000 48 0
0.027473 -65.061277 0.000000 48 0
0.030863 -65.011392 0.000000 48 0
0.034401 -64.961518 0.000000 48 0
0.038098 -64.911654 0.000000 48 0
0.041963 -64.861804 0.000000 48 0
0.046010 -64.811968 0.000000 48 0
0.050250 -64.762148 0.000000 48 0
0.054698 -64.712346 0.000000 48 0
0.059370 -64.662565 0.000000 48 0
0.064282 -64.612807 0.000000 48 0
0.069454 -64.563075 0.000000 48 0
0.074907 -64.513373 0.000000 48 0
0.080663 -64.463706 0.000000 48 0
0.086749 -64.414078 0.000000 48 0
0.093194 -64.364495 0.000000 48 0
0.100029 -64.314964 0.000000 48 0
0.107290 -64.265494 0.000000 48 0
0.115017 -64.216095 0.000000 48 0
0.123257 -64.166779 0.000000 48 0
0.132060 -64.117560 0.000000 48 0
0.141484 -64.068456 0.000000 48 0
0.151595 -64.019489 0.000000 48 0
0.162466 -63.970685 0.000000 48 0
0.174184 -63.922077 0.000000 48 0
0.186843 -63.873706 0.000000 48 0
0.200556 -63.825623 0.000000 48 0
0.215445 -63.777892 0.000000 48 0
0.231655 -63.730592 0.000000 48 0
0.249344 -63.683826 0.000000 48 0
0.268694 -63.637722 0.000000 48 0
0.289903 -63.592443 0.000000 48 0
0.313186 -63.548195 0.000000 48 0
0.338768 -63.505235 0.000000 48 0
0.366872 -63.463881 0.000000 48 0
0.397702 -63.424517 0.000000 48 0
0.431410 -63.387588 0.000000 48 0
0.468068 -63.353585 0.000000 48 0
0.507630 -63.323010 0.000000 48 0
0.549908 -63.296315 0.000000 48 0
0.594570 -63.273836 0.000000 48 0
0.641177 -63.255731 0.000000 48 0
0.689237 -63.241941 0.000000 48 0
0.738279 -63.232197 0.000000 48 0
0.787900 -63.226057 0.000000 48 0
0.837804 -63.222960 0.000000 48 0
0.887800 -63.222275 0.000000 48 0
0.937788 -63.223344 0.000000 48 0
0.987742 -63.225501 0.000000 48 0
1.037675 -63.228081 0.000000 48 0
1.087620 -63.230422 0.000000 48 0
1.137600 -63.231860 0.000000 48 0
0.000000 -18.814487 0.000000 49 1
0.002348 -18.864432 0.000000 49 1
0.004739 -18.914375 0.000000 49 1
0.007217 -18.964313 0.000000 49 1
0.009787 -19.014247 0.000000 49 1
0.012455 -19.064176 0.000000 49 1
0.015226 -19.114099 0.000000 49 1
0.018107 -19.164016 0.000000 49 1
0.021103 -19.213926 0.000000 49 1
0.024223 -19.263829 0.000000 49 1
0.027473 -19.313723 0.000000 49 1
0.030863 -19.363608 0.000000 49 1
0.034401 -19.413482 0.000000 49 1
0.038098 -19.463346 0.000000 49 1
0.041963 -19.513196 0.000000 49 1
0.046010 -19.563032 0.000000 49 1
0.050250 -19.612852 0.000000 49 1
0.054698 -19.662654 0.000000 49 1
0.059370 -19.712435 0.000000 49 1
0.064282 -19.762193 0.000000 49 1
0.069454 -19.811925 0.000000 49 1
0.074907 -19.861627 0.000000 49 1
0.080663 -19.911294 0.000000 49 1
0.086749 -19.960922 0.000000 49 1
0.093194 -20.010505 0.000000 49 1
0.100029 -20.060036 0.000000 49 1
0.107290 -20.109506 0.000000 49 1
0.115017 -20.158905 0.000000 49 1
0.123257 -20.208221 0.000000 49 1
0.132060 -20.257440 0.000000 49 1
0.141484 -20.306544 0.000000 49 1
0.151595 -20.355511 0.000000 49 1
0.162466 -20.404315 0.000000 49 1
0.174184 -20.452923 0.000000 49 1
0.186843 -20.501294 0.000000 49 1
0.200556 -20.549377 0.000000 49 1
0.215445 -20.597108 0.000000 49 1
0.231655 -20.644408 0.000000 49 1
0.249344 -20.691174 0.000000 49 1
0.268694 -20.737278 0.000000 49 1
0.289903 -20.782557 0.000000 49 1
0.313186 -20.826805 0.000000 49 1
0.338768 -20.869765 0.000000 49 1
0.366872 -20.911119 0.000000 49 1
0.397702 -20.950483 0.000000 49 1
0.431410 -20.987412 0.000000 49 1
0.468068 -21.021415 0.000000 49 1
0.507630 -21.051990 0.000000 49 1
0.549908 -21.078685 0.000000 49 1
0.594570 -21.101164 0.000000 49 1
0.641177 -21.119269 0.000000 49 1
0.689237 -21.133059 0.000000 49 1
0.738279 -21.142803 0.000000 49 1
0.787900 -21.148943 0.000000 49 1
0.837804 -21.152040 0.000000 49 1
0.887800 -21.152725 0.000000 49 1
0.937788 -21.151656 0.000000 49 1
0.987742 -21.149499 0.000000 49 1
1.037675 -21.146919 0.000000 49 1
1.087620 -21.144578 0.000000 49 1
1.137600 -21.143140 0.000000 49 1
0.000000 -13.414106 0.000000 50 1
0.002910 -13.464022 0.000000 50 1
0.005873 -13.513934 0.000000 50 1
0.008949 -13.563839 0.000000 50 1
0.012143 -13.613737 0.000000 50 1
0.015462 -13.663627 0.000000 50 1
0.018914 -13.713507 0.000000 50 1
0.022508 -13.763378 0.000000 50 1
0.026252 -13.813238 0.000000 50 1
0.030155 -13.863085 0.000000 50 1
0.034228 -13.912919 0.000000 50 1
0.038482 -13.962737 0.000000 50 1
0.042930 -14.012539 0.000000 50 1
0.047584 -14.062322 0.000000 50 1
0.052461 -14.112084 0.000000 50 1
0.057575 -14.161822 0.000000 50 1
0.062945 -14.211532 0.000000 50 1
0.068589 -14.261213 0.000000 50 1
0.074530 -14.310859 0.000000 50 1
0.080792 -14.360465 0.000000 50 1
0.087399 -14.410026 0.000000 50 1
0.094382 -14.459536 0.000000 50 1
0.101773 -14.508987 0.000000 50 1
0.109609 -14.558369 0.000000 50 1
0.117929 -14.607672 0.000000 50 1
0.126778 -14.656883 0.000000 50 1
0.136208 -14.705986 0.000000 50 1
0.146276 -14.754961 0.000000 50 1
0.157046 -14.803788 0.000000 50 1
0.168591 -14.852437 0.000000 50 1
0.180993 -14.900874 0.000000 50 1
0.194345 -14.949059 0.000000 50 1
0.208751 -14.996938 0.000000 50 1
0.224332 -15.044449 0.000000 50 1
0.241219 -15.091510 0.000000 50 1
0.259564 -15.138023 0.000000 50 1
0.279532 -15.183863 0.000000 50 1
0.301306 -15.228873 0.000000 50 1
0.325081 -15.272859 0.000000 50 1
0.351060 -15.315580 0.000000 50 1
0.379444 -15.356742 0.000000 50 1
0.410418 -15.395993 0.000000 50 1
0.444122 -15.432926 0.000000 50 1
0.480632 -15.467088 0.000000 50 1
0.519923 -15.498010 0.000000 50 1
0.561852 -15.525250 0.000000 50 1
0.606144 -15.548448 0.000000 50 1
0.652419 -15.567386 0.000000 50 1
0.700229 -15.582022 0.000000 50 1
0.749118 -15.592503 0.000000 50 1
0.798675 -15.599147 0.000000 50 1
0.848569 -15.602396 0.000000 50 1
0.898568 -15.602774 0.000000 50 1
0.948531 -15.600847 0.000000 50 1
0.998397 -15.597190 0.000000 50 1
1.048165 -15.592377 0.000000 50 1
1.097872 -15.586975 0.000000 50 1
1.147576 -15.581545 0.000000 50 1
1.197336 -15.576648 0.000000 50 1
1.247191 -15.572849 0.000000 50 1
1.297146 -15.570721 0.000000 50 1
0.000000 -9.538011 0.000000 51 1
0.003622 -9.587879 0.000000 51 1
0.007312 -9.637743 0.000000 51 1
0.011146 -9.687596 0.000000 51 1
0.015131 -9.737436 0.000000 51 1
0.019278 -9.787264 0.000000 51 1
0.023595 -9.837078 0.000000 51 1
0.028094 -9.886875 0.000000 51 1
0.032786 -9.936654 0.000000 51 1
0.037684 -9.986414 0.000000 51 1
0.042802 -10.036151 0.000000 51 1
0.048154 -10.085864 0.000000 51 1
0.053758 -10.135549 0.000000 51 1
0.059631 -10.185203 0.000000 51 1
0.065792 -10.234821 0.000000 51 1
0.072265 -10.284401 0.000000 51 1
0.079071 -10.333935 0.000000 51 1
0.086238 -10.383419 0.000000 51 1
0.093795 -10.432845 0.000000 51 1
0.101773 -10.482204 0.000000 51 1
0.110209 -10.531487 0.000000 51 1
0.119141 -10.580683 0.000000 51 1
0.128614 -10.629777 0.000000 51 1
0.138677 -10.678754 0.000000 51 1
0.149385 -10.727594 0.000000 51 1
0.160800 -10.776274 0.000000 51 1
0.172989 -10.824765 0.000000 51 1
0.186031 -10.873034 0.000000 51 1
0.200012 -10.921040 0.000000 51 1
0.215029 -10.968732 0.000000 51 1
0.231191 -11.016047 0.000000 51 1
0.248619 -11.062912 0.000000 51 1
0.267448 -11.109231 0.000000 51 1
0.287825 -11.154890 0.000000 51 1
0.309913 -11.199747 0.000000 51 1
0.333881 -11.243628 0.000000 51 1
0.359908 -11.286320 0.000000 51 1
0.388171 -11.327565 0.000000 51 1
0.418833 -11.367060 0.000000 51 1
0.452028 -11.404451 0.000000 51 1
0.487840 -11.439344 0.000000 51 1
0.526278 -11.471321 0.000000 51 1
0.567258 -11.499968 0.000000 51 1
0.610587 -11.524919 0.000000 51 1
0.655973 -11.545899 0.000000 51 1
0.703043 -11.562763 0.000000 51 1
0.751388 -11.575521 0.000000 51 1
0.800604 -11.584338 0.000000 51 1
0.850336 -11.589510 0.000000 51 1
0.900299 -11.591433 0.000000 51 1
0.950291 -11.590562 0.000000 51 1
1.000190 -11.587382 0.000000 51 1
1.049940 -11.582387 0.000000 51 1
1.099539 -11.576064 0.000000 51 1
1.149022 -11.568893 0.000000 51 1
1.198449 -11.561343 0.000000 51 1
1.247888 -11.553879 0.000000 51 1
1.297408 -11.546967 0.000000 51 1
1.347060 -11.541080 0.000000 51 1
1.396868 -11.536699 0.000000 51 1
1.446811 -11.534317 0.000000 51 1
0.000000 -9.015441 0.000000 52 1
0.003400 -9.065326 0.000000 52 1
0.006866 -9.115205 0.000000 52 1
0.010470 -9.165075 0.000000 52 1
0.014220 -9.214934 0.000000 52 1
0.018126 -9.264782 0.000000 52 1
0.022197 -9.314616 0.000000 52 1
0.026445 -9.364435 0.000000 52 1
0.030880 -9.414238 0.000000 52 1
0.035515 -9.464022 0.000000 52 1
0.040365 -9.513787 0.000000 52 1
0.045444 -9.563528 0.000000 52 1
0.050770 -9.613244 0.000000 52 1
0.056360 -9.662930 0.000000 52 1
0.062235 -9.712584 0.000000 52 1
0.068417 -9.762200 0.000000 52 1
0.074929 -9.811774 0.000000 52 1
0.081801 -9.861300 0.000000 52 1
0.089061 -9.910770 0.000000 52 1
0.096743 -9.960176 0.000000 52 1
0.104885 -10.009509 0.000000 52 1
0.113528 -10.058756 0.000000 52 1
0.122720 -10.107904 0.000000 52 1
0.132512 -10.156936 0.000000 52 1
0.142965 -10.205831 0.000000 52 1
0.154145 -10.254565 0.000000 52 1
0.166128 -10.303108 0.000000 52 1
0.178999 -10.351423 0.000000 52 1
0.192855 -10.399464 0.000000 52 1
0.207807 -10.447177 0.000000 52 1
0.223977 -10.494490 0.000000 52 1
0.241506 -10.541316 0.000000 52 1
0.260551 -10.587547 0.000000 52 1
0.281285 -10.633045 0.000000 52 1
0.303901 -10.677638 0.000000 52 1
0.328602 -10.721111 0.000000 52 1
0.355600 -10.763195 0.000000 52 1
0.385102 -10.803564 0.000000 52 1
0.417292 -10.841824 0.000000 52 1
0.452305 -10.877518 0.000000 52 1
0.490194 -10.910144 0.000000 52 1
0.530899 -10.939180 0.000000 52 1
0.574220 -10.964146 0.000000 52 1
0.619817 -10.984662 0.000000 52 1
0.667238 -11.000513 0.000000 52 1
0.715973 -11.011687 0.000000 52 1
0.765524 -11.018375 0.000000 52 1
0.815458 -11.020940 0.000000 52 1
0.865446 -11.019861 0.000000 52 1
0.915272 -11.015684 0.000000 52 1
0.964819 -11.008975 0.000000 52 1
1.014060 -11.000294 0.000000 52 1
1.063027 -10.990183 0.000000 52 1
1.111797 -10.979161 0.000000 52 1
1.160473 -10.967730 0.000000 52 1
1.209169 -10.956385 0.000000 52 1
1.257996 -10.945621 0.000000 52 1
1.307051 -10.935946 0.000000 52 1
1.356398 -10.927887 0.000000 52 1
1.406049 -10.921991 0.000000 52 1
1.455949 -10.918824 0.000000 52 1
0.000000 -6.369654 0.000000 53 1
0.004265 -6.419472 0.000000 53 1
0.008614 -6.469282 0.000000 53 1
0.013139 -6.519077 0.000000 53 1
0.017852 -6.568855 0.000000 53 1
0.022764 -6.618613 0.000000 53 1
0.027887 -6.668350 0.000000 53 1
0.033237 -6.718063 0.000000 53 1
0.038828 -6.767749 0.000000 53 1
0.044676 -6.817406 0.000000 53 1
0.050801 -6.867029 0.000000 53 1
0.057221 -6.916615 0.000000 53 1
0.063959 -6.966159 0.000000 53 1
0.071039 -7.015655 0.000000 53 1
0.078487 -7.065098 0.000000 53 1
0.086332 -7.114478 0.000000 53 1
0.094606 -7.163789 0.000000 53 1
0.103346 -7.213019 0.000000 53 1
0.112590 -7.262157 0.000000 53 1
0.122383 -7.311189 0.000000 53 1
0.132773 -7.360097 0.000000 53 1
0.143816 -7.408863 0.000000 53 1
0.155572 -7.457461 0.000000 53 1
0.168111 -7.505863 0.000000 53 1
0.181508 -7.554035 0.000000 53 1
0.195849 -7.601934 0.000000 53 1
0.211231 -7.649509 0.000000 53 1
0.227761 -7.696698 0.000000 53 1
0.245558 -7.743423 0.000000 53 1
0.264755 -7.789591 0.000000 53 1
0.285498 -7.835085 0.000000 53 1
0.307946 -7.879763 0.000000 53 1
0.332267 -7.923449 0.000000 53 1
0.358637 -7.965930 0.000000 53 1
0.387231 -8.006947 0.000000 53 1
0.418211 -8.046193 0.000000 53 1
0.451711 -8.083311 0.000000 53 1
0.487816 -8.117900 0.000000 53 1
0.526541 -8.149530 0.000000 53 1
0.567802 -8.177769 0.000000 53 1
0.611412 -8.202228 0.000000 53 1
0.657074 -8.222597 0.000000 53 1
0.704411 -8.238698 0.000000 53 1
0.752997 -8.250506 0.000000 53 1
0.802409 -8.258151 0.000000 53 1
0.852268 -8.261901 0.000000 53 1
0.902268 -8.262128 0.000000 53 1
0.952186 -8.259266 0.000000 53 1
1.001884 -8.253781 0.000000 53 1
1.051297 -8.246141 0.000000 53 1
1.100418 -8.236806 0.000000 53 1
1.149284 -8.226220 0.000000 53 1
1.197964 -8.214808 0.000000 53 1
1.246546 -8.202983 0.000000 53 1
1.295126 -8.191151 0.000000 53 1
1.343801 -8.179717 0.000000 53 1
1.392659 -8.169093 0.000000 53 1
1.441770 -8.159705 0.000000 53 1
1.491172 -8.151996 0.000000 53 1
1.540860 -8.146423 0.000000 53 1
1.590772 -8.143458 0.000000 53 1
0.000000 -5.977727 0.000000 54 1
0.004033 -6.027564 0.000000 54 1
0.008147 -6.077395 0.000000 54 1
0.012431 -6.127211 0.000000 54 1
0.016895 -6.177011 0.000000 54 1
0.021552 -6.226794 0.000000 54 1
0.026415 -6.276557 0.000000 54 1
0.031496 -6.326298 0.000000 54 1
0.036812 -6.376015 0.000000 54 1
0.042379 -6.425704 0.000000 54 1
0.048215 -6.475362 0.000000 54 1
0.054340 -6.524985 0.000000 54 1
0.060776 -6.574569 0.000000 54 1
0.067547 -6.624109 0.000000 54 1
0.074680 -6.673597 0.000000 54 1
0.082205 -6.723028 0.000000 54 1
0.090154 -6.772392 0.000000 54 1
0.098564 -6.821680 0.000000 54 1
0.107476 -6.870879 0.000000 54 1
0.116935 -6.919976 0.000000 54 1
0.126993 -6.968954 0.000000 54 1
0.137706 -7.017793 0.000000 54 1
0.149140 -7.066468 0.000000 54 1
0.161366 -7.114950 0.000000 54 1
0.174467 -7.163203 0.000000 54 1
0.188535 -7.211183 0.000000 54 1
0.203674 -7.258836 0.000000 54 1
0.220003 -7.306095 0.000000 54 1
0.237652 -7.352876 0.000000 54 1
0.256771 -7.399077 0.000000 54 1
0.277524 -7.444566 0.000000 54 1
0.300092 -7.489184 0.000000 54 1
0.324668 -7.532727 0.000000 54 1
0.351454 -7.574947 0.000000 54 1
0.380652 -7.615536 0.000000 54 1
0.412447 -7.654125 0.000000 54 1
0.446983 -7.690281 0.000000 54 1
0.484338 -7.723516 0.000000 54 1
0.524488 -7.753315 0.000000 54 1
0.567283 -7.779172 0.000000 54 1
0.612431 -7.800657 0.000000 54 1
0.659518 -7.817475 0.000000 54 1
0.708047 -7.829514 0.000000 54 1
0.757504 -7.836862 0.000000 54 1
0.807418 -7.839794 0.000000 54 1
0.857407 -7.838718 0.000000 54 1
0.907196 -7.834129 0.000000 54 1
0.956619 -7.826559 0.000000 54 1
1.005605 -7.816539 0.000000 54 1
1.054153 -7.804579 0.000000 54 1
1.102320 -7.791164 0.000000 54 1
1.150197 -7.776750 0.000000 54 1
1.197901 -7.761771 0.000000 54 1
1.245560 -7.746649 0.000000 54 1
1.293304 -7.731801 0.000000 54 1
1.341260 -7.717650 0.000000 54 1
1.389537 -7.704637 0.000000 54 1
1.438217 -7.693227 0.000000 54 1
1.487342 -7.683912 0.000000 54 1
1.536891 -7.677211 0.000000 54 1
1.586764 -7.673658 0.000000 54 1
0.000000 -4.189350 0.000000 55 1
0.005088 -4.239091 0.000000 55 1
0.010279 -4.288820 0.000000 55 1
0.015688 -4.338527 0.000000 55 1
0.021327 -4.388208 0.000000 55 1
0.027213 -4.437860 0.000000 55 1
0.033361 -4.487481 0.000000 55 1
0.039790 -4.537066 0.000000 55 1
0.046519 -4.586611 0.000000 55 1
0.053569 -4.636112 0.000000 55 1
0.060964 -4.685562 0.000000 55 1
0.068730 -4.734955 0.000000 55 1
0.076894 -4.784284 0.000000 55 1
0.085489 -4.833540 0.000000 55 1
0.094548 -4.882712 0.000000 55 1
0.104109 -4.931789 0.000000 55 1
0.114215 -4.980757 0.000000 55 1
0.124912 -5.029600 0.000000 55 1
0.136252 -5.078297 0.000000 55 1
0.148293 -5.126825 0.000000 55 1
0.161099 -5.175158 0.000000 55 1
0.174741 -5.223261 0.000000 55 1
0.189300 -5.271094 0.000000 55 1
0.204865 -5.318610 0.000000 55 1
0.221534 -5.365749 0.000000 55 1
0.239417 -5.412442 0.000000 55 1
0.258636 -5.458601 0.000000 55 1
0.279323 -5.504120 0.000000 55 1
0.301624 -5.548872 0.000000 55 1
0.325691 -5.592698 0.000000 55 1
0.351687 -5.635409 0.000000 55 1
0.379772 -5.676776 0.000000 55 1
0.410103 -5.716526 0.000000 55 1
0.442814 -5.754341 0.000000 55 1
0.478005 -5.789860 0.000000 55 1
0.515719 -5.822687 0.000000 55 1
0.555923 -5.852413 0.000000 55 1
0.598493 -5.878640 0.000000 55 1
0.643203 -5.901023 0.000000 55 1
0.689738 -5.919312 0.000000 55 1
0.737718 -5.933380 0.000000 55 1
0.786736 -5.943242 0.000000 55 1
0.836397 -5.949052 0.000000 55 1
0.886356 -5.951081 0.000000 55 1
0.936336 -5.949684 0.000000 55 1
0.986141 -5.945267 0.000000 55 1
1.035647 -5.938255 0.000000 55 1
1.084797 -5.929076 0.000000 55 1
1.133587 -5.918143 0.000000 55 1
1.182053 -5.905854 0.000000 55 1
1.230261 -5.892585 0.000000 55 1
1.278294 -5.878699 0.000000 55 1
1.326248 -5.864544 0.000000 55 1
1.374226 -5.850467 0.000000 55 1
1.422326 -5.836815 0.000000 55 1
1.470640 -5.823942 0.000000 55 1
1.519246 -5.812217 0.000000 55 1
1.568196 -5.802024 0.000000 55 1
1.617510 -5.793770 0.000000 55 1
1.667161 -5.787874 0.000000 55 1
1.717064 -5.784765 0.000000 55 1
0.000000 -43.950228 0.000000 56 1
0.002235 -44.000178 0.000000 56 1
0.004507 -44.050126 0.000000 56 1
0.006857 -44.100071 0.000000 56 1
0.009289 -44.150012 0.000000 56 1
0.011808 -44.199948 0.000000 56 1
0.014418 -44.249880 0.000000 56 1
0.017124 -44.299807 0.000000 56 1
0.019932 -44.349728 0.000000 56 1
0.022847 -44.399643 0.000000 56 1
0.025876 -44.449551 0.000000 56 1
0.029025 -44.499452 0.000000 56 1
0.032302 -44.549344 0.000000 56 1
0.035714 -44.599228 0.000000 56 1
0.039271 -44.649101 0.000000 56 1
0.042981 -44.698963 0.000000 56 1
0.046855 -44.748813 0.000000 56 1
0.050903 -44.798649 0.000000 56 1
0.055137 -44.848469 0.000000 56 1
0.059572 -44.898272 0.000000 56 1
0.064220 -44.948056 0.000000 56 1
0.069097 -44.997817 0.000000 56 1
0.074222 -45.047554 0.000000 56 1
0.079612 -45.097262 0.000000 56 1
0.085289 -45.146939 0.000000 56 1
0.091276 -45.196579 0.000000 56 1
0.097599 -45.246178 0.000000 56 1
0.104287 -45.295729 0.000000 56 1
0.111370 -45.345224 0.000000 56 1
0.118884 -45.394657 0.000000 56 1
0.126870 -45.444015 0.000000 56 1
0.135372 -45.493287 0.000000 56 1
0.144438 -45.542458 0.000000 56 1
0.154127 -45.591510 0.000000 56 1
0.164500 -45.640422 0.000000 56 1
0.175629 -45.689168 0.000000 56 1
0.187596 -45.737715 0.000000 56 1
0.200492 -45.786023 0.000000 56 1
0.214420 -45.834044 0.000000 56 1
0.229497 -45.881717 0.000000 56 1
0.245856 -45.928965 0.000000 56 1
0.263643 -45.975694 0.000000 56 1
0.283023 -46.021785 0.000000 56 1
0.304176 -46.067091 0.000000 56 1
0.327293 -46.111425 0.000000 56 1
0.352577 -46.154562 0.000000 56 1
0.380225 -46.196222 0.000000 56 1
0.410421 -46.236075 0.000000 56 1
0.443306 -46.273738 0.000000 56 1
0.478962 -46.308790 0.000000 56 1
0.517374 -46.340798 0.000000 56 1
0.558416 -46.369356 0.000000 56 1
0.601841 -46.394141 0.000000 56 1
0.647299 -46.414963 0.000000 56 1
0.694377 -46.431805 0.000000 56 1
0.742651 -46.444829 0.000000 56 1
0.791734 -46.454362 0.000000 56 1
0.841310 -46.460858 0.000000 56 1
0.891150 -46.464855 0.000000 56 1
0.941107 -46.466941 0.000000 56 1
0.991101 -46.467726 0.000000 56 1
0.000000 -42.298651 0.000000 57 1
0.001982 -42.348612 0.000000 57 1
0.004000 -42.398571 0.000000 57 1
0.006091 -42.448527 0.000000 57 1
0.008261 -42.498480 0.000000 57 1
0.010512 -42.548430 0.000000 57 1
0.012852 -42.598375 0.000000 57 1
0.015283 -42.648316 0.000000 57 1
0.017813 -42.698252 0.000000 57 1
0.020447 -42.748182 0.000000 57 1
0.023191 -42.798107 0.000000 57 1
0.026053 -42.848025 0.000000 57 1
0.029041 -42.897935 0.000000 57 1
0.032162 -42.947838 0.000000 57 1
0.035426 -42.997731 0.000000 57 1
0.038844 -43.047614 0.000000 57 1
0.042425 -43.097486 0.000000 57 1
0.046182 -43.147345 0.000000 57 1
0.050129 -43.197189 0.000000 57 1
0.054280 -43.247016 0.000000 57 1
0.058650 -43.296825 0.000000 57 1
0.063259 -43.346612 0.000000 57 1
0.068125 -43.396374 0.000000 57 1
0.073271 -43.446109 0.000000 57 1
0.078722 -43.495811 0.000000 57 1
0.084504 -43.545475 0.000000 57 1
0.090650 -43.595096 0.000000 57 1
0.097193 -43.644666 0.000000 57 1
0.104172 -43.694177 0.000000 57 1
0.111633 -43.743617 0.000000 57 1
0.119625 -43.792974 0.000000 57 1
0.128207 -43.842232 0.000000 57 1
0.137443 -43.891372 0.000000 57 1
0.147409 -43.940369 0.000000 57 1
0.158190 -43.989192 0.000000 57 1
0.169888 -44.037805 0.000000 57 1
0.182614 -44.086158 0.000000 57 1
0.196503 -44.134190 0.000000 57 1
0.211705 -44.181823 0.000000 57 1
0.228395 -44.228955 0.000000 57 1
0.246773 -44.275455 0.000000 57 1
0.267062 -44.321154 0.000000 57 1
0.289510 -44.365832 0.000000 57 1
0.314382 -44.409206 0.000000 57 1
0.341948 -44.450921 0.000000 57 1
0.372456 -44.490535 0.000000 57 1
0.406101 -44.527521 0.000000 57 1
0.442972 -44.561293 0.000000 57 1
0.483004 -44.591251 0.000000 57 1
0.525944 -44.616866 0.000000 57 1
0.571362 -44.637777 0.000000 57 1
0.618699 -44.653875 0.000000 57 1
0.667368 -44.665335 0.000000 57 1
0.716839 -44.672590 0.000000 57 1
0.766704 -44.676258 0.000000 57 1
0.816698 -44.677069 0.000000 57 1
0.866682 -44.675803 0.000000 57 1
0.916616 -44.673247 0.000000 57 1
0.966523 -44.670191 0.000000 57 1
1.016446 -44.667418 0.000000 57 1
1.066417 -44.665713 0.000000 57 1
0.000000 -22.863979 0.000000 58 1
0.003162 -22.913879 0.000000 58 1
0.006382 -22.963775 0.000000 58 1
0.009726 -23.013664 0.000000 58 1
0.013201 -23.063543 0.000000 58 1
0.016815 -23.113412 0.000000 58 1
0.020575 -23.163270 0.000000 58 1
0.024492 -23.213117 0.000000 58 1
0.028574 -23.262950 0.000000 58 1
0.032833 -23.312768 0.000000 58 1
0.037281 -23.362570 0.000000 58 1
0.041930 -23.412353 0.000000 58 1
0.046794 -23.462116 0.000000 58 1
0.051889 -23.511856 0.000000 58 1
0.057230 -23.561570 0.000000 58 1
0.062837 -23.611254 0.000000 58 1
0.068728 -23.660906 0.000000 58 1
0.074928 -23.710520 0.000000 58 1
0.081459 -23.760092 0.000000 58 1
0.088349 -23.809615 0.000000 58 1
0.095628 -23.859082 0.000000 58 1
0.103330 -23.908485 0.000000 58 1
0.111491 -23.957815 0.000000 58 1
0.120152 -24.007059 0.000000 58 1
0.129361 -24.056204 0.000000 58 1
0.139169 -24.105232 0.000000 58 1
0.149635 -24.154125 0.000000 58 1
0.160824 -24.202856 0.000000 58 1
0.172811 -24.251398 0.000000 58 1
0.185679 -24.299714 0.000000 58 1
0.199522 -24.347760 0.000000 58 1
0.214447 -24.395480 0.000000 58 1
0.230573 -24.442808 0.000000 58 1
0.248035 -24.489660 0.000000 58 1
0.266982 -24.535931 0.000000 58 1
0.287581 -24.581491 0.000000 58 1
0.310010 -24.626178 0.000000 58 1
0.334463 -24.669790 0.000000 58 1
0.361136 -24.712082 0.000000 58 1
0.390220 -24.752752 0.000000 58 1
0.421887 -24.791446 0.000000 58 1
0.456263 -24.827754 0.000000 58 1
0.493404 -24.861229 0.000000 58 1
0.533268 -24.891410 0.000000 58 1
0.575693 -24.917870 0.000000 58 1
0.620395 -24.940268 0.000000 58 1
0.666991 -24.958402 0.000000 58 1
0.715038 -24.972241 0.000000 58 1
0.764088 -24.981938 0.000000 58 1
0.813743 -24.987802 0.000000 58 1
0.863683 -24.990261 0.000000 58 1
0.913681 -24.989820 0.000000 58 1
0.963602 -24.987018 0.000000 58 1
1.013389 -24.982404 0.000000 58 1
1.063042 -24.976521 0.000000 58 1
1.112602 -24.969905 0.000000 58 1
1.162134 -24.963081 0.000000 58 1
1.211709 -24.956574 0.000000 58 1
1.261387 -24.950910 0.000000 58 1
1.311203 -24.946626 0.000000 58 1
1.361147 -24.944269 0.000000 58 1
0.000000 -16.451226 0.000000 59 1
0.003823 -16.501079 0.000000 59 1
0.007720 -16.550927 0.000000 59 1
0.011771 -16.600763 0.000000 59 1
0.015987 -16.650585 0.000000 59 1
0.020378 -16.700392 0.000000 59 1
0.024954 -16.750182 0.000000 59 1
0.029727 -16.799953 0.000000 59 1
0.034711 -16.849704 0.000000 59 1
0.039920 -16.899432 0.000000 59 1
0.045370 -16.949134 0.000000 59 1
0.051076 -16.998808 0.000000 59 1
0.057059 -17.048448 0.000000 59 1
0.063337 -17.098053 0.000000 59 1
0.069934 -17.147616 0.000000 59 1
0.076874 -17.197132 0.000000 59 1
0.084185 -17.246594 0.000000 59 1
0.091896 -17.295996 0.000000 59 1
0.100041 -17.345328 0.000000 59 1
0.108656 -17.394580 0.000000 59 1
0.117783 -17.443740 0.000000 59 1
0.127469 -17.492793 0.000000 59 1
0.137763 -17.541722 0.000000 59 1
0.148724 -17.590506 0.000000 59 1
0.160416 -17.639120 0.000000 59 1
0.172911 -17.687533 0.000000 59 1
0.186290 -17.735710 0.000000 59 1
0.200644 -17.783605 0.000000 59 1
0.216076 -17.831164 0.000000 59 1
0.232700 -17.878320 0.000000 59 1
0.250644 -17.924989 0.000000 59 1
0.270050 -17.971069 0.000000 59 1
0.291074 -18.016435 0.000000 59 1
0.313885 -18.060928 0.000000 59 1
0.338663 -18.104356 0.000000 59 1
0.365593 -18.146485 0.000000 59 1
0.394854 -18.187029 0.000000 59 1
0.426607 -18.225651 0.000000 59 1
0.460978 -18.261964 0.000000 59 1
0.498029 -18.295539 0.000000 59 1
0.537733 -18.325929 0.000000 59 1
0.579960 -18.352704 0.000000 59 1
0.624461 -18.375500 0.000000 59 1
0.670886 -18.394067 0.000000 59 1
0.718815 -18.408308 0.000000 59 1
0.767808 -18.418293 0.000000 59 1
0.817452 -18.424249 0.000000 59 1
0.867400 -18.426530 0.000000 59 1
0.917390 -18.425570 0.000000 59 1
0.967252 -18.421855 0.000000 59 1
1.016894 -18.415880 0.000000 59 1
1.066291 -18.408140 0.000000 59 1
1.115470 -18.399113 0.000000 59 1
1.164490 -18.389265 0.000000 59 1
1.213435 -18.379048 0.000000 59 1
1.262396 -18.368909 0.000000 59 1
1.311463 -18.359294 0.000000 59 1
1.360712 -18.350660 0.000000 59 1
1.410193 -18.343476 0.000000 59 1
1.459917 -18.338228 0.000000 59 1
1.509838 -18.335412 0.000000 59 1
0.000000 -11.815850 0.000000 60 1
0.004660 -11.865632 0.000000 60 1
0.009412 -11.915406 0.000000 60 1
0.014358 -11.965161 0.000000 60 1
0.019511 -12.014895 0.000000 60 1
0.024883 -12.064605 0.000000 60 1
0.030489 -12.114290 0.000000 60 1
0.036344 -12.163946 0.000000 60 1
0.042466 -12.213570 0.000000 60 1
0.048872 -12.263158 0.000000 60 1
0.055583 -12.312705 0.000000 60 1
0.062621 -12.362207 0.000000 60 1
0.070011 -12.411658 0.000000 60 1
0.077778 -12.461051 0.000000 60 1
0.085953 -12.510378 0.000000 60 1
0.094568 -12.559631 0.000000 60 1
0.103658 -12.608797 0.000000 60 1
0.113264 -12.657866 0.000000 60 1
0.123429 -12.706822 0.000000 60 1
0.134202 -12.755647 0.000000 60 1
0.145638 -12.804322 0.000000 60 1
0.157797 -12.852821 0.000000 60 1
0.170747 -12.901115 0.000000 60 1
0.184563 -12.949168 0.000000 60 1
0.199329 -12.996938 0.000000 60 1
0.215140 -13.044373 0.000000 60 1
0.232098 -13.091409 0.000000 60 1
0.250321 -13.137970 0.000000 60 1
0.269934 -13.183963 0.000000 60 1
0.291079 -13.229272 0.000000 60 1
0.313904 -13.273757 0.000000 60 1
0.338570 -13.317250 0.000000 60 1
0.365240 -13.359543 0.000000 60 1
0.394077 -13.400390 0.000000 60 1
0.425230 -13.439498 0.000000 60 1
0.458822 -13.476533 0.000000 60 1
0.494933 -13.511117 0.000000 60 1
0.533573 -13.542849 0.000000 60 1
0.574672 -13.571325 0.000000 60 1
0.618060 -13.596174 0.000000 60 1
0.663471 -13.617098 0.000000 60 1
0.710560 -13.633909 0.000000 60 1
0.758935 -13.646555 0.000000 60 1
0.808194 -13.655129 0.000000 60 1
0.857971 -13.659851 0.000000 60 1
0.907956 -13.661044 0.000000 60 1
0.957918 -13.659098 0.000000 60 1
1.007701 -13.654441 0.000000 60 1
1.057218 -13.647510 0.000000 60 1
1.106443 -13.638738 0.000000 60 1
1.155393 -13.628544 0.000000 60 1
1.204120 -13.617333 0.000000 60 1
1.252697 -13.605493 0.000000 60 1
1.301214 -13.593402 0.000000 60 1
1.349761 -13.581437 0.000000 60 1
1.398429 -13.569973 0.000000 60 1
1.447297 -13.559396 0.000000 60 1
1.496426 -13.550104 0.000000 60 1
1.545847 -13.542511 0.000000 60 1
1.595547 -13.537047 0.000000 60 1
1.645463 -13.534148 0.000000 60 1
0.000000 -11.293281 0.000000 61 1
0.004299 -11.343096 0.000000 61 1
0.008686 -11.392903 0.000000 61 1
0.013257 -11.442693 0.000000 61 1
0.018024 -11.492466 0.000000 61 1
0.023000 -11.542217 0.000000 61 1
0.028199 -11.591946 0.000000 61 1
0.033637 -11.641650 0.000000 61 1
0.039329 -11.691325 0.000000 61 1
0.045295 -11.740968 0.000000 61 1
0.051554 -11.790574 0.000000 61 1
0.058129 -11.840140 0.000000 61 1
0.065045 -11.889660 0.000000 61 1
0.072327 -11.939126 0.000000 61 1
0.080007 -11.988533 0.000000 61 1
0.088118 -12.037871 0.000000 61 1
0.096695 -12.087130 0.000000 61 1
0.105781 -12.136297 0.000000 61 1
0.115421 -12.185359 0.000000 61 1
0.125666 -12.234298 0.000000 61 1
0.136574 -12.283094 0.000000 61 1
0.148211 -12.331721 0.000000 61 1
0.160648 -12.380149 0.000000 61 1
0.173967 -12.428343 0.000000 61 1
0.188263 -12.476255 0.000000 61 1
0.203638 -12.523833 0.000000 61 1
0.220210 -12.571007 0.000000 61 1
0.238112 -12.617692 0.000000 61 1
0.257492 -12.663783 0.000000 61 1
0.278512 -12.709150 0.000000 61 1
0.301353 -12.753628 0.000000 61 1
0.326207 -12.797013 0.000000 61 1
0.353273 -12.839054 0.000000 61 1
0.382750 -12.879441 0.000000 61 1
0.414819 -12.917802 0.000000 61 1
0.449620 -12.953704 0.000000 61 1
0.487225 -12.986656 0.000000 61 1
0.527605 -13.016142 0.000000 61 1
0.570606 -13.041656 0.000000 61 1
0.615930 -13.062768 0.000000 61 1
0.663160 -13.079180 0.000000 61 1
0.711796 -13.090777 0.000000 61 1
0.761322 -13.097644 0.000000 61 1
0.811264 -13.100049 0.000000 61 1
0.861237 -13.098393 0.000000 61 1
0.910963 -13.093166 0.000000 61 1
0.960273 -13.084888 0.000000 61 1
1.009092 -13.074083 0.000000 61 1
1.057417 -13.061250 0.000000 61 1
1.105301 -13.046859 0.000000 61 1
1.152836 -13.031353 0.000000 61 1
1.200136 -13.015146 0.000000 61 1
1.247332 -12.998635 0.000000 61 1
1.294558 -12.982213 0.000000 61 1
1.341948 -12.966272 0.000000 61 1
1.389628 -12.951215 0.000000 61 1
1.437701 -12.937471 0.000000 61 1
1.486245 -12.925491 0.000000 61 1
1.535289 -12.915761 0.000000 61 1
1.584801 -12.908793 0.000000 61 1
1.634665 -12.905112 0.000000 61 1
0.000000 -8.078034 0.000000 62 1
0.005308 -8.127751 0.000000 62 1
0.010725 -8.177457 0.000000 62 1
0.016374 -8.227137 0.000000 62 1
0.022269 -8.276788 0.000000 62 1
0.028427 -8.326407 0.000000 62 1
0.034866 -8.375991 0.000000 62 1
0.041606 -8.425535 0.000000 62 1
0.048667 -8.475034 0.000000 62 1
0.056073 -8.524482 0.000000 62 1
0.063850 -8.573873 0.000000 62 1
0.072027 -8.623200 0.000000 62 1
0.080635 -8.672454 0.000000 62 1
0.089708 -8.721624 0.000000 62 1
0.099285 -8.770698 0.000000 62 1
0.109407 -8.819663 0.000000 62 1
0.120123 -8.868501 0.000000 62 1
0.131483 -8.917193 0.000000 62 1
0.143547 -8.965716 0.000000 62 1
0.156379 -9.014041 0.000000 62 1
0.170052 -9.062136 0.000000 62 1
0.184646 -9.109958 0.000000 62 1
0.200252 -9.157460 0.000000 62 1
0.216970 -9.204583 0.000000 62 1
0.234911 -9.251253 0.000000 62 1
0.254200 -9.297383 0.000000 62 1
0.274972 -9.342864 0.000000 62 1
0.297374 -9.387564 0.000000 62 1
0.321565 -9.431323 0.000000 62 1
0.347709 -9.473943 0.000000 62 1
0.375974 -9.515187 0.000000 62 1
0.406519 -9.554773 0.000000 62 1
0.439482 -9.592368 0.000000 62 1
0.474965 -9.627596 0.000000 62 1
0.513009 -9.660040 0.000000 62 1
0.553574 -9.689271 0.000000 62 1
0.596523 -9.714873 0.000000 62 1
0.641610 -9.736487 0.000000 62 1
0.688497 -9.753853 0.000000 62 1
0.736779 -9.766848 0.000000 62 1
0.786025 -9.775499 0.000000 62 1
0.835824 -9.779977 0.000000 62 1
0.885820 -9.780573 0.000000 62 1
0.935735 -9.777661 0.000000 62 1
0.985374 -9.771663 0.000000 62 1
1.034621 -9.763016 0.000000 62 1
1.083426 -9.752153 0.000000 62 1
1.131796 -9.739487 0.000000 62 1
1.179774 -9.725412 0.000000 62 1
1.227435 -9.710298 0.000000 62 1
1.274872 -9.694495 0.000000 62 1
1.322190 -9.678340 0.000000 62 1
1.369501 -9.662163 0.000000 62 1
1.416915 -9.646293 0.000000 62 1
1.464540 -9.631066 0.000000 62 1
1.512471 -9.616830 0.000000 62 1
1.560784 -9.603953 0.000000 62 1
1.609530 -9.592823 0.000000 62 1
1.658718 -9.583853 0.000000 62 1
1.708310 -9.577474 0.000000 62 1
1.758197 -9.574122 0.000000 62 1
0.000000 -54.452479 0.000000 63 1
0.007176 -54.501961 0.000000 63 1
0.014428 -54.551433 0.000000 63 1
0.021838 -54.600881 0.000000 63 1
0.029411 -54.650304 0.000000 63 1
0.037152 -54.699701 0.000000 63 1
0.045069 -54.749070 0.000000 63 1
0.053168 -54.798410 0.000000 63 1
0.061456 -54.847718 0.000000 63 1
0.069939 -54.896993 0.000000 63 1
0.078626 -54.946233 0.000000 63 1
0.087525 -54.995434 0.000000 63 1
0.096644 -55.044596 0.000000 63 1
0.105992 -55.093714 0.000000 63 1
0.115580 -55.142786 0.000000 63 1
0.125416 -55.191809 0.000000 63 1
0.135513 -55.240779 0.000000 63 1
0.145880 -55.289693 0.000000 63 1
0.156532 -55.338545 0.000000 63 1
0.167479 -55.387332 0.000000 63 1
0.178737 -55.436048 0.000000 63 1
0.190320 -55.484688 0.000000 63 1
0.202243 -55.533245 0.000000 63 1
0.214523 -55.581714 0.000000 63 1
0.227179 -55.630086 0.000000 63 1
0.240228 -55.678353 0.000000 63 1
0.253692 -55.726506 0.000000 63 1
0.267592 -55.774535 0.000000 63 1
0.281952 -55.822428 0.000000 63 1
0.296798 -55.870174 0.000000 63 1
0.312156 -55.917757 0.000000 63 1
0.328055 -55.965161 0.000000 63 1
0.344528 -56.012370 0.000000 63 1
0.361607 -56.059362 0.000000 63 1
0.379330 -56.106116 0.000000 63 1
0.397736 -56.152605 0.000000 63 1
0.416868 -56.198800 0.000000 63 1
0.436771 -56.244668 0.000000 63 1
0.457495 -56.290171 0.000000 63 1
0.479094 -56.335265 0.000000 63 1
0.501624 -56.379901 0.000000 63 1
0.525148 -56.424022 0.000000 63 1
0.549730 -56.467561 0.000000 63 1
0.575442 -56.510444 0.000000 63 1
0.602356 -56.552582 0.000000 63 1
0.630551 -56.593875 0.000000 63 1
0.660106 -56.634205 0.000000 63 1
0.691102 -56.673438 0.000000 63 1
0.723620 -56.711419 0.000000 63 1
0.757736 -56.747971 0.000000 63 1
0.793520 -56.782893 0.000000 63 1
0.831027 -56.815957 0.000000 63 1
0.870294 -56.846910 0.000000 63 1
0.911329 -56.875478 0.000000 63 1
0.954107 -56.901364 0.000000 63 1
0.998554 -56.924265 0.000000 63 1
1.044546 -56.943879 0.000000 63 1
1.091902 -56.959923 0.000000 63 1
1.140383 -56.972154 0.000000 63 1
1.189701 -56.980382 0.000000 63 1
1.239532 -56.984495 0.000000 63 1
0.000000 -52.800902 0.000000 64 1
0.005102 -52.850641 0.000000 64 1
0.010281 -52.900372 0.000000 64 1
0.015622 -52.950086 0.000000 64 1
0.021132 -52.999782 0.000000 64 1
0.026819 -53.049457 0.000000 64 1
0.032691 -53.099111 0.000000 64 1
0.038758 -53.148742 0.000000 64 1
0.045029 -53.198347 0.000000 64 1
0.051515 -53.247925 0.000000 64 1
0.058227 -53.297472 0.000000 64 1
0.065176 -53.346987 0.000000 64 1
0.072376 -53.396466 0.000000 64 1
0.079840 -53.445905 0.000000 64 1
0.087582 -53.495302 0.000000 64 1
0.095618 -53.544652 0.000000 64 1
0.103965 -53.593951 0.000000 64 1
0.112640 -53.643192 0.000000 64 1
0.121662 -53.692372 0.000000 64 1
0.131054 -53.741482 0.000000 64 1
0.140836 -53.790516 0.000000 64 1
0.151032 -53.839465 0.000000 64 1
0.161670 -53.888320 0.000000 64 1
0.172776 -53.937071 0.000000 64 1
0.184381 -53.985706 0.000000 64 1
0.196518 -54.034210 0.000000 64 1
0.209221 -54.082570 0.000000 64 1
0.222528 -54.130766 0.000000 64 1
0.236482 -54.178780 0.000000 64 1
0.251126 -54.226587 0.000000 64 1
0.266507 -54.274163 0.000000 64 1
0.282678 -54.321475 0.000000 64 1
0.299694 -54.368491 0.000000 64 1
0.317614 -54.415169 0.000000 64 1
0.336501 -54.461465 0.000000 64 1
0.356424 -54.507324 0.000000 64 1
0.377453 -54.552687 0.000000 64 1
0.399664 -54.597483 0.000000 64 1
0.423134 -54.641632 0.000000 64 1
0.447942 -54.685044 0.000000 64 1
0.474168 -54.727613 0.000000 64 1
0.501892 -54.769224 0.000000 64 1
0.531187 -54.809743 0.000000 64 1
0.562120 -54.849025 0.000000 64 1
0.594749 -54.886912 0.000000 64 1
0.629113 -54.923231 0.000000 64 1
0.665235 -54.957803 0.000000 64 1
0.703109 -54.990446 0.000000 64 1
0.742704 -55.020978 0.000000 64 1
0.783958 -55.049229 0.000000 64 1
0.826775 -55.075050 0.000000 64 1
0.871030 -55.098319 0.000000 64 1
0.916575 -55.118951 0.000000 64 1
0.963240 -55.136905 0.000000 64 1
1.010848 -55.152186 0.000000 64 1
1.059219 -55.164843 0.000000 64 1
1.108182 -55.174974 0.000000 64 1
1.157580 -55.182710 0.000000 64 1
1.207276 -55.188217 0.000000 64 1
1.257156 -55.191686 0.000000 64 1
1.307129 -55.193322 0.000000 64 1
0.000000 -51.149326 0.000000 65 1
0.003955 -51.199169 0.000000 65 1
0.007980 -51.249007 0.000000 65 1
0.012152 -51.298832 0.000000 65 1
0.016479 -51.348645 0.000000 65 1
0.020969 -51.398443 0.000000 65 1
0.025632 -51.448225 0.000000 65 1
0.030478 -51.497989 0.000000 65 1
0.035518 -51.547735 0.000000 65 1
0.040764 -51.597459 0.000000 65 1
0.046228 -51.647159 0.000000 65 1
0.051924 -51.696834 0.000000 65 1
0.057867 -51.746479 0.000000 65 1
0.064074 -51.796093 0.000000 65 1
0.070561 -51.845670 0.000000 65 1
0.077348 -51.895207 0.000000 65 1
0.084457 -51.944699 0.000000 65 1
0.091909 -51.994141 0.000000 65 1
0.099729 -52.043525 0.000000 65 1
0.107946 -52.092846 0.000000 65 1
0.116589 -52.142093 0.000000 65 1
0.125691 -52.191258 0.000000 65 1
0.135288 -52.240328 0.000000 65 1
0.145421 -52.289290 0.000000 65 1
0.156133 -52.338130 0.000000 65 1
0.167472 -52.386827 0.000000 65 1
0.179493 -52.435360 0.000000 65 1
0.192255 -52.483704 0.000000 65 1
0.205824 -52.531828 0.000000 65 1
0.220271 -52.579695 0.000000 65 1
0.235676 -52.627263 0.000000 65 1
0.252127 -52.674479 0.000000 65 1
0.269721 -52.721281 0.000000 65 1
0.288561 -52.767596 0.000000 65 1
0.308762 -52.813333 0.000000 65 1
0.330444 -52.858388 0.000000 65 1
0.353734 -52.902632 0.000000 65 1
0.378765 -52.945916 0.000000 65 1
0.405667 -52.988061 0.000000 65 1
0.434565 -53.028865 0.000000 65 1
0.465571 -53.068090 0.000000 65 1
0.498769 -53.105479 0.000000 65 1
0.534210 -53.140748 0.000000 65 1
0.571896 -53.173608 0.000000 65 1
0.611768 -53.203777 0.000000 65 1
0.653706 -53.231003 0.000000 65 1
0.697523 -53.255088 0.000000 65 1
0.742982 -53.275907 0.000000 65 1
0.789811 -53.293430 0.000000 65 1
0.837725 -53.307720 0.000000 65 1
0.886451 -53.318937 0.000000 65 1
0.935744 -53.327319 0.000000 65 1
0.985401 -53.333165 0.000000 65 1
1.035267 -53.336822 0.000000 65 1
1.085233 -53.338659 0.000000 65 1
1.135231 -53.339065 0.000000 65 1
1.185227 -53.338432 0.000000 65 1
1.235211 -53.337153 0.000000 65 1
1.285187 -53.335623 0.000000 65 1
1.335168 -53.334234 0.000000 65 1
1.385161 -53.333382 0.000000 65 1
0.000000 -37.123312 0.000000 66 1
0.004297 -37.173127 0.000000 66 1
0.008678 -37.222934 0.000000 66 1
0.013232 -37.272727 0.000000 66 1
0.017970 -37.322502 0.000000 66 1
0.022904 -37.372257 0.000000 66 1
0.028047 -37.421992 0.000000 66 1
0.033410 -37.471704 0.000000 66 1
0.039010 -37.521389 0.000000 66 1
0.044862 -37.571046 0.000000 66 1
0.050983 -37.620670 0.000000 66 1
0.057392 -37.670257 0.000000 66 1
0.064109 -37.719804 0.000000 66 1
0.071158 -37.769305 0.000000 66 1
0.078562 -37.818753 0.000000 66 1
0.086350 -37.868143 0.000000 66 1
0.094551 -37.917466 0.000000 66 1
0.103199 -37.966712 0.000000 66 1
0.112329 -38.015872 0.000000 66 1
0.121984 -38.064931 0.000000 66 1
0.132207 -38.113874 0.000000 66 1
0.143049 -38.162685 0.000000 66 1
0.154566 -38.211340 0.000000 66 1
0.166819 -38.259816 0.000000 66 1
0.179877 -38.308080 0.000000 66 1
0.193819 -38.356097 0.000000 66 1
0.208729 -38.403822 0.000000 66 1
0.224704 -38.451202 0.000000 66 1
0.241849 -38.498170 0.000000 66 1
0.260282 -38.544648 0.000000 66 1
0.280133 -38.590539 0.000000 66 1
0.301540 -38.635725 0.000000 66 1
0.324656 -38.680061 0.000000 66 1
0.349637 -38.723372 0.000000 66 1
0.376646 -38.765450 0.000000 66 1
0.405838 -38.806044 0.000000 66 1
0.437354 -38.844860 0.000000 66 1
0.471304 -38.881567 0.000000 66 1
0.507752 -38.915795 0.000000 66 1
0.546691 -38.947160 0.000000 66 1
0.588030 -38.975286 0.000000 66 1
0.631588 -38.999836 0.000000 66 1
0.677093 -39.020556 0.000000 66 1
0.724204 -39.037305 0.000000 66 1
0.772546 -39.050073 0.000000 66 1
0.821746 -39.058986 0.000000 66 1
0.871464 -39.064288 0.000000 66 1
0.921422 -39.066315 0.000000 66 1
0.971415 -39.065463 0.000000 66 1
1.021306 -39.062158 0.000000 66 1
1.071022 -39.056839 0.000000 66 1
1.120544 -39.049941 0.000000 66 1
1.169892 -39.041890 0.000000 66 1
1.219113 -39.033101 0.000000 66 1
1.268274 -39.023979 0.000000 66 1
1.317448 -39.014927 0.000000 66 1
1.366706 -39.006347 0.000000 66 1
1.416110 -38.998648 0.000000 66 1
1.465699 -38.992249 0.000000 66 1
1.515480 -38.987578 0.000000 66 1
1.565417 -38.985074 0.000000 66 1
0.000000 -26.913472 0.000000 67 1
0.004832 -26.963238 0.000000 67 1
0.009762 -27.012994 0.000000 67 1
0.014899 -27.062730 0.000000 67 1
0.020256 -27.112442 0.000000 67 1
0.025846 -27.162128 0.000000 67 1
0.031687 -27.211786 0.000000 67 1
0.037794 -27.261412 0.000000 67 1
0.044187 -27.311001 0.000000 67 1
0.050886 -27.360550 0.000000 67 1
0.057913 -27.410054 0.000000 67 1
0.065293 -27.459507 0.000000 67 1
0.073053 -27.508901 0.000000 67 1
0.081223 -27.558229 0.000000 67 1
0.089836 -27.607481 0.000000 67 1
0.098928 -27.656648 0.000000 67 1
0.108541 -27.705715 0.000000 67 1
0.118717 -27.754668 0.000000 67 1
0.129509 -27.803490 0.000000 67 1
0.140971 -27.852158 0.000000 67 1
0.153167 -27.900648 0.000000 67 1
0.166164 -27.948929 0.000000 67 1
0.180042 -27.996965 0.000000 67 1
0.194888 -28.044710 0.000000 67 1
0.210798 -28.092111 0.000000 67 1
0.227882 -28.139102 0.000000 67 1
0.246260 -28.185602 0.000000 67 1
0.266065 -28.231512 0.000000 67 1
0.287444 -28.276711 0.000000 67 1
0.310556 -28.321049 0.000000 67 1
0.335569 -28.364343 0.000000 67 1
0.362654 -28.406371 0.000000 67 1
0.391984 -28.446865 0.000000 67 1
0.423713 -28.485508 0.000000 67 1
0.457968 -28.521931 0.000000 67 1
0.494819 -28.555724 0.000000 67 1
0.534265 -28.586449 0.000000 67 1
0.576205 -28.613670 0.000000 67 1
0.620431 -28.636996 0.000000 67 1
0.666628 -28.656124 0.000000 67 1
0.714401 -28.670880 0.000000 67 1
0.763314 -28.681247 0.000000 67 1
0.812939 -28.687363 0.000000 67 1
0.862893 -28.689501 0.000000 67 1
0.912871 -28.688029 0.000000 67 1
0.962654 -28.683377 0.000000 67 1
1.012107 -28.675998 0.000000 67 1
1.061166 -28.666346 0.000000 67 1
1.109829 -28.654859 0.000000 67 1
1.158135 -28.641955 0.000000 67 1
1.206157 -28.628030 0.000000 67 1
1.253988 -28.613462 0.000000 67 1
1.301733 -28.598616 0.000000 67 1
1.349503 -28.583850 0.000000 67 1
1.397407 -28.569526 0.000000 67 1
1.445546 -28.556014 0.000000 67 1
1.494006 -28.543698 0.000000 67 1
1.542845 -28.532985 0.000000 67 1
1.592085 -28.524301 0.000000 67 1
1.641698 -28.518095 0.000000 67 1
1.691591 -28.514821 0.000000 67 1
0.000000 -19.488345 0.000000 68 1
0.005566 -19.538034 0.000000 68 1
0.011248 -19.587710 0.000000 68 1
0.017177 -19.637357 0.000000 68 1
0.023370 -19.686973 0.000000 68 1
0.029843 -19.736552 0.000000 68 1
0.036617 -19.786091 0.000000 68 1
0.043712 -19.835585 0.000000 68 1
0.051153 -19.885028 0.000000 68 1
0.058965 -19.934414 0.000000 68 1
0.067177 -19.983735 0.000000 68 1
0.075818 -20.032983 0.000000 68 1
0.084925 -20.082146 0.000000 68 1
0.094535 -20.131214 0.000000 68 1
0.104689 -20.180172 0.000000 68 1
0.115436 -20.229004 0.000000 68 1
0.126827 -20.277689 0.000000 68 1
0.138919 -20.326204 0.000000 68 1
0.151778 -20.374523 0.000000 68 1
0.165476 -20.422610 0.000000 68 1
0.180093 -20.470425 0.000000 68 1
0.195719 -20.517921 0.000000 68 1
0.212454 -20.565037 0.000000 68 1
0.230410 -20.611702 0.000000 68 1
0.249710 -20.657827 0.000000 68 1
0.270489 -20.703305 0.000000 68 1
0.292895 -20.748003 0.000000 68 1
0.317087 -20.791761 0.000000 68 1
0.343231 -20.834381 0.000000 68 1
0.371495 -20.875626 0.000000 68 1
0.402040 -20.915212 0.000000 68 1
0.435008 -20.952803 0.000000 68 1
0.470503 -20.988018 0.000000 68 1
0.508571 -21.020435 0.000000 68 1
0.549174 -21.049614 0.000000 68 1
0.592175 -21.075126 0.000000 68 1
0.637329 -21.096600 0.000000 68 1
0.684291 -21.113762 0.000000 68 1
0.732648 -21.126475 0.000000 68 1
0.781958 -21.134757 0.000000 68 1
0.831796 -21.138775 0.000000 68 1
0.881796 -21.138819 0.000000 68 1
0.931669 -21.135266 0.000000 68 1
0.981215 -21.128538 0.000000 68 1
1.030311 -21.119076 0.000000 68 1
1.078908 -21.107312 0.000000 68 1
1.127008 -21.093661 0.000000 68 1
1.174658 -21.078511 0.000000 68 1
1.221931 -21.062225 0.000000 68 1
1.268924 -21.045147 0.000000 68 1
1.315744 -21.027600 0.000000 68 1
1.362506 -21.009900 0.000000 68 1
1.409328 -20.992357 0.000000 68 1
1.456324 -20.975288 0.000000 68 1
1.503603 -20.959018 0.000000 68 1
1.551258 -20.943887 0.000000 68 1
1.599366 -20.930261 0.000000 68 1
1.647970 -20.918529 0.000000 68 1
1.697074 -20.909105 0.000000 68 1
1.746625 -20.902421 0.000000 68 1
1.796502 -20.898919 0.000000 68 1
0.000000 -14.093690 0.000000 69 1
0.006524 -14.143262 0.000000 69 1
0.013188 -14.192816 0.000000 69 1
0.020148 -14.242329 0.000000 69 1
0.027425 -14.291797 0.000000 69 1
0.035040 -14.341214 0.000000 69 1
0.043017 -14.390573 0.000000 69 1
0.051383 -14.439868 0.000000 69 1
0.060167 -14.489091 0.000000 69 1
0.069400 -14.538231 0.000000 69 1
0.079118 -14.587277 0.000000 69 1
0.089359 -14.636217 0.000000 69 1
0.100165 -14.685036 0.000000 69 1
0.111584 -14.733714 0.000000 69 1
0.123667 -14.782232 0.000000 69 1
0.136474 -14.830564 0.000000 69 1
0.150067 -14.878681 0.000000 69 1
0.164518 -14.926547 0.000000 69 1
0.179906 -14.974120 0.000000 69 1
0.196319 -15.021350 0.000000 69 1
0.213855 -15.068174 0.000000 69 1
0.232619 -15.114519 0.000000 69 1
0.252731 -15.160296 0.000000 69 1
0.274318 -15.205396 0.000000 69 1
0.297518 -15.249688 0.000000 69 1
0.322479 -15.293012 0.000000 69 1
0.349351 -15.335176 0.000000 69 1
0.378287 -15.375953 0.000000 69 1
0.409428 -15.415071 0.000000 69 1
0.442897 -15.452217 0.000000 69 1
0.478781 -15.487036 0.000000 69 1
0.517113 -15.519140 0.000000 69 1
0.557853 -15.548127 0.000000 69 1
0.600873 -15.573608 0.000000 69 1
0.645952 -15.595239 0.000000 69 1
0.692782 -15.612759 0.000000 69 1
0.740989 -15.626027 0.000000 69 1
0.790172 -15.635030 0.000000 69 1
0.839935 -15.639890 0.000000 69 1
0.889926 -15.640842 0.000000 69 1
0.939857 -15.638205 0.000000 69 1
0.989513 -15.632351 0.000000 69 1
1.038754 -15.623674 0.000000 69 1
1.087506 -15.612571 0.000000 69 1
1.135746 -15.599424 0.000000 69 1
1.183497 -15.584596 0.000000 69 1
1.230810 -15.568425 0.000000 69 1
1.277760 -15.551230 0.000000 69 1
1.324437 -15.533308 0.000000 69 1
1.370943 -15.514943 0.000000 69 1
1.417382 -15.496412 0.000000 69 1
1.463862 -15.477984 0.000000 69 1
1.510491 -15.459935 0.000000 69 1
1.557370 -15.442546 0.000000 69 1
1.604592 -15.426112 0.000000 69 1
1.652236 -15.410945 0.000000 69 1
1.700360 -15.397378 0.000000 69 1
1.748994 -15.385770 0.000000 69 1
1.798127 -15.376499 0.000000 69 1
1.847697 -15.369958 0.000000 69 1
1.897581 -15.366545 0.000000 69 1
0.000000 -36.537036 0.000000 70 1
0.010167 -36.488080 0.000000 70 1
0.020591 -36.439179 0.000000 70 1
0.031562 -36.390397 0.000000 70 1
0.043124 -36.341753 0.000000 70 1
0.055326 -36.293264 0.000000 70 1
0.068222 -36.244956 0.000000 70 1
0.081871 -36.196855 0.000000 70 1
0.096341 -36.148994 0.000000 70 1
0.111704 -36.101413 0.000000 70 1
0.128043 -36.054158 0.000000 70 1
0.145448 -36.007286 0.000000 70 1
0.164021 -35.960863 0.000000 70 1
0.183873 -35.914973 0.000000 70 1
0.205126 -35.869715 0.000000 70 1
0.227914 -35.825209 0.000000 70 1
0.252379 -35.781604 0.000000 70 1
0.278673 -35.739076 0.000000 70 1
0.306953 -35.697842 0.000000 70 1
0.337374 -35.658161 0.000000 70 1
0.370076 -35.620338 0.000000 70 1
0.405179 -35.584732 0.000000 70 1
0.442755 -35.551747 0.000000 70 1
0.482812 -35.521823 0.000000 70 1
0.525270 -35.495416 0.000000 70 1
0.569946 -35.472965 0.000000 70 1
0.616547 -35.454844 0.000000 70 1
0.664684 -35.441324 0.000000 70 1
0.713906 -35.432534 0.000000 70 1
0.763738 -35.428449 0.000000 70 1
0.813736 -35.428894 0.000000 70 1
0.863517 -35.433577 0.000000 70 1
0.912780 -35.442127 0.000000 70 1
0.961317 -35.454133 0.000000 70 1
1.009002 -35.469173 0.000000 70 1
1.055775 -35.486844 0.000000 70 1
1.101634 -35.506768 0.000000 70 1
1.146614 -35.528603 0.000000 70 1
1.190780 -35.552043 0.000000 70 1
1.234213 -35.576812 0.000000 70 1
1.277010 -35.602667 0.000000 70 1
1.319270 -35.629388 0.000000 70 1
1.361101 -35.656778 0.000000 70 1
1.402610 -35.684652 0.000000 70 1
1.443907 -35.712841 0.000000 70 1
1.485100 -35.741180 0.000000 70 1
1.526301 -35.769509 0.000000 70 1
1.567617 -35.797668 0.000000 70 1
1.609160 -35.825493 0.000000 70 1
1.651037 -35.852811 0.000000 70 1
1.693357 -35.879438 0.000000 70 1
1.736226 -35.905174 0.000000 70 1
1.779743 -35.929795 0.000000 70 1
1.824004 -35.953054 0.000000 70 1
1.869088 -35.974675 0.000000 70 1
1.915056 -35.994344 0.000000 70 1
1.961942 -36.011716 0.000000 70 1
2.009734 -36.026410 0.000000 70 1
2.058368 -36.038018 0.000000 70 1
2.107707 -36.046120 0.000000 70 1
2.157531 -36.050307 0.000000 70 1
0.000000 -47.477365 0.000000 71 1
0.011376 -47.428676 0.000000 71 1
0.023036 -47.380055 0.000000 71 1
0.035300 -47.331582 0.000000 71 1
0.048216 -47.283279 0.000000 71 1
0.061836 -47.235170 0.000000 71 1
0.076217 -47.187283 0.000000 71 1
0.091423 -47.139651 0.000000 71 1
0.107523 -47.092314 0.000000 71 1
0.124593 -47.045318 0.000000 71 1
0.142719 -46.998720 0.000000 71 1
0.161993 -46.952584 0.000000 71 1
0.182515 -46.906989 0.000000 71 1
0.204395 -46.862031 0.000000 71 1
0.227751 -46.817821 0.000000 71 1
0.252707 -46.774495 0.000000 71 1
0.279395 -46.732213 0.000000 71 1
0.307946 -46.691166 0.000000 71 1
0.338490 -46.651580 0.000000 71 1
0.371145 -46.613716 0.000000 71 1
0.406008 -46.577876 0.000000 71 1
0.443143 -46.544394 0.000000 71 1
0.482562 -46.513635 0.000000 71 1
0.524215 -46.485976 0.000000 71 1
0.567974 -46.461785 0.000000 71 1
0.613626 -46.441392 0.000000 71 1
0.660882 -46.425057 0.000000 71 1
0.709394 -46.412946 0.000000 71 1
0.758775 -46.405108 0.000000 71 1
0.808643 -46.401474 0.000000 71 1
0.858641 -46.401869 0.000000 71 1
0.908468 -46.406036 0.000000 71 1
0.957883 -46.413660 0.000000 71 1
1.006717 -46.424396 0.000000 71 1
1.054860 -46.437895 0.000000 71 1
1.102259 -46.453812 0.000000 71 1
1.148901 -46.471825 0.000000 71 1
1.194810 -46.491635 0.000000 71 1
1.240031 -46.512967 0.000000 71 1
1.284628 -46.535574 0.000000 71 1
1.328678 -46.559230 0.000000 71 1
1.372265 -46.583728 0.000000 71 1
1.415479 -46.608879 0.000000 71 1
1.458412 -46.634506 0.000000 71 1
1.501159 -46.660443 0.000000 71 1
1.543816 -46.686527 0.000000 71 1
1.586478 -46.712602 0.000000 71 1
1.629243 -46.738510 0.000000 71 1
1.672205 -46.764088 0.000000 71 1
1.715459 -46.789170 0.000000 71 1
1.759098 -46.813576 0.000000 71 1
1.803210 -46.837115 0.000000 71 1
1.847879 -46.859580 0.000000 71 1
1.893180 -46.880741 0.000000 71 1
1.939176 -46.900348 0.000000 71 1
1.985910 -46.918123 0.000000 71 1
2.033400 -46.933764 0.000000 71 1
2.081631 -46.946945 0.000000 71 1
2.130543 -46.957322 0.000000 71 1
2.180018 -46.964544 0.000000 71 1
2.229880 -46.968269 0.000000 71 1
0.000000 -61.651577 0.000000 72 1
0.016537 -61.604391 0.000000 72 1
0.033461 -61.557342 0.000000 72 1
0.051202 -61.510595 0.000000 72 1
0.069816 -61.464189 0.000000 72 1
0.089359 -61.418167 0.000000 72 1
0.109895 -61.372579 0.000000 72 1
0.131490 -61.327482 0.000000 72 1
0.154212 -61.282944 0.000000 72 1
0.178135 -61.239038 0.000000 72 1
0.203333 -61.195852 0.000000 72 1
0.229882 -61.153483 0.000000 72 1
0.257860 -61.112043 0.000000 72 1
0.287341 -61.071659 0.000000 72 1
0.318395 -61.032472 0.000000 72 1
0.351084 -60.994638 0.000000 72 1
0.385460 -60.958329 0.000000 72 1
0.421558 -60.923732 0.000000 72 1
0.459391 -60.891043 0.000000 72 1
0.498950 -60.860463 0.000000 72 1
0.540194 -60.832197 0.000000 72 1
0.583048 -60.806438 0.000000 72 1
0.627405 -60.783363 0.000000 72 1
0.673125 -60.763123 0.000000 72 1
0.720040 -60.745832 0.000000 72 1
0.767961 -60.731562 0.000000 72 1
0.816684 -60.720334 0.000000 72 1
0.866005 -60.712125 0.000000 72 1
0.915728 -60.706864 0.000000 72 1
0.965669 -60.704437 0.000000 72 1
1.015668 -60.704701 0.000000 72 1
1.065590 -60.707484 0.000000 72 1
1.115328 -60.712600 0.000000 72 1
1.164799 -60.719851 0.000000 72 1
1.213948 -60.729038 0.000000 72 1
1.262740 -60.739961 0.000000 72 1
1.311161 -60.752428 0.000000 72 1
1.359213 -60.766251 0.000000 72 1
1.406910 -60.781251 0.000000 72 1
1.454278 -60.797259 0.000000 72 1
1.501352 -60.814112 0.000000 72 1
1.548173 -60.831656 0.000000 72 1
1.594787 -60.849742 0.000000 72 1
1.641244 -60.868229 0.000000 72 1
1.687595 -60.886978 0.000000 72 1
1.733896 -60.905854 0.000000 72 1
1.780200 -60.924721 0.000000 72 1
1.826561 -60.943445 0.000000 72 1
1.873034 -60.961891 0.000000 72 1
1.919671 -60.979920 0.000000 72 1
1.966520 -60.997387 0.000000 72 1
2.013628 -61.014146 0.000000 72 1
2.061035 -61.030040 0.000000 72 1
2.108773 -61.044907 0.000000 72 1
2.156869 -61.058575 0.000000 72 1
2.205335 -61.070864 0.000000 72 1
2.254172 -61.081587 0.000000 72 1
2.303362 -61.090549 0.000000 72 1
2.352869 -61.097552 0.000000 72 1
2.402634 -61.102394 0.000000 72 1
2.452572 -61.104881 0.000000 72 1
0.000000 -60.000000 0.000000 73 1
0.050000 -60.000000 0.000000 73 1
0.100000 -60.000000 0.000000 73 1
0.150000 -60.000000 0.000000 73 1
0.200000 -60.000000 0.000000 73 1
0.250000 -60.000000 0.000000 73 1
0.300000 -60.000000 0.000000 73 1
0.350000 -60.000000 0.000000 73 1
0.400000 -60.000000 0.000000 73 1
0.450000 -60.000000 0.000000 73 1
0.500000 -60.000000 0.000000 73 1
0.550000 -60.000000 0.000000 73 1
0.600000 -60.000000 0.000000 73 1
0.650000 -60.000000 0.000000 73 1
0.700000 -60.000000 0.000000 73 1
0.750000 -60.000000 0.000000 73 1
0.800000 -60.000000 0.000000 73 1
0.850000 -60.000000 0.000000 73 1
0.900000 -60.000000 0.000000 73 1
0.950000 -60.000000 0.000000 73 1
1.000000 -60.000000 0.000000 73 1
1.050000 -60.000000 0.000000 73 1
1.100000 -60.000000 0.000000 73 1
1.150000 -60.000000 0.000000 73 1
1.200000 -60.000000 0.000000 73 1
1.250000 -60.000000 0.000000 73 1
1.300000 -60.000000 0.000000 73 1
1.350000 -60.000000 0.000000 73 1
1.400000 -60.000000 0.000000 73 1
1.450000 -60.000000 0.000000 73 1
1.500000 -60.000000 0.000000 73 1
1.550000 -60.000000 0.000000 73 1
1.600000 -60.000000 0.000000 73 1
1.650000 -60.000000 0.000000 73 1
1.700000 -60.000000 0.000000 73 1
1.750000 -60.000000 0.000000 73 1
1.800000 -60.000000 0.000000 73 1
1.850000 -60.000000 0.000000 73 1
1.900000 -60.000000 0.000000 73 1
1.950000 -60.000000 0.000000 73 1
2.000000 -60.000000 0.000000 73 1
2.050000 -60.000000 0.000000 73 1
2.100000 -60.000000 0.000000 73 1
2.150000 -60.000000 0.000000 73 1
2.200000 -60.000000 0.000000 73 1
2.250000 -60.000000 0.000000 73 1
2.300000 -60.000000 0.000000 73 1
2.350000 -60.000000 0.000000 73 1
2.400000 -60.000000 0.000000 73 1
2.450000 -60.000000 0.000000 73 1
2.500000 -60.000000 0.000000 73 1
2.550000 -60.000000 0.000000 73 1
2.600000 -60.000000 0.000000 73 1
2.650000 -60.000000 0.000000 73 1
2.700000 -60.000000 0.000000 73 1
2.750000 -60.000000 0.000000 73 1
2.800000 -60.000000 0.000000 73 1
2.850000 -60.000000 0.000000 73 1
2.900000 -60.000000 0.000000 73 1
2.950000 -60.000000 0.000000 73 1
3.000000 -60.000000 0.000000 73 1
0.000000 -58.348423 0.000000 74 1
0.016537 -58.395609 0.000000 74 1
0.033461 -58.442658 0.000000 74 1
0.051202 -58.489405 0.000000 74 1
0.069816 -58.535811 0.000000 74 1
0.089359 -58.581833 0.000000 74 1
0.109895 -58.627421 0.000000 74 1
0.131490 -58.672518 0.000000 74 1
0.154212 -58.717056 0.000000 74 1
0.178135 -58.760962 0.000000 74 1
0.203333 -58.804148 0.000000 74 1
0.229882 -58.846517 0.000000 74 1
0.257860 -58.887957 0.000000 74 1
0.287341 -58.928341 0.000000 74 1
0.318395 -58.967528 0.000000 74 1
0.351084 -59.005362 0.000000 74 1
0.385460 -59.041671 0.000000 74 1
0.421558 -59.076268 0.000000 74 1
0.459391 -59.108957 0.000000 74 1
0.498950 -59.139537 0.000000 74 1
0.540194 -59.167803 0.000000 74 1
0.583048 -59.193562 0.000000 74 1
0.627405 -59.216637 0.000000 74 1
0.673125 -59.236877 0.000000 74 1
0.720040 -59.254168 0.000000 74 1
0.767961 -59.268438 0.000000 74 1
0.816684 -59.279666 0.000000 74 1
0.866005 -59.287875 0.000000 74 1
0.915728 -59.293136 0.000000 74 1
0.965669 -59.295563 0.000000 74 1
1.015668 -59.295299 0.000000 74 1
1.065590 -59.292516 0.000000 74 1
1.115328 -59.287400 0.000000 74 1
1.164799 -59.280149 0.000000 74 1
1.213948 -59.270962 0.000000 74 1
1.262740 -59.260039 0.000000 74 1
1.311161 -59.247572 0.000000 74 1
1.359213 -59.233749 0.000000 74 1
1.406910 -59.218749 0.000000 74 1
1.454278 -59.202741 0.000000 74 1
1.501352 -59.185888 0.000000 74 1
1.548173 -59.168344 0.000000 74 1
1.594787 -59.150258 0.000000 74 1
1.641244 -59.131771 0.000000 74 1
1.687595 -59.113022 0.000000 74 1
1.733896 -59.094146 0.000000 74 1
1.780200 -59.075279 0.000000 74 1
1.826561 -59.056555 0.000000 74 1
1.873034 -59.038109 0.000000 74 1
1.919671 -59.020080 0.000000 74 1
1.966520 -59.002613 0.000000 74 1
2.013628 -58.985854 0.000000 74 1
2.061035 -58.969960 0.000000 74 1
2.108773 -58.955093 0.000000 74 1
2.156869 -58.941425 0.000000 74 1
2.205335 -58.929136 0.000000 74 1
2.254172 -58.918413 0.000000 74 1
2.303362 -58.909451 0.000000 74 1
2.352869 -58.902448 0.000000 74 1
2.402634 -58.897606 0.000000 74 1
2.452572 -58.895119 0.000000 74 1
0.000000 -42.522635 0.000000 75 1
0.011376 -42.571324 0.000000 75 1
0.023036 -42.619945 0.000000 75 1
0.035300 -42.668418 0.000000 75 1
0.048216 -42.716721 0.000000 75 1
0.061836 -42.764830 0.000000 75 1
0.076217 -42.812717 0.000000 75 1
0.091423 -42.860349 0.000000 75 1
0.107523 -42.907686 0.000000 75 1
0.124593 -42.954682 0.000000 75 1
0.142719 -43.001280 0.000000 75 1
0.161993 -43.047416 0.000000 75 1
0.182515 -43.093011 0.000000 75 1
0.204395 -43.137969 0.000000 75 1
0.227751 -43.182179 0.000000 75 1
0.252707 -43.225505 0.000000 75 1
0.279395 -43.267787 0.000000 75 1
0.307946 -43.308834 0.000000 75 1
0.338490 -43.348420 0.000000 75 1
0.371145 -43.386284 0.000000 75 1
0.406008 -43.422124 0.000000 75 1
0.443143 -43.455606 0.000000 75 1
0.482562 -43.486365 0.000000 75 1
0.524215 -43.514024 0.000000 75 1
0.567974 -43.538215 0.000000 75 1
0.613626 -43.558608 0.000000 75 1
0.660882 -43.574943 0.000000 75 1
0.709394 -43.587054 0.000000 75 1
0.758775 -43.594892 0.000000 75 1
0.808643 -43.598526 0.000000 75 1
0.858641 -43.598131 0.000000 75 1
0.908468 -43.593964 0.000000 75 1
0.957883 -43.586340 0.000000 75 1
1.006717 -43.575604 0.000000 75 1
1.054860 -43.562105 0.000000 75 1
1.102259 -43.546188 0.000000 75 1
1.148901 -43.528175 0.000000 75 1
1.194810 -43.508365 0.000000 75 1
1.240031 -43.487033 0.000000 75 1
1.284628 -43.464426 0.000000 75 1
1.328678 -43.440770 0.000000 75 1
1.372265 -43.416272 0.000000 75 1
1.415479 -43.391121 0.000000 75 1
1.458412 -43.365494 0.000000 75 1
1.501159 -43.339557 0.000000 75 1
1.543816 -43.313473 0.000000 75 1
1.586478 -43.287398 0.000000 75 1
1.629243 -43.261490 0.000000 75 1
1.672205 -43.235912 0.000000 75 1
1.715459 -43.210830 0.000000 75 1
1.759098 -43.186424 0.000000 75 1
1.803210 -43.162885 0.000000 75 1
1.847879 -43.140420 0.000000 75 1
1.893180 -43.119259 0.000000 75 1
1.939176 -43.099652 0.000000 75 1
1.985910 -43.081877 0.000000 75 1
2.033400 -43.066236 0.000000 75 1
2.081631 -43.053055 0.000000 75 1
2.130543 -43.042678 0.000000 75 1
2.180018 -43.035456 0.000000 75 1
2.229880 -43.031731 0.000000 75 1
0.000000 -30.962964 0.000000 76 1
0.010167 -31.011920 0.000000 76 1
0.020591 -31.060821 0.000000 76 1
0.031562 -31.109603 0.000000 76 1
0.043124 -31.158247 0.000000 76 1
0.055326 -31.206736 0.000000 76 1
0.068222 -31.255044 0.000000 76 1
0.081871 -31.303145 0.000000 76 1
0.096341 -31.351006 0.000000 76 1
0.111704 -31.398587 0.000000 76 1
0.128043 -31.445842 0.000000 76 1
0.145448 -31.492714 0.000000 76 1
0.164021 -31.539137 0.000000 76 1
0.183873 -31.585027 0.000000 76 1
0.205126 -31.630285 0.000000 76 1
0.227914 -31.674791 0.000000 76 1
0.252379 -31.718396 0.000000 76 1
0.278673 -31.760924 0.000000 76 1
0.306953 -31.802158 0.000000 76 1
0.337374 -31.841839 0.000000 76 1
0.370076 -31.879662 0.000000 76 1
0.405179 -31.915268 0.000000 76 1
0.442755 -31.948253 0.000000 76 1
0.482812 -31.978177 0.000000 76 1
0.525270 -32.004584 0.000000 76 1
0.569946 -32.027035 0.000000 76 1
0.616547 -32.045156 0.000000 76 1
0.664684 -32.058676 0.000000 76 1
0.713906 -32.067466 0.000000 76 1
0.763738 -32.071551 0.000000 76 1
0.813736 -32.071106 0.000000 76 1
0.863517 -32.066423 0.000000 76 1
0.912780 -32.057873 0.000000 76 1
0.961317 -32.045867 0.000000 76 1
1.009002 -32.030827 0.000000 76 1
1.055775 -32.013156 0.000000 76 1
1.101634 -31.993232 0.000000 76 1
1.146614 -31.971397 0.000000 76 1
1.190780 -31.947957 0.000000 76 1
1.234213 -31.923188 0.000000 76 1
1.277010 -31.897333 0.000000 76 1
1.319270 -31.870612 0.000000 76 1
1.361101 -31.843222 0.000000 76 1
1.402610 -31.815348 0.000000 76 1
1.443907 -31.787159 0.000000 76 1
1.485100 -31.758820 0.000000 76 1
1.526301 -31.730491 0.000000 76 1
1.567617 -31.702332 0.000000 76 1
1.609160 -31.674507 0.000000 76 1
1.651037 -31.647189 0.000000 76 1
1.693357 -31.620562 0.000000 76 1
1.736226 -31.594826 0.000000 76 1
1.779743 -31.570205 0.000000 76 1
1.824004 -31.546946 0.000000 76 1
1.869088 -31.525325 0.000000 76 1
1.915056 -31.505656 0.000000 76 1
1.961942 -31.488284 0.000000 76 1
2.009734 -31.473590 0.000000 76 1
2.058368 -31.461982 0.000000 76 1
2.107707 -31.453880 0.000000 76 1
2.157531 -31.449693 0.000000 76 1
0.000000 -23.875060 0.000000 77 1
0.006524 -23.825488 0.000000 77 1
0.013188 -23.775934 0.000000 77 1
0.020148 -23.726421 0.000000 77 1
0.027425 -23.676953 0.000000 77 1
0.035040 -23.627536 0.000000 77 1
0.043017 -23.578177 0.000000 77 1
0.051383 -23.528882 0.000000 77 1
0.060167 -23.479659 0.000000 77 1
0.069400 -23.430519 0.000000 77 1
0.079118 -23.381473 0.000000 77 1
0.089359 -23.332533 0.000000 77 1
0.100165 -23.283714 0.000000 77 1
0.111584 -23.235036 0.000000 77 1
0.123667 -23.186518 0.000000 77 1
0.136474 -23.138186 0.000000 77 1
0.150067 -23.090069 0.000000 77 1
0.164518 -23.042203 0.000000 77 1
0.179906 -22.994630 0.000000 77 1
0.196319 -22.947400 0.000000 77 1
0.213855 -22.900576 0.000000 77 1
0.232619 -22.854231 0.000000 77 1
0.252731 -22.808454 0.000000 77 1
0.274318 -22.763354 0.000000 77 1
0.297518 -22.719062 0.000000 77 1
0.322479 -22.675738 0.000000 77 1
0.349351 -22.633574 0.000000 77 1
0.378287 -22.592797 0.000000 77 1
0.409428 -22.553679 0.000000 77 1
0.442897 -22.516533 0.000000 77 1
0.478781 -22.481714 0.000000 77 1
0.517113 -22.449610 0.000000 77 1
0.557853 -22.420623 0.000000 77 1
0.600873 -22.395142 0.000000 77 1
0.645952 -22.373511 0.000000 77 1
0.692782 -22.355991 0.000000 77 1
0.740989 -22.342723 0.000000 77 1
0.790172 -22.333720 0.000000 77 1
0.839935 -22.328860 0.000000 77 1
0.889926 -22.327908 0.000000 77 1
0.939857 -22.330545 0.000000 77 1
0.989513 -22.336399 0.000000 77 1
1.038754 -22.345076 0.000000 77 1
1.087506 -22.356179 0.000000 77 1
1.135746 -22.369326 0.000000 77 1
1.183497 -22.384154 0.000000 77 1
1.230810 -22.400325 0.000000 77 1
1.277760 -22.417520 0.000000 77 1
1.324437 -22.435442 0.000000 77 1
1.370943 -22.453807 0.000000 77 1
1.417382 -22.472338 0.000000 77 1
1.463862 -22.490766 0.000000 77 1
1.510491 -22.508815 0.000000 77 1
1.557370 -22.526204 0.000000 77 1
1.604592 -22.542638 0.000000 77 1
1.652236 -22.557805 0.000000 77 1
1.700360 -22.571372 0.000000 77 1
1.748994 -22.582980 0.000000 77 1
1.798127 -22.592251 0.000000 77 1
1.847697 -22.598792 0.000000 77 1
1.897581 -22.602205 0.000000 77 1
0.000000 -31.136655 0.000000 78 1
0.005566 -31.086966 0.000000 78 1
0.011248 -31.037290 0.000000 78 1
0.017177 -30.987643 0.000000 78 1
0.023370 -30.938027 0.000000 78 1
0.029843 -30.888448 0.000000 78 1
0.036617 -30.838909 0.000000 78 1
0.043712 -30.789415 0.000000 78 1
0.051153 -30.739972 0.000000 78 1
0.058965 -30.690586 0.000000 78 1
0.067177 -30.641265 0.000000 78 1
0.075818 -30.592017 0.000000 78 1
0.084925 -30.542854 0.000000 78 1
0.094535 -30.493786 0.000000 78 1
0.104689 -30.444828 0.000000 78 1
0.115436 -30.395996 0.000000 78 1
0.126827 -30.347311 0.000000 78 1
0.138919 -30.298796 0.000000 78 1
0.151778 -30.250477 0.000000 78 1
0.165476 -30.202390 0.000000 78 1
0.180093 -30.154575 0.000000 78 1
0.195719 -30.107079 0.000000 78 1
0.212454 -30.059963 0.000000 78 1
0.230410 -30.013298 0.000000 78 1
0.249710 -29.967173 0.000000 78 1
0.270489 -29.921695 0.000000 78 1
0.292895 -29.876997 0.000000 78 1
0.317087 -29.833239 0.000000 78 1
0.343231 -29.790619 0.000000 78 1
0.371495 -29.749374 0.000000 78 1
0.402040 -29.709788 0.000000 78 1
0.435008 -29.672197 0.000000 78 1
0.470503 -29.636982 0.000000 78 1
0.508571 -29.604565 0.000000 78 1
0.549174 -29.575386 0.000000 78 1
0.592175 -29.549874 0.000000 78 1
0.637329 -29.528400 0.000000 78 1
0.684291 -29.511238 0.000000 78 1
0.732648 -29.498525 0.000000 78 1
0.781958 -29.490243 0.000000 78 1
0.831796 -29.486225 0.000000 78 1
0.881796 -29.486181 0.000000 78 1
0.931669 -29.489734 0.000000 78 1
0.981215 -29.496462 0.000000 78 1
1.030311 -29.505924 0.000000 78 1
1.078908 -29.517688 0.000000 78 1
1.127008 -29.531339 0.000000 78 1
1.174658 -29.546489 0.000000 78 1
1.221931 -29.562775 0.000000 78 1
1.268924 -29.579853 0.000000 78 1
1.315744 -29.597400 0.000000 78 1
1.362506 -29.615100 0.000000 78 1
1.409328 -29.632643 0.000000 78 1
1.456324 -29.649712 0.000000 78 1
1.503603 -29.665982 0.000000 78 1
1.551258 -29.681113 0.000000 78 1
1.599366 -29.694739 0.000000 78 1
1.647970 -29.706471 0.000000 78 1
1.697074 -29.715895 0.000000 78 1
1.746625 -29.722579 0.000000 78 1
1.796502 -29.726081 0.000000 78 1
0.000000 -40.586528 0.000000 79 1
0.004832 -40.536762 0.000000 79 1
0.009762 -40.487006 0.000000 79 1
0.014899 -40.437270 0.000000 79 1
0.020256 -40.387558 0.000000 79 1
0.025846 -40.337872 0.000000 79 1
0.031687 -40.288214 0.000000 79 1
0.037794 -40.238588 0.000000 79 1
0.044187 -40.188999 0.000000 79 1
0.050886 -40.139450 0.000000 79 1
0.057913 -40.089946 0.000000 79 1
0.065293 -40.040493 0.000000 79 1
0.073053 -39.991099 0.000000 79 1
0.081223 -39.941771 0.000000 79 1
0.089836 -39.892519 0.000000 79 1
0.098928 -39.843352 0.000000 79 1
0.108541 -39.794285 0.000000 79 1
0.118717 -39.745332 0.000000 79 1
0.129509 -39.696510 0.000000 79 1
0.140971 -39.647842 0.000000 79 1
0.153167 -39.599352 0.000000 79 1
0.166164 -39.551071 0.000000 79 1
0.180042 -39.503035 0.000000 79 1
0.194888 -39.455290 0.000000 79 1
0.210798 -39.407889 0.000000 79 1
0.227882 -39.360898 0.000000 79 1
0.246260 -39.314398 0.000000 79 1
0.266065 -39.268488 0.000000 79 1
0.287444 -39.223289 0.000000 79 1
0.310556 -39.178951 0.000000 79 1
0.335569 -39.135657 0.000000 79 1
0.362654 -39.093629 0.000000 79 1
0.391984 -39.053135 0.000000 79 1
0.423713 -39.014492 0.000000 79 1
0.457968 -38.978069 0.000000 79 1
0.494819 -38.944276 0.000000 79 1
0.534265 -38.913551 0.000000 79 1
0.576205 -38.886330 0.000000 79 1
0.620431 -38.863004 0.000000 79 1
0.666628 -38.843876 0.000000 79 1
0.714401 -38.829120 0.000000 79 1
0.763314 -38.818753 0.000000 79 1
0.812939 -38.812637 0.000000 79 1
0.862893 -38.810499 0.000000 79 1
0.912871 -38.811971 0.000000 79 1
0.962654 -38.816623 0.000000 79 1
1.012107 -38.824002 0.000000 79 1
1.061166 -38.833654 0.000000 79 1
1.109829 -38.845141 0.000000 79 1
1.158135 -38.858045 0.000000 79 1
1.206157 -38.871970 0.000000 79 1
1.253988 -38.886538 0.000000 79 1
1.301733 -38.901384 0.000000 79 1
1.349503 -38.916150 0.000000 79 1
1.397407 -38.930474 0.000000 79 1
1.445546 -38.943986 0.000000 79 1
1.494006 -38.956302 0.000000 79 1
1.542845 -38.967015 0.000000 79 1
1.592085 -38.975699 0.000000 79 1
1.641698 -38.981905 0.000000 79 1
1.691591 -38.985179 0.000000 79 1
0.000000 -52.876688 0.000000 80 1
0.004297 -52.826873 0.000000 80 1
0.008678 -52.777066 0.000000 80 1
0.013232 -52.727273 0.000000 80 1
0.017970 -52.677498 0.000000 80 1
0.022904 -52.627743 0.000000 80 1
0.028047 -52.578008 0.000000 80 1
0.033410 -52.528296 0.000000 80 1
0.039010 -52.478611 0.000000 80 1
0.044862 -52.428954 0.000000 80 1
0.050983 -52.379330 0.000000 80 1
0.057392 -52.329743 0.000000 80 1
0.064109 -52.280196 0.000000 80 1
0.071158 -52.230695 0.000000 80 1
0.078562 -52.181247 0.000000 80 1
0.086350 -52.131857 0.000000 80 1
0.094551 -52.082534 0.000000 80 1
0.103199 -52.033288 0.000000 80 1
0.112329 -51.984128 0.000000 80 1
0.121984 -51.935069 0.000000 80 1
0.132207 -51.886126 0.000000 80 1
0.143049 -51.837315 0.000000 80 1
0.154566 -51.788660 0.000000 80 1
0.166819 -51.740184 0.000000 80 1
0.179877 -51.691920 0.000000 80 1
0.193819 -51.643903 0.000000 80 1
0.208729 -51.596178 0.000000 80 1
0.224704 -51.548798 0.000000 80 1
0.241849 -51.501830 0.000000 80 1
0.260282 -51.455352 0.000000 80 1
0.280133 -51.409461 0.000000 80 1
0.301540 -51.364275 0.000000 80 1
0.324656 -51.319939 0.000000 80 1
0.349637 -51.276628 0.000000 80 1
0.376646 -51.234550 0.000000 80 1
0.405838 -51.193956 0.000000 80 1
0.437354 -51.155140 0.000000 80 1
0.471304 -51.118433 0.000000 80 1
0.507752 -51.084205 0.000000 80 1
0.546691 -51.052840 0.000000 80 1
0.588030 -51.024714 0.000000 80 1
0.631588 -51.000164 0.000000 80 1
0.677093 -50.979444 0.000000 80 1
0.724204 -50.962695 0.000000 80 1
0.772546 -50.949927 0.000000 80 1
0.821746 -50.941014 0.000000 80 1
0.871464 -50.935712 0.000000 80 1
0.921422 -50.933685 0.000000 80 1
0.971415 -50.934537 0.000000 80 1
1.021306 -50.937842 0.000000 80 1
1.071022 -50.943161 0.000000 80 1
1.120544 -50.950059 0.000000 80 1
1.169892 -50.958110 0.000000 80 1
1.219113 -50.966899 0.000000 80 1
1.268274 -50.976021 0.000000 80 1
1.317448 -50.985073 0.000000 80 1
1.366706 -50.993653 0.000000 80 1
1.416110 -51.001352 0.000000 80 1
1.465699 -51.007751 0.000000 80 1
1.515480 -51.012422 0.000000 80 1
1.565417 -51.014926 0.000000 80 1
0.000000 -68.850674 0.000000 81 1
0.003955 -68.800831 0.000000 81 1
0.007980 -68.750993 0.000000 81 1
0.012152 -68.701168 0.000000 81 1
0.016479 -68.651355 0.000000 81 1
0.020969 -68.601557 0.000000 81 1
0.025632 -68.551775 0.000000 81 1
0.030478 -68.502011 0.000000 81 1
0.035518 -68.452265 0.000000 81 1
0.040764 -68.402541 0.000000 81 1
0.046228 -68.352841 0.000000 81 1
0.051924 -68.303166 0.000000 81 1
0.057867 -68.253521 0.000000 81 1
0.064074 -68.203907 0.000000 81 1
0.070561 -68.154330 0.000000 81 1
0.077348 -68.104793 0.000000 81 1
0.084457 -68.055301 0.000000 81 1
0.091909 -68.005859 0.000000 81 1
0.099729 -67.956475 0.000000 81 1
0.107946 -67.907154 0.000000 81 1
0.116589 -67.857907 0.000000 81 1
0.125691 -67.808742 0.000000 81 1
0.135288 -67.759672 0.000000 81 1
0.145421 -67.710710 0.000000 81 1
0.156133 -67.661870 0.000000 81 1
0.167472 -67.613173 0.000000 81 1
0.179493 -67.564640 0.000000 81 1
0.192255 -67.516296 0.000000 81 1
0.205824 -67.468172 0.000000 81 1
0.220271 -67.420305 0.000000 81 1
0.235676 -67.372737 0.000000 81 1
0.252127 -67.325521 0.000000 81 1
0.269721 -67.278719 0.000000 81 1
0.288561 -67.232404 0.000000 81 1
0.308762 -67.186667 0.000000 81 1
0.330444 -67.141612 0.000000 81 1
0.353734 -67.097368 0.000000 81 1
0.378765 -67.054084 0.000000 81 1
0.405667 -67.011939 0.000000 81 1
0.434565 -66.971135 0.000000 81 1
0.465571 -66.931910 0.000000 81 1
0.498769 -66.894521 0.000000 81 1
0.534210 -66.859252 0.000000 81 1
0.571896 -66.826392 0.000000 81 1
0.611768 -66.796223 0.000000 81 1
0.653706 -66.768997 0.000000 81 1
0.697523 -66.744912 0.000000 81 1
0.742982 -66.724093 0.000000 81 1
0.789811 -66.706570 0.000000 81 1
0.837725 -66.692280 0.000000 81 1
0.886451 -66.681063 0.000000 81 1
0.935744 -66.672681 0.000000 81 1
0.985401 -66.666835 0.000000 81 1
1.035267 -66.663178 0.000000 81 1
1.085233 -66.661341 0.000000 81 1
1.135231 -66.660935 0.000000 81 1
1.185227 -66.661568 0.000000 81 1
1.235211 -66.662847 0.000000 81 1
1.285187 -66.664377 0.000000 81 1
1.335168 -66.665766 0.000000 81 1
1.385161 -66.666618 0.000000 81 1
0.000000 -67.199098 0.000000 82 1
0.005102 -67.149359 0.000000 82 1
0.010281 -67.099628 0.000000 82 1
0.015622 -67.049914 0.000000 82 1
0.021132 -67.000218 0.000000 82 1
0.026819 -66.950543 0.000000 82 1
0.032691 -66.900889 0.000000 82 1
0.038758 -66.851258 0.000000 82 1
0.045029 -66.801653 0.000000 82 1
0.051515 -66.752075 0.000000 82 1
0.058227 -66.702528 0.000000 82 1
0.065176 -66.653013 0.000000 82 1
0.072376 -66.603534 0.000000 82 1
0.079840 -66.554095 0.000000 82 1
0.087582 -66.504698 0.000000 82 1
0.095618 -66.455348 0.000000 82 1
0.103965 -66.406049 0.000000 82 1
0.112640 -66.356808 0.000000 82 1
0.121662 -66.307628 0.000000 82 1
0.131054 -66.258518 0.000000 82 1
0.140836 -66.209484 0.000000 82 1
0.151032 -66.160535 0.000000 82 1
0.161670 -66.111680 0.000000 82 1
0.172776 -66.062929 0.000000 82 1
0.184381 -66.014294 0.000000 82 1
0.196518 -65.965790 0.000000 82 1
0.209221 -65.917430 0.000000 82 1
0.222528 -65.869234 0.000000 82 1
0.236482 -65.821220 0.000000 82 1
0.251126 -65.773413 0.000000 82 1
0.266507 -65.725837 0.000000 82 1
0.282678 -65.678525 0.000000 82 1
0.299694 -65.631509 0.000000 82 1
0.317614 -65.584831 0.000000 82 1
0.336501 -65.538535 0.000000 82 1
0.356424 -65.492676 0.000000 82 1
0.377453 -65.447313 0.000000 82 1
0.399664 -65.402517 0.000000 82 1
0.423134 -65.358368 0.000000 82 1
0.447942 -65.314956 0.000000 82 1
0.474168 -65.272387 0.000000 82 1
0.501892 -65.230776 0.000000 82 1
0.531187 -65.190257 0.000000 82 1
0.562120 -65.150975 0.000000 82 1
0.594749 -65.113088 0.000000 82 1
0.629113 -65.076769 0.000000 82 1
0.665235 -65.042197 0.000000 82 1
0.703109 -65.009554 0.000000 82 1
0.742704 -64.979022 0.000000 82 1
0.783958 -64.950771 0.000000 82 1
0.826775 -64.924950 0.000000 82 1
0.871030 -64.901681 0.000000 82 1
0.916575 -64.881049 0.000000 82 1
0.963240 -64.863095 0.000000 82 1
1.010848 -64.847814 0.000000 82 1
1.059219 -64.835157 0.000000 82 1
1.108182 -64.825026 0.000000 82 1
1.157580 -64.817290 0.000000 82 1
1.207276 -64.811783 0.000000 82 1
1.257156 -64.808314 0.000000 82 1
1.307129 -64.806678 0.000000 82 1
0.000000 -65.547521 0.000000 83 1
0.007176 -65.498039 0.000000 83 1
0.014428 -65.448567 0.000000 83 1
0.021838 -65.399119 0.000000 83 1
0.029411 -65.349696 0.000000 83 1
0.037152 -65.300299 0.000000 83 1
0.045069 -65.250930 0.000000 83 1
0.053168 -65.201590 0.000000 83 1
0.061456 -65.152282 0.000000 83 1
0.069939 -65.103007 0.000000 83 1
0.078626 -65.053767 0.000000 83 1
0.087525 -65.004566 0.000000 83 1
0.096644 -64.955404 0.000000 83 1
0.105992 -64.906286 0.000000 83 1
0.115580 -64.857214 0.000000 83 1
0.125416 -64.808191 0.000000 83 1
0.135513 -64.759221 0.000000 83 1
0.145880 -64.710307 0.000000 83 1
0.156532 -64.661455 0.000000 83 1
0.167479 -64.612668 0.000000 83 1
0.178737 -64.563952 0.000000 83 1
0.190320 -64.515312 0.000000 83 1
0.202243 -64.466755 0.000000 83 1
0.214523 -64.418286 0.000000 83 1
0.227179 -64.369914 0.000000 83 1
0.240228 -64.321647 0.000000 83 1
0.253692 -64.273494 0.000000 83 1
0.267592 -64.225465 0.000000 83 1
0.281952 -64.177572 0.000000 83 1
0.296798 -64.129826 0.000000 83 1
0.312156 -64.082243 0.000000 83 1
0.328055 -64.034839 0.000000 83 1
0.344528 -63.987630 0.000000 83 1
0.361607 -63.940638 0.000000 83 1
0.379330 -63.893884 0.000000 83 1
0.397736 -63.847395 0.000000 83 1
0.416868 -63.801200 0.000000 83 1
0.436771 -63.755332 0.000000 83 1
0.457495 -63.709829 0.000000 83 1
0.479094 -63.664735 0.000000 83 1
0.501624 -63.620099 0.000000 83 1
0.525148 -63.575978 0.000000 83 1
0.549730 -63.532439 0.000000 83 1
0.575442 -63.489556 0.000000 83 1
0.602356 -63.447418 0.000000 83 1
0.630551 -63.406125 0.000000 83 1
0.660106 -63.365795 0.000000 83 1
0.691102 -63.326562 0.000000 83 1
0.723620 -63.288581 0.000000 83 1
0.757736 -63.252029 0.000000 83 1
0.793520 -63.217107 0.000000 83 1
0.831027 -63.184043 0.000000 83 1
0.870294 -63.153090 0.000000 83 1
0.911329 -63.124522 0.000000 83 1
0.954107 -63.098636 0.000000 83 1
0.998554 -63.075735 0.000000 83 1
1.044546 -63.056121 0.000000 83 1
1.091902 -63.040077 0.000000 83 1
1.140383 -63.027846 0.000000 83 1
1.189701 -63.019618 0.000000 83 1
1.239532 -63.015505 0.000000 83 1
0.000000 -20.398529 0.000000 84 1
0.005308 -20.348811 0.000000 84 1
0.010725 -20.299106 0.000000 84 1
0.016374 -20.249426 0.000000 84 1
0.022269 -20.199775 0.000000 84 1
0.028427 -20.150155 0.000000 84 1
0.034866 -20.100572 0.000000 84 1
0.041606 -20.051028 0.000000 84 1
0.048667 -20.001529 0.000000 84 1
0.056073 -19.952080 0.000000 84 1
0.063850 -19.902689 0.000000 84 1
0.072027 -19.853362 0.000000 84 1
0.080635 -19.804109 0.000000 84 1
0.089708 -19.754939 0.000000 84 1
0.099285 -19.705864 0.000000 84 1
0.109407 -19.656900 0.000000 84 1
0.120123 -19.608062 0.000000 84 1
0.131483 -19.559369 0.000000 84 1
0.143547 -19.510846 0.000000 84 1
0.156379 -19.462521 0.000000 84 1
0.170052 -19.414427 0.000000 84 1
0.184646 -19.366604 0.000000 84 1
0.200252 -19.319102 0.000000 84 1
0.216970 -19.271980 0.000000 84 1
0.234911 -19.225310 0.000000 84 1
0.254200 -19.179180 0.000000 84 1
0.274972 -19.133699 0.000000 84 1
0.297374 -19.088998 0.000000 84 1
0.321565 -19.045240 0.000000 84 1
0.347709 -19.002620 0.000000 84 1
0.375974 -18.961375 0.000000 84 1
0.406519 -18.921790 0.000000 84 1
0.439482 -18.884194 0.000000 84 1
0.474965 -18.848967 0.000000 84 1
0.513009 -18.816522 0.000000 84 1
0.553574 -18.787291 0.000000 84 1
0.596523 -18.761689 0.000000 84 1
0.641610 -18.740076 0.000000 84 1
0.688497 -18.722709 0.000000 84 1
0.736779 -18.709714 0.000000 84 1
0.786025 -18.701064 0.000000 84 1
0.835824 -18.696586 0.000000 84 1
0.885820 -18.695990 0.000000 84 1
0.935735 -18.698901 0.000000 84 1
0.985374 -18.704899 0.000000 84 1
1.034621 -18.713546 0.000000 84 1
1.083426 -18.724410 0.000000 84 1
1.131796 -18.737075 0.000000 84 1
1.179774 -18.751150 0.000000 84 1
1.227435 -18.766265 0.000000 84 1
1.274872 -18.782068 0.000000 84 1
1.322190 -18.798223 0.000000 84 1
1.369501 -18.814400 0.000000 84 1
1.416915 -18.830270 0.000000 84 1
1.464540 -18.845497 0.000000 84 1
1.512471 -18.859732 0.000000 84 1
1.560784 -18.872610 0.000000 84 1
1.609530 -18.883739 0.000000 84 1
1.658718 -18.892709 0.000000 84 1
1.708310 -18.899089 0.000000 84 1
1.758197 -18.902441 0.000000 84 1
0.000000 -26.675469 0.000000 85 1
0.004299 -26.625654 0.000000 85 1
0.008686 -26.575847 0.000000 85 1
0.013257 -26.526057 0.000000 85 1
0.018024 -26.476284 0.000000 85 1
0.023000 -26.426533 0.000000 85 1
0.028199 -26.376804 0.000000 85 1
0.033637 -26.327100 0.000000 85 1
0.039329 -26.277425 0.000000 85 1
0.045295 -26.227782 0.000000 85 1
0.051554 -26.178176 0.000000 85 1
0.058129 -26.128610 0.000000 85 1
0.065045 -26.079090 0.000000 85 1
0.072327 -26.029624 0.000000 85 1
0.080007 -25.980217 0.000000 85 1
0.088118 -25.930879 0.000000 85 1
0.096695 -25.881620 0.000000 85 1
0.105781 -25.832453 0.000000 85 1
0.115421 -25.783391 0.000000 85 1
0.125666 -25.734452 0.000000 85 1
0.136574 -25.685656 0.000000 85 1
0.148211 -25.637029 0.000000 85 1
0.160648 -25.588601 0.000000 85 1
0.173967 -25.540407 0.000000 85 1
0.188263 -25.492495 0.000000 85 1
0.203638 -25.444917 0.000000 85 1
0.220210 -25.397743 0.000000 85 1
0.238112 -25.351058 0.000000 85 1
0.257492 -25.304967 0.000000 85 1
0.278512 -25.259600 0.000000 85 1
0.301353 -25.215122 0.000000 85 1
0.326207 -25.171737 0.000000 85 1
0.353273 -25.129696 0.000000 85 1
0.382750 -25.089309 0.000000 85 1
0.414819 -25.050948 0.000000 85 1
0.449620 -25.015046 0.000000 85 1
0.487225 -24.982094 0.000000 85 1
0.527605 -24.952608 0.000000 85 1
0.570606 -24.927094 0.000000 85 1
0.615930 -24.905982 0.000000 85 1
0.663160 -24.889570 0.000000 85 1
0.711796 -24.877973 0.000000 85 1
0.761322 -24.871106 0.000000 85 1
0.811264 -24.868701 0.000000 85 1
0.861237 -24.870357 0.000000 85 1
0.910963 -24.875584 0.000000 85 1
0.960273 -24.883862 0.000000 85 1
1.009092 -24.894667 0.000000 85 1
1.057417 -24.907500 0.000000 85 1
1.105301 -24.921891 0.000000 85 1
1.152836 -24.937397 0.000000 85 1
1.200136 -24.953604 0.000000 85 1
1.247332 -24.970115 0.000000 85 1
1.294558 -24.986537 0.000000 85 1
1.341948 -25.002478 0.000000 85 1
1.389628 -25.017535 0.000000 85 1
1.437701 -25.031279 0.000000 85 1
1.486245 -25.043259 0.000000 85 1
1.535289 -25.052989 0.000000 85 1
1.584801 -25.059957 0.000000 85 1
1.634665 -25.063638 0.000000 85 1
0.000000 -26.152900 0.000000 86 1
0.004660 -26.103118 0.000000 86 1
0.009412 -26.053344 0.000000 86 1
0.014358 -26.003589 0.000000 86 1
0.019511 -25.953855 0.000000 86 1
0.024883 -25.904145 0.000000 86 1
0.030489 -25.854460 0.000000 86 1
0.036344 -25.804804 0.000000 86 1
0.042466 -25.755180 0.000000 86 1
0.048872 -25.705592 0.000000 86 1
0.055583 -25.656045 0.000000 86 1
0.062621 -25.606543 0.000000 86 1
0.070011 -25.557092 0.000000 86 1
0.077778 -25.507699 0.000000 86 1
0.085953 -25.458372 0.000000 86 1
0.094568 -25.409119 0.000000 86 1
0.103658 -25.359953 0.000000 86 1
0.113264 -25.310884 0.000000 86 1
0.123429 -25.261928 0.000000 86 1
0.134202 -25.213103 0.000000 86 1
0.145638 -25.164428 0.000000 86 1
0.157797 -25.115929 0.000000 86 1
0.170747 -25.067635 0.000000 86 1
0.184563 -25.019582 0.000000 86 1
0.199329 -24.971812 0.000000 86 1
0.215140 -24.924377 0.000000 86 1
0.232098 -24.877341 0.000000 86 1
0.250321 -24.830780 0.000000 86 1
0.269934 -24.784787 0.000000 86 1
0.291079 -24.739478 0.000000 86 1
0.313904 -24.694993 0.000000 86 1
0.338570 -24.651500 0.000000 86 1
0.365240 -24.609207 0.000000 86 1
0.394077 -24.568360 0.000000 86 1
0.425230 -24.529252 0.000000 86 1
0.458822 -24.492217 0.000000 86 1
0.494933 -24.457633 0.000000 86 1
0.533573 -24.425901 0.000000 86 1
0.574672 -24.397425 0.000000 86 1
0.618060 -24.372576 0.000000 86 1
0.663471 -24.351652 0.000000 86 1
0.710560 -24.334841 0.000000 86 1
0.758935 -24.322195 0.000000 86 1
0.808194 -24.313621 0.000000 86 1
0.857971 -24.308899 0.000000 86 1
0.907956 -24.307706 0.000000 86 1
0.957918 -24.309652 0.000000 86 1
1.007701 -24.314309 0.000000 86 1
1.057218 -24.321240 0.000000 86 1
1.106443 -24.330012 0.000000 86 1
1.155393 -24.340206 0.000000 86 1
1.204120 -24.351417 0.000000 86 1
1.252697 -24.363257 0.000000 86 1
1.301214 -24.375348 0.000000 86 1
1.349761 -24.387313 0.000000 86 1
1.398429 -24.398777 0.000000 86 1
1.447297 -24.409354 0.000000 86 1
1.496426 -24.418646 0.000000 86 1
1.545847 -24.426239 0.000000 86 1
1.595547 -24.431703 0.000000 86 1
1.645463 -24.434602 0.000000 86 1
0.000000 -34.173774 0.000000 87 1
0.003823 -34.123921 0.000000 87 1
0.007720 -34.074073 0.000000 87 1
0.011771 -34.024237 0.000000 87 1
0.015987 -33.974415 0.000000 87 1
0.020378 -33.924608 0.000000 87 1
0.024954 -33.874818 0.000000 87 1
0.029727 -33.825047 0.000000 87 1
0.034711 -33.775296 0.000000 87 1
0.039920 -33.725568 0.000000 87 1
0.045370 -33.675866 0.000000 87 1
0.051076 -33.626192 0.000000 87 1
0.057059 -33.576552 0.000000 87 1
0.063337 -33.526947 0.000000 87 1
0.069934 -33.477384 0.000000 87 1
0.076874 -33.427868 0.000000 87 1
0.084185 -33.378406 0.000000 87 1
0.091896 -33.329004 0.000000 87 1
0.100041 -33.279672 0.000000 87 1
0.108656 -33.230420 0.000000 87 1
0.117783 -33.181260 0.000000 87 1
0.127469 -33.132207 0.000000 87 1
0.137763 -33.083278 0.000000 87 1
0.148724 -33.034494 0.000000 87 1
0.160416 -32.985880 0.000000 87 1
0.172911 -32.937467 0.000000 87 1
0.186290 -32.889290 0.000000 87 1
0.200644 -32.841395 0.000000 87 1
0.216076 -32.793836 0.000000 87 1
0.232700 -32.746680 0.000000 87 1
0.250644 -32.700011 0.000000 87 1
0.270050 -32.653931 0.000000 87 1
0.291074 -32.608565 0.000000 87 1
0.313885 -32.564072 0.000000 87 1
0.338663 -32.520644 0.000000 87 1
0.365593 -32.478515 0.000000 87 1
0.394854 -32.437971 0.000000 87 1
0.426607 -32.399349 0.000000 87 1
0.460978 -32.363036 0.000000 87 1
0.498029 -32.329461 0.000000 87 1
0.537733 -32.299071 0.000000 87 1
0.579960 -32.272296 0.000000 87 1
0.624461 -32.249500 0.000000 87 1
0.670886 -32.230933 0.000000 87 1
0.718815 -32.216692 0.000000 87 1
0.767808 -32.206707 0.000000 87 1
0.817452 -32.200751 0.000000 87 1
0.867400 -32.198470 0.000000 87 1
0.917390 -32.199430 0.000000 87 1
0.967252 -32.203145 0.000000 87 1
1.016894 -32.209120 0.000000 87 1
1.066291 -32.216860 0.000000 87 1
1.115470 -32.225887 0.000000 87 1
1.164490 -32.235735 0.000000 87 1
1.213435 -32.245952 0.000000 87 1
1.262396 -32.256091 0.000000 87 1
1.311463 -32.265706 0.000000 87 1
1.360712 -32.274340 0.000000 87 1
1.410193 -32.281524 0.000000 87 1
1.459917 -32.286772 0.000000 87 1
1.509838 -32.289588 0.000000 87 1
0.000000 -44.636021 0.000000 88 1
0.003162 -44.586121 0.000000 88 1
0.006382 -44.536225 0.000000 88 1
0.009726 -44.486336 0.000000 88 1
0.013201 -44.436457 0.000000 88 1
0.016815 -44.386588 0.000000 88 1
0.020575 -44.336730 0.000000 88 1
0.024492 -44.286883 0.000000 88 1
0.028574 -44.237050 0.000000 88 1
0.032833 -44.187232 0.000000 88 1
0.037281 -44.137430 0.000000 88 1
0.041930 -44.087647 0.000000 88 1
0.046794 -44.037884 0.000000 88 1
0.051889 -43.988144 0.000000 88 1
0.057230 -43.938430 0.000000 88 1
0.062837 -43.888746 0.000000 88 1
0.068728 -43.839094 0.000000 88 1
0.074928 -43.789480 0.000000 88 1
0.081459 -43.739908 0.000000 88 1
0.088349 -43.690385 0.000000 88 1
0.095628 -43.640918 0.000000 88 1
0.103330 -43.591515 0.000000 88 1
0.111491 -43.542185 0.000000 88 1
0.120152 -43.492941 0.000000 88 1
0.129361 -43.443796 0.000000 88 1
0.139169 -43.394768 0.000000 88 1
0.149635 -43.345875 0.000000 88 1
0.160824 -43.297144 0.000000 88 1
0.172811 -43.248602 0.000000 88 1
0.185679 -43.200286 0.000000 88 1
0.199522 -43.152240 0.000000 88 1
0.214447 -43.104520 0.000000 88 1
0.230573 -43.057192 0.000000 88 1
0.248035 -43.010340 0.000000 88 1
0.266982 -42.964069 0.000000 88 1
0.287581 -42.918509 0.000000 88 1
0.310010 -42.873822 0.000000 88 1
0.334463 -42.830210 0.000000 88 1
0.361136 -42.787918 0.000000 88 1
0.390220 -42.747248 0.000000 88 1
0.421887 -42.708554 0.000000 88 1
0.456263 -42.672246 0.000000 88 1
0.493404 -42.638771 0.000000 88 1
0.533268 -42.608590 0.000000 88 1
0.575693 -42.582130 0.000000 88 1
0.620395 -42.559732 0.000000 88 1
0.666991 -42.541598 0.000000 88 1
0.715038 -42.527759 0.000000 88 1
0.764088 -42.518062 0.000000 88 1
0.813743 -42.512198 0.000000 88 1
0.863683 -42.509739 0.000000 88 1
0.913681 -42.510180 0.000000 88 1
0.963602 -42.512982 0.000000 88 1
1.013389 -42.517596 0.000000 88 1
1.063042 -42.523479 0.000000 88 1
1.112602 -42.530095 0.000000 88 1
1.162134 -42.536919 0.000000 88 1
1.211709 -42.543426 0.000000 88 1
1.261387 -42.549090 0.000000 88 1
1.311203 -42.553374 0.000000 88 1
1.361147 -42.555731 0.000000 88 1
0.000000 -77.701349 0.000000 89 1
0.001982 -77.651388 0.000000 89 1
0.004000 -77.601429 0.000000 89 1
0.006091 -77.551473 0.000000 89 1
0.008261 -77.501520 0.000000 89 1
0.010512 -77.451570 0.000000 89 1
0.012852 -77.401625 0.000000 89 1
0.015283 -77.351684 0.000000 89 1
0.017813 -77.301748 0.000000 89 1
0.020447 -77.251818 0.000000 89 1
0.023191 -77.201893 0.000000 89 1
0.026053 -77.151975 0.000000 89 1
0.029041 -77.102065 0.000000 89 1
0.032162 -77.052162 0.000000 89 1
0.035426 -77.002269 0.000000 89 1
0.038844 -76.952386 0.000000 89 1
0.042425 -76.902514 0.000000 89 1
0.046182 -76.852655 0.000000 89 1
0.050129 -76.802811 0.000000 89 1
0.054280 -76.752984 0.000000 89 1
0.058650 -76.703175 0.000000 89 1
0.063259 -76.653388 0.000000 89 1
0.068125 -76.603626 0.000000 89 1
0.073271 -76.553891 0.000000 89 1
0.078722 -76.504189 0.000000 89 1
0.084504 -76.454525 0.000000 89 1
0.090650 -76.404904 0.000000 89 1
0.097193 -76.355334 0.000000 89 1
0.104172 -76.305823 0.000000 89 1
0.111633 -76.256383 0.000000 89 1
0.119625 -76.207026 0.000000 89 1
0.128207 -76.157768 0.000000 89 1
0.137443 -76.108628 0.000000 89 1
0.147409 -76.059631 0.000000 89 1
0.158190 -76.010808 0.000000 89 1
0.169888 -75.962195 0.000000 89 1
0.182614 -75.913842 0.000000 89 1
0.196503 -75.865810 0.000000 89 1
0.211705 -75.818177 0.000000 89 1
0.228395 -75.771045 0.000000 89 1
0.246773 -75.724545 0.000000 89 1
0.267062 -75.678846 0.000000 89 1
0.289510 -75.634168 0.000000 89 1
0.314382 -75.590794 0.000000 89 1
0.341948 -75.549079 0.000000 89 1
0.372456 -75.509465 0.000000 89 1
0.406101 -75.472479 0.000000 89 1
0.442972 -75.438707 0.000000 89 1
0.483004 -75.408749 0.000000 89 1
0.525944 -75.383134 0.000000 89 1
0.571362 -75.362223 0.000000 89 1
0.618699 -75.346125 0.000000 89 1
0.667368 -75.334665 0.000000 89 1
0.716839 -75.327410 0.000000 89 1
0.766704 -75.323742 0.000000 89 1
0.816698 -75.322931 0.000000 89 1
0.866682 -75.324197 0.000000 89 1
0.916616 -75.326753 0.000000 89 1
0.966523 -75.329809 0.000000 89 1
1.016446 -75.332582 0.000000 89 1
1.066417 -75.334287 0.000000 89 1
0.000000 -76.049772 0.000000 90 1
0.002235 -75.999822 0.000000 90 1
0.004507 -75.949874 0.000000 90 1
0.006857 -75.899929 0.000000 90 1
0.009289 -75.849988 0.000000 90 1
0.011808 -75.800052 0.000000 90 1
0.014418 -75.750120 0.000000 90 1
0.017124 -75.700193 0.000000 90 1
0.019932 -75.650272 0.000000 90 1
0.022847 -75.600357 0.000000 90 1
0.025876 -75.550449 0.000000 90 1
0.029025 -75.500548 0.000000 90 1
0.032302 -75.450656 0.000000 90 1
0.035714 -75.400772 0.000000 90 1
0.039271 -75.350899 0.000000 90 1
0.042981 -75.301037 0.000000 90 1
0.046855 -75.251187 0.000000 90 1
0.050903 -75.201351 0.000000 90 1
0.055137 -75.151531 0.000000 90 1
0.059572 -75.101728 0.000000 90 1
0.064220 -75.051944 0.000000 90 1
0.069097 -75.002183 0.000000 90 1
0.074222 -74.952446 0.000000 90 1
0.079612 -74.902738 0.000000 90 1
0.085289 -74.853061 0.000000 90 1
0.091276 -74.803421 0.000000 90 1
0.097599 -74.753822 0.000000 90 1
0.104287 -74.704271 0.000000 90 1
0.111370 -74.654776 0.000000 90 1
0.118884 -74.605343 0.000000 90 1
0.126870 -74.555985 0.000000 90 1
0.135372 -74.506713 0.000000 90 1
0.144438 -74.457542 0.000000 90 1
0.154127 -74.408490 0.000000 90 1
0.164500 -74.359578 0.000000 90 1
0.175629 -74.310832 0.000000 90 1
0.187596 -74.262285 0.000000 90 1
0.200492 -74.213977 0.000000 90 1
0.214420 -74.165956 0.000000 90 1
0.229497 -74.118283 0.000000 90 1
0.245856 -74.071035 0.000000 90 1
0.263643 -74.024306 0.000000 90 1
0.283023 -73.978215 0.000000 90 1
0.304176 -73.932909 0.000000 90 1
0.327293 -73.888575 0.000000 90 1
0.352577 -73.845438 0.000000 90 1
0.380225 -73.803778 0.000000 90 1
0.410421 -73.763925 0.000000 90 1
0.443306 -73.726262 0.000000 90 1
0.478962 -73.691210 0.000000 90 1
0.517374 -73.659202 0.000000 90 1
0.558416 -73.630644 0.000000 90 1
0.601841 -73.605859 0.000000 90 1
0.647299 -73.585037 0.000000 90 1
0.694377 -73.568195 0.000000 90 1
0.742651 -73.555171 0.000000 90 1
0.791734 -73.545638 0.000000 90 1
0.841310 -73.539142 0.000000 90 1
0.891150 -73.535145 0.000000 90 1
0.941107 -73.533059 0.000000 90 1
0.991101 -73.532274 0.000000 90 1
0.000000 -17.168072 0.000000 91 1
0.005088 -17.118331 0.000000 91 1
0.010279 -17.068601 0.000000 91 1
0.015688 -17.018895 0.000000 91 1
0.021327 -16.969214 0.000000 91 1
0.027213 -16.919561 0.000000 91 1
0.033361 -16.869941 0.000000 91 1
0.039790 -16.820356 0.000000 91 1
0.046519 -16.770811 0.000000 91 1
0.053569 -16.721310 0.000000 91 1
0.060964 -16.671860 0.000000 91 1
0.068730 -16.622467 0.000000 91 1
0.076894 -16.573138 0.000000 91 1
0.085489 -16.523882 0.000000 91 1
0.094548 -16.474710 0.000000 91 1
0.104109 -16.425632 0.000000 91 1
0.114215 -16.376664 0.000000 91 1
0.124912 -16.327822 0.000000 91 1
0.136252 -16.279125 0.000000 91 1
0.148293 -16.230596 0.000000 91 1
0.161099 -16.182264 0.000000 91 1
0.174741 -16.134161 0.000000 91 1
0.189300 -16.086328 0.000000 91 1
0.204865 -16.038812 0.000000 91 1
0.221534 -15.991673 0.000000 91 1
0.239417 -15.944980 0.000000 91 1
0.258636 -15.898821 0.000000 91 1
0.279323 -15.853302 0.000000 91 1
0.301624 -15.808550 0.000000 91 1
0.325691 -15.764724 0.000000 91 1
0.351687 -15.722013 0.000000 91 1
0.379772 -15.680646 0.000000 91 1
0.410103 -15.640896 0.000000 91 1
0.442814 -15.603081 0.000000 91 1
0.478005 -15.567562 0.000000 91 1
0.515719 -15.534735 0.000000 91 1
0.555923 -15.505009 0.000000 91 1
0.598493 -15.478782 0.000000 91 1
0.643203 -15.456398 0.000000 91 1
0.689738 -15.438110 0.000000 91 1
0.737718 -15.424042 0.000000 91 1
0.786736 -15.414180 0.000000 91 1
0.836397 -15.408370 0.000000 91 1
0.886356 -15.406341 0.000000 91 1
0.936336 -15.407738 0.000000 91 1
0.986141 -15.412155 0.000000 91 1
1.035647 -15.419167 0.000000 91 1
1.084797 -15.428346 0.000000 91 1
1.133587 -15.439279 0.000000 91 1
1.182053 -15.451568 0.000000 91 1
1.230261 -15.464837 0.000000 91 1
1.278294 -15.478723 0.000000 91 1
1.326248 -15.492878 0.000000 91 1
1.374226 -15.506955 0.000000 91 1
1.422326 -15.520607 0.000000 91 1
1.470640 -15.533480 0.000000 91 1
1.519246 -15.545205 0.000000 91 1
1.568196 -15.555398 0.000000 91 1
1.617510 -15.563652 0.000000 91 1
1.667161 -15.569548 0.000000 91 1
1.717064 -15.572657 0.000000 91 1
0.000000 -22.498835 0.000000 92 1
0.004033 -22.448998 0.000000 92 1
0.008147 -22.399168 0.000000 92 1
0.012431 -22.349352 0.000000 92 1
0.016895 -22.299551 0.000000 92 1
0.021552 -22.249769 0.000000 92 1
0.026415 -22.200006 0.000000 92 1
0.031496 -22.150265 0.000000 92 1
0.036812 -22.100548 0.000000 92 1
0.042379 -22.050859 0.000000 92 1
0.048215 -22.001201 0.000000 92 1
0.054340 -21.951577 0.000000 92 1
0.060776 -21.901993 0.000000 92 1
0.067547 -21.852454 0.000000 92 1
0.074680 -21.802965 0.000000 92 1
0.082205 -21.753535 0.000000 92 1
0.090154 -21.704170 0.000000 92 1
0.098564 -21.654883 0.000000 92 1
0.107476 -21.605683 0.000000 92 1
0.116935 -21.556586 0.000000 92 1
0.126993 -21.507608 0.000000 92 1
0.137706 -21.458770 0.000000 92 1
0.149140 -21.410095 0.000000 92 1
0.161366 -21.361612 0.000000 92 1
0.174467 -21.313359 0.000000 92 1
0.188535 -21.265379 0.000000 92 1
0.203674 -21.217726 0.000000 92 1
0.220003 -21.170467 0.000000 92 1
0.237652 -21.123686 0.000000 92 1
0.256771 -21.077486 0.000000 92 1
0.277524 -21.031996 0.000000 92 1
0.300092 -20.987379 0.000000 92 1
0.324668 -20.943835 0.000000 92 1
0.351454 -20.901616 0.000000 92 1
0.380652 -20.861027 0.000000 92 1
0.412447 -20.822438 0.000000 92 1
0.446983 -20.786282 0.000000 92 1
0.484338 -20.753046 0.000000 92 1
0.524488 -20.723248 0.000000 92 1
0.567283 -20.697391 0.000000 92 1
0.612431 -20.675905 0.000000 92 1
0.659518 -20.659087 0.000000 92 1
0.708047 -20.647049 0.000000 92 1
0.757504 -20.639700 0.000000 92 1
0.807418 -20.636769 0.000000 92 1
0.857407 -20.637845 0.000000 92 1
0.907196 -20.642433 0.000000 92 1
0.956619 -20.650003 0.000000 92 1
1.005605 -20.660024 0.000000 92 1
1.054153 -20.671984 0.000000 92 1
1.102320 -20.685399 0.000000 92 1
1.150197 -20.699813 0.000000 92 1
1.197901 -20.714791 0.000000 92 1
1.245560 -20.729913 0.000000 92 1
1.293304 -20.744762 0.000000 92 1
1.341260 -20.758913 0.000000 92 1
1.389537 -20.771925 0.000000 92 1
1.438217 -20.783336 0.000000 92 1
1.487342 -20.792651 0.000000 92 1
1.536891 -20.799352 0.000000 92 1
1.586764 -20.802904 0.000000 92 1
0.000000 -22.106908 0.000000 93 1
0.004265 -22.057091 0.000000 93 1
0.008614 -22.007280 0.000000 93 1
0.013139 -21.957485 0.000000 93 1
0.017852 -21.907708 0.000000 93 1
0.022764 -21.857950 0.000000 93 1
0.027887 -21.808213 0.000000 93 1
0.033237 -21.758500 0.000000 93 1
0.038828 -21.708814 0.000000 93 1
0.044676 -21.659157 0.000000 93 1
0.050801 -21.609533 0.000000 93 1
0.057221 -21.559947 0.000000 93 1
0.063959 -21.510403 0.000000 93 1
0.071039 -21.460907 0.000000 93 1
0.078487 -21.411465 0.000000 93 1
0.086332 -21.362084 0.000000 93 1
0.094606 -21.312774 0.000000 93 1
0.103346 -21.263543 0.000000 93 1
0.112590 -21.214405 0.000000 93 1
0.122383 -21.165374 0.000000 93 1
0.132773 -21.116465 0.000000 93 1
0.143816 -21.067700 0.000000 93 1
0.155572 -21.019102 0.000000 93 1
0.168111 -20.970699 0.000000 93 1
0.181508 -20.922527 0.000000 93 1
0.195849 -20.874628 0.000000 93 1
0.211231 -20.827053 0.000000 93 1
0.227761 -20.779864 0.000000 93 1
0.245558 -20.733139 0.000000 93 1
0.264755 -20.686971 0.000000 93 1
0.285498 -20.641477 0.000000 93 1
0.307946 -20.596799 0.000000 93 1
0.332267 -20.553113 0.000000 93 1
0.358637 -20.510633 0.000000 93 1
0.387231 -20.469616 0.000000 93 1
0.418211 -20.430369 0.000000 93 1
0.451711 -20.393251 0.000000 93 1
0.487816 -20.358662 0.000000 93 1
0.526541 -20.327033 0.000000 93 1
0.567802 -20.298793 0.000000 93 1
0.611412 -20.274335 0.000000 93 1
0.657074 -20.253965 0.000000 93 1
0.704411 -20.237864 0.000000 93 1
0.752997 -20.226057 0.000000 93 1
0.802409 -20.218412 0.000000 93 1
0.852268 -20.214662 0.000000 93 1
0.902268 -20.214435 0.000000 93 1
0.952186 -20.217296 0.000000 93 1
1.001884 -20.222782 0.000000 93 1
1.051297 -20.230422 0.000000 93 1
1.100418 -20.239756 0.000000 93 1
1.149284 -20.250342 0.000000 93 1
1.197964 -20.261754 0.000000 93 1
1.246546 -20.273579 0.000000 93 1
1.295126 -20.285412 0.000000 93 1
1.343801 -20.296846 0.000000 93 1
1.392659 -20.307470 0.000000 93 1
1.441770 -20.316857 0.000000 93 1
1.491172 -20.324567 0.000000 93 1
1.540860 -20.330139 0.000000 93 1
1.590772 -20.333105 0.000000 93 1
0.000000 -28.953309 0.000000 94 1
0.003400 -28.903424 0.000000 94 1
0.006866 -28.853545 0.000000 94 1
0.010470 -28.803675 0.000000 94 1
0.014220 -28.753816 0.000000 94 1
0.018126 -28.703968 0.000000 94 1
0.022197 -28.654134 0.000000 94 1
0.026445 -28.604315 0.000000 94 1
0.030880 -28.554512 0.000000 94 1
0.035515 -28.504728 0.000000 94 1
0.040365 -28.454963 0.000000 94 1
0.045444 -28.405222 0.000000 94 1
0.050770 -28.355506 0.000000 94 1
0.056360 -28.305820 0.000000 94 1
0.062235 -28.256166 0.000000 94 1
0.068417 -28.206550 0.000000 94 1
0.074929 -28.156976 0.000000 94 1
0.081801 -28.107450 0.000000 94 1
0.089061 -28.057980 0.000000 94 1
0.096743 -28.008574 0.000000 94 1
0.104885 -27.959241 0.000000 94 1
0.113528 -27.909994 0.000000 94 1
0.122720 -27.860846 0.000000 94 1
0.132512 -27.811814 0.000000 94 1
0.142965 -27.762919 0.000000 94 1
0.154145 -27.714185 0.000000 94 1
0.166128 -27.665642 0.000000 94 1
0.178999 -27.617327 0.000000 94 1
0.192855 -27.569286 0.000000 94 1
0.207807 -27.521573 0.000000 94 1
0.223977 -27.474260 0.000000 94 1
0.241506 -27.427434 0.000000 94 1
0.260551 -27.381203 0.000000 94 1
0.281285 -27.335705 0.000000 94 1
0.303901 -27.291112 0.000000 94 1
0.328602 -27.247639 0.000000 94 1
0.355600 -27.205555 0.000000 94 1
0.385102 -27.165186 0.000000 94 1
0.417292 -27.126926 0.000000 94 1
0.452305 -27.091232 0.000000 94 1
0.490194 -27.058606 0.000000 94 1
0.530899 -27.029570 0.000000 94 1
0.574220 -27.004604 0.000000 94 1
0.619817 -26.984088 0.000000 94 1
0.667238 -26.968237 0.000000 94 1
0.715973 -26.957063 0.000000 94 1
0.765524 -26.950375 0.000000 94 1
0.815458 -26.947810 0.000000 94 1
0.865446 -26.948889 0.000000 94 1
0.915272 -26.953066 0.000000 94 1
0.964819 -26.959775 0.000000 94 1
1.014060 -26.968456 0.000000 94 1
1.063027 -26.978567 0.000000 94 1
1.111797 -26.989589 0.000000 94 1
1.160473 -27.001020 0.000000 94 1
1.209169 -27.012365 0.000000 94 1
1.257996 -27.023129 0.000000 94 1
1.307051 -27.032804 0.000000 94 1
1.356398 -27.040863 0.000000 94 1
1.406049 -27.046759 0.000000 94 1
1.455949 -27.049926 0.000000 94 1
0.000000 -28.430739 0.000000 95 1
0.003622 -28.380871 0.000000 95 1
0.007312 -28.331007 0.000000 95 1
0.011146 -28.281154 0.000000 95 1
0.015131 -28.231314 0.000000 95 1
0.019278 -28.181486 0.000000 95 1
0.023595 -28.131672 0.000000 95 1
0.028094 -28.081875 0.000000 95 1
0.032786 -28.032096 0.000000 95 1
0.037684 -27.982336 0.000000 95 1
0.042802 -27.932599 0.000000 95 1
0.048154 -27.882886 0.000000 95 1
0.053758 -27.833201 0.000000 95 1
0.059631 -27.783547 0.000000 95 1
0.065792 -27.733929 0.000000 95 1
0.072265 -27.684349 0.000000 95 1
0.079071 -27.634815 0.000000 95 1
0.086238 -27.585331 0.000000 95 1
0.093795 -27.535905 0.000000 95 1
0.101773 -27.486546 0.000000 95 1
0.110209 -27.437263 0.000000 95 1
0.119141 -27.388067 0.000000 95 1
0.128614 -27.338973 0.000000 95 1
0.138677 -27.289996 0.000000 95 1
0.149385 -27.241156 0.000000 95 1
0.160800 -27.192476 0.000000 95 1
0.172989 -27.143985 0.000000 95 1
0.186031 -27.095716 0.000000 95 1
0.200012 -27.047710 0.000000 95 1
0.215029 -27.000018 0.000000 95 1
0.231191 -26.952703 0.000000 95 1
0.248619 -26.905838 0.000000 95 1
0.267448 -26.859519 0.000000 95 1
0.287825 -26.813860 0.000000 95 1
0.309913 -26.769003 0.000000 95 1
0.333881 -26.725122 0.000000 95 1
0.359908 -26.682430 0.000000 95 1
0.388171 -26.641185 0.000000 95 1
0.418833 -26.601690 0.000000 95 1
0.452028 -26.564299 0.000000 95 1
0.487840 -26.529406 0.000000 95 1
0.526278 -26.497429 0.000000 95 1
0.567258 -26.468782 0.000000 95 1
0.610587 -26.443831 0.000000 95 1
0.655973 -26.422851 0.000000 95 1
0.703043 -26.405987 0.000000 95 1
0.751388 -26.393229 0.000000 95 1
0.800604 -26.384412 0.000000 95 1
0.850336 -26.379240 0.000000 95 1
0.900299 -26.377317 0.000000 95 1
0.950291 -26.378188 0.000000 95 1
1.000190 -26.381368 0.000000 95 1
1.049940 -26.386363 0.000000 95 1
1.099539 -26.392686 0.000000 95 1
1.149022 -26.399857 0.000000 95 1
1.198449 -26.407407 0.000000 95 1
1.247888 -26.414871 0.000000 95 1
1.297408 -26.421783 0.000000 95 1
1.347060 -26.427670 0.000000 95 1
1.396868 -26.432051 0.000000 95 1
1.446811 -26.434433 0.000000 95 1
0.000000 -37.210894 0.000000 96 1
0.002910 -37.160978 0.000000 96 1
0.005873 -37.111066 0.000000 96 1
0.008949 -37.061161 0.000000 96 1
0.012143 -37.011263 0.000000 96 1
0.015462 -36.961373 0.000000 96 1
0.018914 -36.911493 0.000000 96 1
0.022508 -36.861622 0.000000 96 1
0.026252 -36.811762 0.000000 96 1
0.030155 -36.761915 0.000000 96 1
0.034228 -36.712081 0.000000 96 1
0.038482 -36.662263 0.000000 96 1
0.042930 -36.612461 0.000000 96 1
0.047584 -36.562678 0.000000 96 1
0.052461 -36.512916 0.000000 96 1
0.057575 -36.463178 0.000000 96 1
0.062945 -36.413468 0.000000 96 1
0.068589 -36.363787 0.000000 96 1
0.074530 -36.314141 0.000000 96 1
0.080792 -36.264535 0.000000 96 1
0.087399 -36.214974 0.000000 96 1
0.094382 -36.165464 0.000000 96 1
0.101773 -36.116013 0.000000 96 1
0.109609 -36.066631 0.000000 96 1
0.117929 -36.017328 0.000000 96 1
0.126778 -35.968117 0.000000 96 1
0.136208 -35.919014 0.000000 96 1
0.146276 -35.870039 0.000000 96 1
0.157046 -35.821212 0.000000 96 1
0.168591 -35.772563 0.000000 96 1
0.180993 -35.724126 0.000000 96 1
0.194345 -35.675941 0.000000 96 1
0.208751 -35.628062 0.000000 96 1
0.224332 -35.580551 0.000000 96 1
0.241219 -35.533490 0.000000 96 1
0.259564 -35.486977 0.000000 96 1
0.279532 -35.441137 0.000000 96 1
0.301306 -35.396127 0.000000 96 1
0.325081 -35.352141 0.000000 96 1
0.351060 -35.309420 0.000000 96 1
0.379444 -35.268258 0.000000 96 1
0.410418 -35.229007 0.000000 96 1
0.444122 -35.192074 0.000000 96 1
0.480632 -35.157912 0.000000 96 1
0.519923 -35.126990 0.000000 96 1
0.561852 -35.099750 0.000000 96 1
0.606144 -35.076552 0.000000 96 1
0.652419 -35.057614 0.000000 96 1
0.700229 -35.042978 0.000000 96 1
0.749118 -35.032497 0.000000 96 1
0.798675 -35.025853 0.000000 96 1
0.848569 -35.022604 0.000000 96 1
0.898568 -35.022226 0.000000 96 1
0.948531 -35.024153 0.000000 96 1
0.998397 -35.027810 0.000000 96 1
1.048165 -35.032623 0.000000 96 1
1.097872 -35.038025 0.000000 96 1
1.147576 -35.043455 0.000000 96 1
1.197336 -35.048352 0.000000 96 1
1.247191 -35.052151 0.000000 96 1
1.297146 -35.054279 0.000000 96 1
0.000000 -48.685513 0.000000 97 1
0.002348 -48.635568 0.000000 97 1
0.004739 -48.585625 0.000000 97 1
0.007217 -48.535687 0.000000 97 1
0.009787 -48.485753 0.000000 97 1
0.012455 -48.435824 0.000000 97 1
0.015226 -48.385901 0.000000 97 1
0.018107 -48.335984 0.000000 97 1
0.021103 -48.286074 0.000000 97 1
0.024223 -48.236171 0.000000 97 1
0.027473 -48.186277 0.000000 97 1
0.030863 -48.136392 0.000000 97 1
0.034401 -48.086518 0.000000 97 1
0.038098 -48.036654 0.000000 97 1
0.041963 -47.986804 0.000000 97 1
0.046010 -47.936968 0.000000 97 1
0.050250 -47.887148 0.000000 97 1
0.054698 -47.837346 0.000000 97 1
0.059370 -47.787565 0.000000 97 1
0.064282 -47.737807 0.000000 97 1
0.069454 -47.688075 0.000000 97 1
0.074907 -47.638373 0.000000 97 1
0.080663 -47.588706 0.000000 97 1
0.086749 -47.539078 0.000000 97 1
0.093194 -47.489495 0.000000 97 1
0.100029 -47.439964 0.000000 97 1
0.107290 -47.390494 0.000000 97 1
0.115017 -47.341095 0.000000 97 1
0.123257 -47.291779 0.000000 97 1
0.132060 -47.242560 0.000000 97 1
0.141484 -47.193456 0.000000 97 1
0.151595 -47.144489 0.000000 97 1
0.162466 -47.095685 0.000000 97 1
0.174184 -47.047077 0.000000 97 1
0.186843 -46.998706 0.000000 97 1
0.200556 -46.950623 0.000000 97 1
0.215445 -46.902892 0.000000 97 1
0.231655 -46.855592 0.000000 97 1
0.249344 -46.808826 0.000000 97 1
0.268694 -46.762722 0.000000 97 1
0.289903 -46.717443 0.000000 97 1
0.313186 -46.673195 0.000000 97 1
0.338768 -46.630235 0.000000 97 1
0.366872 -46.588881 0.000000 97 1
0.397702 -46.549517 0.000000 97 1
0.431410 -46.512588 0.000000 97 1
0.468068 -46.478585 0.000000 97 1
0.507630 -46.448010 0.000000 97 1
0.549908 -46.421315 0.000000 97 1
0.594570 -46.398836 0.000000 97 1
0.641177 -46.380731 0.000000 97 1
0.689237 -46.366941 0.000000 97 1
0.738279 -46.357197 0.000000 97 1
0.787900 -46.351057 0.000000 97 1
0.837804 -46.347960 0.000000 97 1
0.887800 -46.347275 0.000000 97 1
0.937788 -46.348344 0.000000 97 1
0.987742 -46.350501 0.000000 97 1
1.037675 -46.353081 0.000000 97 1
1.087620 -46.355422 0.000000 97 1
1.137600 -46.356860 0.000000 97 1
0.000000 -1.939487 0.000000 98 2
0.002348 -1.989432 0.000000 98 2
0.004739 -2.039375 0.000000 98 2
0.007217 -2.089313 0.000000 98 2
0.009787 -2.139247 0.000000 98 2
0.012455 -2.189176 0.000000 98 2
0.015226 -2.239099 0.000000 98 2
0.018107 -2.289016 0.000000 98 2
0.021103 -2.338926 0.000000 98 2
0.024223 -2.388829 0.000000 98 2
0.027473 -2.438723 0.000000 98 2
0.030863 -2.488608 0.000000 98 2
0.034401 -2.538482 0.000000 98 2
0.038098 -2.588346 0.000000 98 2
0.041963 -2.638196 0.000000 98 2
0.046010 -2.688032 0.000000 98 2
0.050250 -2.737852 0.000000 98 2
0.054698 -2.787654 0.000000 98 2
0.059370 -2.837435 0.000000 98 2
0.064282 -2.887193 0.000000 98 2
0.069454 -2.936925 0.000000 98 2
0.074907 -2.986627 0.000000 98 2
0.080663 -3.036294 0.000000 98 2
0.086749 -3.085922 0.000000 98 2
0.093194 -3.135505 0.000000 98 2
0.100029 -3.185036 0.000000 98 2
0.107290 -3.234506 0.000000 98 2
0.115017 -3.283905 0.000000 98 2
0.123257 -3.333221 0.000000 98 2
0.132060 -3.382440 0.000000 98 2
0.141484 -3.431544 0.000000 98 2
0.151595 -3.480511 0.000000 98 2
0.162466 -3.529315 0.000000 98 2
0.174184 -3.577923 0.000000 98 2
0.186843 -3.626294 0.000000 98 2
0.200556 -3.674377 0.000000 98 2
0.215445 -3.722108 0.000000 98 2
0.231655 -3.769408 0.000000 98 2
0.249344 -3.816174 0.000000 98 2
0.268694 -3.862278 0.000000 98 2
0.289903 -3.907557 0.000000 98 2
0.313186 -3.951805 0.000000 98 2
0.338768 -3.994765 0.000000 98 2
0.366872 -4.036119 0.000000 98 2
0.397702 -4.075483 0.000000 98 2
0.431410 -4.112412 0.000000 98 2
0.468068 -4.146415 0.000000 98 2
0.507630 -4.176990 0.000000 98 2
0.549908 -4.203685 0.000000 98 2
0.594570 -4.226164 0.000000 98 2
0.641177 -4.244269 0.000000 98 2
0.689237 -4.258059 0.000000 98 2
0.738279 -4.267803 0.000000 98 2
0.787900 -4.273943 0.000000 98 2
0.837804 -4.277040 0.000000 98 2
0.887800 -4.277725 0.000000 98 2
0.937788 -4.276656 0.000000 98 2
0.987742 -4.274499 0.000000 98 2
1.037675 -4.271919 0.000000 98 2
1.087620 -4.269578 0.000000 98 2
1.137600 -4.268140 0.000000 98 2
0.000000 -0.757856 0.000000 99 2
0.002910 -0.807772 0.000000 99 2
0.005873 -0.857684 0.000000 99 2
0.008949 -0.907589 0.000000 99 2
0.012143 -0.957487 0.000000 99 2
0.015462 -1.007377 0.000000 99 2
0.018914 -1.057257 0.000000 99 2
0.022508 -1.107128 0.000000 99 2
0.026252 -1.156988 0.000000 99 2
0.030155 -1.206835 0.000000 99 2
0.034228 -1.256669 0.000000 99 2
0.038482 -1.306487 0.000000 99 2
0.042930 -1.356289 0.000000 99 2
0.047584 -1.406072 0.000000 99 2
0.052461 -1.455834 0.000000 99 2
0.057575 -1.505572 0.000000 99 2
0.062945 -1.555282 0.000000 99 2
0.068589 -1.604963 0.000000 99 2
0.074530 -1.654609 0.000000 99 2
0.080792 -1.704215 0.000000 99 2
0.087399 -1.753776 0.000000 99 2
0.094382 -1.803286 0.000000 99 2
0.101773 -1.852737 0.000000 99 2
0.109609 -1.902119 0.000000 99 2
0.117929 -1.951422 0.000000 99 2
0.126778 -2.000633 0.000000 99 2
0.136208 -2.049736 0.000000 99 2
0.146276 -2.098711 0.000000 99 2
0.157046 -2.147538 0.000000 99 2
0.168591 -2.196187 0.000000 99 2
0.180993 -2.244624 0.000000 99 2
0.194345 -2.292809 0.000000 99 2
0.208751 -2.340688 0.000000 99 2
0.224332 -2.388199 0.000000 99 2
0.241219 -2.435260 0.000000 99 2
0.259564 -2.481773 0.000000 99 2
0.279532 -2.527613 0.000000 99 2
0.301306 -2.572623 0.000000 99 2
0.325081 -2.616609 0.000000 99 2
0.351060 -2.659330 0.000000 99 2
0.379444 -2.700492 0.000000 99 2
0.410418 -2.739743 0.000000 99 2
0.444122 -2.776676 0.000000 99 2
0.480632 -2.810838 0.000000 99 2
0.519923 -2.841760 0.000000 99 2
0.561852 -2.869000 0.000000 99 2
0.606144 -2.892198 0.000000 99 2
0.652419 -2.911136 0.000000 99 2
0.700229 -2.925772 0.000000 99 2
0.749118 -2.936253 0.000000 99 2
0.798675 -2.942897 0.000000 99 2
0.848569 -2.946146 0.000000 99 2
0.898568 -2.946524 0.000000 99 2
0.948531 -2.944597 0.000000 99 2
0.998397 -2.940940 0.000000 99 2
1.048165 -2.936127 0.000000 99 2
1.097872 -2.930725 0.000000 99 2
1.147576 -2.925295 0.000000 99 2
1.197336 -2.920398 0.000000 99 2
1.247191 -2.916599 0.000000 99 2
1.297146 -2.914471 0.000000 99 2
0.000000 -0.045823 0.000000 100 2
0.003622 -0.095692 0.000000 100 2
0.007312 -0.145555 0.000000 100 2
0.011146 -0.195408 0.000000 100 2
0.015131 -0.245249 0.000000 100 2
0.019278 -0.295077 0.000000 100 2
0.023595 -0.344890 0.000000 100 2
0.028094 -0.394687 0.000000 100 2
0.032786 -0.444467 0.000000 100 2
0.037684 -0.494226 0.000000 100 2
0.042802 -0.543964 0.000000 100 2
0.048154 -0.593676 0.000000 100 2
0.053758 -0.643361 0.000000 100 2
0.059631 -0.693015 0.000000 100 2
0.065792 -0.742634 0.000000 100 2
0.072265 -0.792213 0.000000 100 2
0.079071 -0.841748 0.000000 100 2
0.086238 -0.891231 0.000000 100 2
0.093795 -0.940657 0.000000 100 2
0.101773 -0.990017 0.000000 100 2
0.110209 -1.039300 0.000000 100 2
0.119141 -1.088495 0.000000 100 2
0.128614 -1.137590 0.000000 100 2
0.138677 -1.186567 0.000000 100 2
0.149385 -1.235407 0.000000 100 2
0.160800 -1.284086 0.000000 100 2
0.172989 -1.332578 0.000000 100 2
0.186031 -1.380847 0.000000 100 2
0.200012 -1.428852 0.000000 100 2
0.215029 -1.476544 0.000000 100 2
0.231191 -1.523860 0.000000 100 2
0.248619 -1.570724 0.000000 100 2
0.267448 -1.617043 0.000000 100 2
0.287825 -1.662703 0.000000 100 2
0.309913 -1.707560 0.000000 100 2
0.333881 -1.751441 0.000000 100 2
0.359908 -1.794132 0.000000 100 2
0.388171 -1.835378 0.000000 100 2
0.418833 -1.874873 0.000000 100 2
0.452028 -1.912264 0.000000 100 2
0.487840 -1.947157 0.000000 100 2
0.526278 -1.979133 0.000000 100 2
0.567258 -2.007781 0.000000 100 2
0.610587 -2.032732 0.000000 100 2
0.655973 -2.053712 0.000000 100 2
0.703043 -2.070575 0.000000 100 2
0.751388 -2.083334 0.000000 100 2
0.800604 -2.092150 0.000000 100 2
0.850336 -2.097323 0.000000 100 2
0.900299 -2.099245 0.000000 100 2
0.950291 -2.098374 0.000000 100 2
1.000190 -2.095194 0.000000 100 2
1.049940 -2.090199 0.000000 100 2
1.099539 -2.083877 0.000000 100 2
1.149022 -2.076706 0.000000 100 2
1.198449 -2.069156 0.000000 100 2
1.247888 -2.061691 0.000000 100 2
1.297408 -2.054779 0.000000 100 2
1.347060 -2.048892 0.000000 100 2
1.396868 -2.044512 0.000000 100 2
1.446811 -2.042129 0.000000 100 2
0.000000 0.476746 0.000000 101 2
0.003400 0.426862 0.000000 101 2
0.006866 0.376982 0.000000 101 2
0.010470 0.327112 0.000000 101 2
0.014220 0.277253 0.000000 101 2
0.018126 0.227406 0.000000 101 2
0.022197 0.177572 0.000000 101 2
0.026445 0.127753 0.000000 101 2
0.030880 0.077950 0.000000 101 2
0.035515 0.028165 0.000000 101 2
0.040365 -0.021599 0.000000 101 2
0.045444 -0.071341 0.000000 101 2
0.050770 -0.121056 0.000000 101 2
0.056360 -0.170743 0.000000 101 2
0.062235 -0.220396 0.000000 101 2
0.068417 -0.270013 0.000000 101 2
0.074929 -0.319587 0.000000 101 2
0.081801 -0.369112 0.000000 101 2
0.089061 -0.418582 0.000000 101 2
0.096743 -0.467989 0.000000 101 2
0.104885 -0.517321 0.000000 101 2
0.113528 -0.566569 0.000000 101 2
0.122720 -0.615717 0.000000 101 2
0.132512 -0.664748 0.000000 101 2
0.142965 -0.713643 0.000000 101 2
0.154145 -0.762377 0.000000 101 2
0.166128 -0.810920 0.000000 101 2
0.178999 -0.859235 0.000000 101 2
0.192855 -0.907277 0.000000 101 2
0.207807 -0.954989 0.000000 101 2
0.223977 -1.002302 0.000000 101 2
0.241506 -1.049129 0.000000 101 2
0.260551 -1.095360 0.000000 101 2
0.281285 -1.140858 0.000000 101 2
0.303901 -1.185451 0.000000 101 2
0.328602 -1.228923 0.000000 101 2
0.355600 -1.271008 0.000000 101 2
0.385102 -1.311377 0.000000 101 2
0.417292 -1.349636 0.000000 101 2
0.452305 -1.385331 0.000000 101 2
0.490194 -1.417956 0.000000 101 2
0.530899 -1.446992 0.000000 101 2
0.574220 -1.471958 0.000000 101 2
0.619817 -1.492474 0.000000 101 2
0.667238 -1.508326 0.000000 101 2
0.715973 -1.519500 0.000000 101 2
0.765524 -1.526188 0.000000 101 2
0.815458 -1.528752 0.000000 101 2
0.865446 -1.527673 0.000000 101 2
0.915272 -1.523496 0.000000 101 2
0.964819 -1.516787 0.000000 101 2
1.014060 -1.508107 0.000000 101 2
1.063027 -1.497996 0.000000 101 2
1.111797 -1.486974 0.000000 101 2
1.160473 -1.475543 0.000000 101 2
1.209169 -1.464197 0.000000 101 2
1.257996 -1.453433 0.000000 101 2
1.307051 -1.443758 0.000000 101 2
1.356398 -1.435699 0.000000 101 2
1.406049 -1.429804 0.000000 101 2
1.455949 -1.426637 0.000000 101 2
0.000000 0.749487 0.000000 102 2
0.004265 0.699669 0.000000 102 2
0.008614 0.649858 0.000000 102 2
0.013139 0.600063 0.000000 102 2
0.017852 0.550286 0.000000 102 2
0.022764 0.500528 0.000000 102 2
0.027887 0.450791 0.000000 102 2
0.033237 0.401078 0.000000 102 2
0.038828 0.351392 0.000000 102 2
0.044676 0.301735 0.000000 102 2
0.050801 0.252111 0.000000 102 2
0.057221 0.202525 0.000000 102 2
0.063959 0.152981 0.000000 102 2
0.071039 0.103485 0.000000 102 2
0.078487 0.054043 0.000000 102 2
0.086332 0.004662 0.000000 102 2
0.094606 -0.044648 0.000000 102 2
0.103346 -0.093879 0.000000 102 2
0.112590 -0.143017 0.000000 102 2
0.122383 -0.192048 0.000000 102 2
0.132773 -0.240957 0.000000 102 2
0.143816 -0.289722 0.000000 102 2
0.155572 -0.338320 0.000000 102 2
0.168111 -0.386723 0.000000 102 2
0.181508 -0.434894 0.000000 102 2
0.195849 -0.482794 0.000000 102 2
0.211231 -0.530369 0.000000 102 2
0.227761 -0.577557 0.000000 102 2
0.245558 -0.624283 0.000000 102 2
0.264755 -0.670451 0.000000 102 2
0.285498 -0.715945 0.000000 102 2
0.307946 -0.760622 0.000000 102 2
0.332267 -0.804309 0.000000 102 2
0.358637 -0.846789 0.000000 102 2
0.387231 -0.887806 0.000000 102 2
0.418211 -0.927052 0.000000 102 2
0.451711 -0.964171 0.000000 102 2
0.487816 -0.998759 0.000000 102 2
0.526541 -1.030389 0.000000 102 2
0.567802 -1.058629 0.000000 102 2
0.611412 -1.083087 0.000000 102 2
0.657074 -1.103456 0.000000 102 2
0.704411 -1.119558 0.000000 102 2
0.752997 -1.131365 0.000000 102 2
0.802409 -1.139010 0.000000 102 2
0.852268 -1.142760 0.000000 102 2
0.902268 -1.142987 0.000000 102 2
0.952186 -1.140126 0.000000 102 2
1.001884 -1.134640 0.000000 102 2
1.051297 -1.127000 0.000000 102 2
1.100418 -1.117666 0.000000 102 2
1.149284 -1.107079 0.000000 102 2
1.197964 -1.095667 0.000000 102 2
1.246546 -1.083843 0.000000 102 2
1.295126 -1.072010 0.000000 102 2
1.343801 -1.060576 0.000000 102 2
1.392659 -1.049952 0.000000 102 2
1.441770 -1.040564 0.000000 102 2
1.491172 -1.032855 0.000000 102 2
1.540860 -1.027283 0.000000 102 2
1.590772 -1.024317 0.000000 102 2
0.000000 1.141413 0.000000 103 2
0.004033 1.091576 0.000000 103 2
0.008147 1.041746 0.000000 103 2
0.012431 0.991930 0.000000 103 2
0.016895 0.942129 0.000000 103 2
0.021552 0.892347 0.000000 103 2
0.026415 0.842584 0.000000 103 2
0.031496 0.792843 0.000000 103 2
0.036812 0.743126 0.000000 103 2
0.042379 0.693437 0.000000 103 2
0.048215 0.643779 0.000000 103 2
0.054340 0.594155 0.000000 103 2
0.060776 0.544571 0.000000 103 2
0.067547 0.495032 0.000000 103 2
0.074680 0.445543 0.000000 103 2
0.082205 0.396113 0.000000 103 2
0.090154 0.346749 0.000000 103 2
0.098564 0.297461 0.000000 103 2
0.107476 0.248262 0.000000 103 2
0.116935 0.199165 0.000000 103 2
0.126993 0.150187 0.000000 103 2
0.137706 0.101348 0.000000 103 2
0.149140 0.052673 0.000000 103 2
0.161366 0.004191 0.000000 103 2
0.174467 -0.044063 0.000000 103 2
0.188535 -0.092043 0.000000 103 2
0.203674 -0.139696 0.000000 103 2
0.220003 -0.186954 0.000000 103 2
0.237652 -0.233736 0.000000 103 2
0.256771 -0.279936 0.000000 103 2
0.277524 -0.325426 0.000000 103 2
0.300092 -0.370043 0.000000 103 2
0.324668 -0.413586 0.000000 103 2
0.351454 -0.455806 0.000000 103 2
0.380652 -0.496395 0.000000 103 2
0.412447 -0.534984 0.000000 103 2
0.446983 -0.571140 0.000000 103 2
0.484338 -0.604376 0.000000 103 2
0.524488 -0.634174 0.000000 103 2
0.567283 -0.660031 0.000000 103 2
0.612431 -0.681517 0.000000 103 2
0.659518 -0.698334 0.000000 103 2
0.708047 -0.710373 0.000000 103 2
0.757504 -0.717722 0.000000 103 2
0.807418 -0.720653 0.000000 103 2
0.857407 -0.719577 0.000000 103 2
0.907196 -0.714989 0.000000 103 2
0.956619 -0.707419 0.000000 103 2
1.005605 -0.697398 0.000000 103 2
1.054153 -0.685438 0.000000 103 2
1.102320 -0.672023 0.000000 103 2
1.150197 -0.657609 0.000000 103 2
1.197901 -0.642631 0.000000 103 2
1.245560 -0.627509 0.000000 103 2
1.293304 -0.612660 0.000000 103 2
1.341260 -0.598509 0.000000 103 2
1.389537 -0.585496 0.000000 103 2
1.438217 -0.574086 0.000000 103 2
1.487342 -0.564771 0.000000 103 2
1.536891 -0.558070 0.000000 103 2
1.586764 -0.554517 0.000000 103 2
0.000000 1.150005 0.000000 104 2
0.005088 1.100265 0.000000 104 2
0.010279 1.050535 0.000000 104 2
0.015688 1.000828 0.000000 104 2
0.021327 0.951147 0.000000 104 2
0.027213 0.901495 0.000000 104 2
0.033361 0.851874 0.000000 104 2
0.039790 0.802290 0.000000 104 2
0.046519 0.752744 0.000000 104 2
0.053569 0.703244 0.000000 104 2
0.060964 0.653794 0.000000 104 2
0.068730 0.604401 0.000000 104 2
0.076894 0.555072 0.000000 104 2
0.085489 0.505816 0.000000 104 2
0.094548 0.456643 0.000000 104 2
0.104109 0.407566 0.000000 104 2
0.114215 0.358598 0.000000 104 2
0.124912 0.309756 0.000000 104 2
0.136252 0.261059 0.000000 104 2
0.148293 0.212530 0.000000 104 2
0.161099 0.164198 0.000000 104 2
0.174741 0.116095 0.000000 104 2
0.189300 0.068262 0.000000 104 2
0.204865 0.020746 0.000000 104 2
0.221534 -0.026394 0.000000 104 2
0.239417 -0.073086 0.000000 104 2
0.258636 -0.119245 0.000000 104 2
0.279323 -0.164765 0.000000 104 2
0.301624 -0.209516 0.000000 104 2
0.325691 -0.253343 0.000000 104 2
0.351687 -0.296054 0.000000 104 2
0.379772 -0.337420 0.000000 104 2
0.410103 -0.377170 0.000000 104 2
0.442814 -0.414985 0.000000 104 2
0.478005 -0.450504 0.000000 104 2
0.515719 -0.483332 0.000000 104 2
0.555923 -0.513057 0.000000 104 2
0.598493 -0.539284 0.000000 104 2
0.643203 -0.561668 0.000000 104 2
0.689738 -0.579957 0.000000 104 2
0.737718 -0.594024 0.000000 104 2
0.786736 -0.603886 0.000000 104 2
0.836397 -0.609696 0.000000 104 2
0.886356 -0.611725 0.000000 104 2
0.936336 -0.610329 0.000000 104 2
0.986141 -0.605911 0.000000 104 2
1.035647 -0.598899 0.000000 104 2
1.084797 -0.589720 0.000000 104 2
1.133587 -0.578788 0.000000 104 2
1.182053 -0.566499 0.000000 104 2
1.230261 -0.553230 0.000000 104 2
1.278294 -0.539343 0.000000 104 2
1.326248 -0.525189 0.000000 104 2
1.374226 -0.511112 0.000000 104 2
1.422326 -0.497460 0.000000 104 2
1.470640 -0.484587 0.000000 104 2
1.519246 -0.472861 0.000000 104 2
1.568196 -0.462669 0.000000 104 2
1.617510 -0.454414 0.000000 104 2
1.667161 -0.448518 0.000000 104 2
1.717064 -0.445410 0.000000 104 2
0.000000 -13.950228 0.000000 105 2
0.002235 -14.000178 0.000000 105 2
0.004507 -14.050126 0.000000 105 2
0.006857 -14.100071 0.000000 105 2
0.009289 -14.150012 0.000000 105 2
0.011808 -14.199948 0.000000 105 2
0.014418 -14.249880 0.000000 105 2
0.017124 -14.299807 0.000000 105 2
0.019932 -14.349728 0.000000 105 2
0.022847 -14.399643 0.000000 105 2
0.025876 -14.449551 0.000000 105 2
0.029025 -14.499452 0.000000 105 2
0.032302 -14.549344 0.000000 105 2
0.035714 -14.599228 0.000000 105 2
0.039271 -14.649101 0.000000 105 2
0.042981 -14.698963 0.000000 105 2
0.046855 -14.748813 0.000000 105 2
0.050903 -14.798649 0.000000 105 2
0.055137 -14.848469 0.000000 105 2
0.059572 -14.898272 0.000000 105 2
0.064220 -14.948056 0.000000 105 2
0.069097 -14.997817 0.000000 105 2
0.074222 -15.047554 0.000000 105 2
0.079612 -15.097262 0.000000 105 2
0.085289 -15.146939 0.000000 105 2
0.091276 -15.196579 0.000000 105 2
0.097599 -15.246178 0.000000 105 2
0.104287 -15.295729 0.000000 105 2
0.111370 -15.345224 0.000000 105 2
0.118884 -15.394657 0.000000 105 2
0.126870 -15.444015 0.000000 105 2
0.135372 -15.493287 0.000000 105 2
0.144438 -15.542458 0.000000 105 2
0.154127 -15.591510 0.000000 105 2
0.164500 -15.640422 0.000000 105 2
0.175629 -15.689168 0.000000 105 2
0.187596 -15.737715 0.000000 105 2
0.200492 -15.786023 0.000000 105 2
0.214420 -15.834044 0.000000 105 2
0.229497 -15.881717 0.000000 105 2
0.245856 -15.928965 0.000000 105 2
0.263643 -15.975694 0.000000 105 2
0.283023 -16.021785 0.000000 105 2
0.304176 -16.067091 0.000000 105 2
0.327293 -16.111425 0.000000 105 2
0.352577 -16.154562 0.000000 105 2
0.380225 -16.196222 0.000000 105 2
0.410421 -16.236075 0.000000 105 2
0.443306 -16.273738 0.000000 105 2
0.478962 -16.308790 0.000000 105 2
0.517374 -16.340798 0.000000 105 2
0.558416 -16.369356 0.000000 105 2
0.601841 -16.394141 0.000000 105 2
0.647299 -16.414963 0.000000 105 2
0.694377 -16.431805 0.000000 105 2
0.742651 -16.444829 0.000000 105 2
0.791734 -16.454362 0.000000 105 2
0.841310 -16.460858 0.000000 105 2
0.891150 -16.464855 0.000000 105 2
0.941107 -16.466941 0.000000 105 2
0.991101 -16.467726 0.000000 105 2
0.000000 -12.298651 0.000000 106 2
0.001982 -12.348612 0.000000 106 2
0.004000 -12.398571 0.000000 106 2
0.006091 -12.448527 0.000000 106 2
0.008261 -12.498480 0.000000 106 2
0.010512 -12.548430 0.000000 106 2
0.012852 -12.598375 0.000000 106 2
0.015283 -12.648316 0.000000 106 2
0.017813 -12.698252 0.000000 106 2
0.020447 -12.748182 0.000000 106 2
0.023191 -12.798107 0.000000 106 2
0.026053 -12.848025 0.000000 106 2
0.029041 -12.897935 0.000000 106 2
0.032162 -12.947838 0.000000 106 2
0.035426 -12.997731 0.000000 106 2
0.038844 -13.047614 0.000000 106 2
0.042425 -13.097486 0.000000 106 2
0.046182 -13.147345 0.000000 106 2
0.050129 -13.197189 0.000000 106 2
0.054280 -13.247016 0.000000 106 2
0.058650 -13.296825 0.000000 106 2
0.063259 -13.346612 0.000000 106 2
0.068125 -13.396374 0.000000 106 2
0.073271 -13.446109 0.000000 106 2
0.078722 -13.495811 0.000000 106 2
0.084504 -13.545475 0.000000 106 2
0.090650 -13.595096 0.000000 106 2
0.097193 -13.644666 0.000000 106 2
0.104172 -13.694177 0.000000 106 2
0.111633 -13.743617 0.000000 106 2
0.119625 -13.792974 0.000000 106 2
0.128207 -13.842232 0.000000 106 2
0.137443 -13.891372 0.000000 106 2
0.147409 -13.940369 0.000000 106 2
0.158190 -13.989192 0.000000 106 2
0.169888 -14.037805 0.000000 106 2
0.182614 -14.086158 0.000000 106 2
0.196503 -14.134190 0.000000 106 2
0.211705 -14.181823 0.000000 106 2
0.228395 -14.228955 0.000000 106 2
0.246773 -14.275455 0.000000 106 2
0.267062 -14.321154 0.000000 106 2
0.289510 -14.365832 0.000000 106 2
0.314382 -14.409206 0.000000 106 2
0.341948 -14.450921 0.000000 106 2
0.372456 -14.490535 0.000000 106 2
0.406101 -14.527521 0.000000 106 2
0.442972 -14.561293 0.000000 106 2
0.483004 -14.591251 0.000000 106 2
0.525944 -14.616866 0.000000 106 2
0.571362 -14.637777 0.000000 106 2
0.618699 -14.653875 0.000000 106 2
0.667368 -14.665335 0.000000 106 2
0.716839 -14.672590 0.000000 106 2
0.766704 -14.676258 0.000000 106 2
0.816698 -14.677069 0.000000 106 2
0.866682 -14.675803 0.000000 106 2
0.916616 -14.673247 0.000000 106 2
0.966523 -14.670191 0.000000 106 2
1.016446 -14.667418 0.000000 106 2
1.066417 -14.665713 0.000000 106 2
0.000000 -5.988979 0.000000 107 2
0.003162 -6.038879 0.000000 107 2
0.006382 -6.088775 0.000000 107 2
0.009726 -6.138664 0.000000 107 2
0.013201 -6.188543 0.000000 107 2
0.016815 -6.238412 0.000000 107 2
0.020575 -6.288270 0.000000 107 2
0.024492 -6.338117 0.000000 107 2
0.028574 -6.387950 0.000000 107 2
0.032833 -6.437768 0.000000 107 2
0.037281 -6.487570 0.000000 107 2
0.041930 -6.537353 0.000000 107 2
0.046794 -6.587116 0.000000 107 2
0.051889 -6.636856 0.000000 107 2
0.057230 -6.686570 0.000000 107 2
0.062837 -6.736254 0.000000 107 2
0.068728 -6.785906 0.000000 107 2
0.074928 -6.835520 0.000000 107 2
0.081459 -6.885092 0.000000 107 2
0.088349 -6.934615 0.000000 107 2
0.095628 -6.984082 0.000000 107 2
0.103330 -7.033485 0.000000 107 2
0.111491 -7.082815 0.000000 107 2
0.120152 -7.132059 0.000000 107 2
0.129361 -7.181204 0.000000 107 2
0.139169 -7.230232 0.000000 107 2
0.149635 -7.279125 0.000000 107 2
0.160824 -7.327856 0.000000 107 2
0.172811 -7.376398 0.000000 107 2
0.185679 -7.424714 0.000000 107 2
0.199522 -7.472760 0.000000 107 2
0.214447 -7.520480 0.000000 107 2
0.230573 -7.567808 0.000000 107 2
0.248035 -7.614660 0.000000 107 2
0.266982 -7.660931 0.000000 107 2
0.287581 -7.706491 0.000000 107 2
0.310010 -7.751178 0.000000 107 2
0.334463 -7.794790 0.000000 107 2
0.361136 -7.837082 0.000000 107 2
0.390220 -7.877752 0.000000 107 2
0.421887 -7.916446 0.000000 107 2
0.456263 -7.952754 0.000000 107 2
0.493404 -7.986229 0.000000 107 2
0.533268 -8.016410 0.000000 107 2
0.575693 -8.042870 0.000000 107 2
0.620395 -8.065268 0.000000 107 2
0.666991 -8.083402 0.000000 107 2
0.715038 -8.097241 0.000000 107 2
0.764088 -8.106938 0.000000 107 2
0.813743 -8.112802 0.000000 107 2
0.863683 -8.115261 0.000000 107 2
0.913681 -8.114820 0.000000 107 2
0.963602 -8.112018 0.000000 107 2
1.013389 -8.107404 0.000000 107 2
1.063042 -8.101521 0.000000 107 2
1.112602 -8.094905 0.000000 107 2
1.162134 -8.088081 0.000000 107 2
1.211709 -8.081574 0.000000 107 2
1.261387 -8.075910 0.000000 107 2
1.311203 -8.071626 0.000000 107 2
1.361147 -8.069269 0.000000 107 2
0.000000 -3.794976 0.000000 108 2
0.003823 -3.844829 0.000000 108 2
0.007720 -3.894677 0.000000 108 2
0.011771 -3.944513 0.000000 108 2
0.015987 -3.994335 0.000000 108 2
0.020378 -4.044142 0.000000 108 2
0.024954 -4.093932 0.000000 108 2
0.029727 -4.143703 0.000000 108 2
0.034711 -4.193454 0.000000 108 2
0.039920 -4.243182 0.000000 108 2
0.045370 -4.292884 0.000000 108 2
0.051076 -4.342558 0.000000 108 2
0.057059 -4.392198 0.000000 108 2
0.063337 -4.441803 0.000000 108 2
0.069934 -4.491366 0.000000 108 2
0.076874 -4.540882 0.000000 108 2
0.084185 -4.590344 0.000000 108 2
0.091896 -4.639746 0.000000 108 2
0.100041 -4.689078 0.000000 108 2
0.108656 -4.738330 0.000000 108 2
0.117783 -4.787490 0.000000 108 2
0.127469 -4.836543 0.000000 108 2
0.137763 -4.885472 0.000000 108 2
0.148724 -4.934256 0.000000 108 2
0.160416 -4.982870 0.000000 108 2
0.172911 -5.031283 0.000000 108 2
0.186290 -5.079460 0.000000 108 2
0.200644 -5.127355 0.000000 108 2
0.216076 -5.174914 0.000000 108 2
0.232700 -5.222070 0.000000 108 2
0.250644 -5.268739 0.000000 108 2
0.270050 -5.314819 0.000000 108 2
0.291074 -5.360185 0.000000 108 2
0.313885 -5.404678 0.000000 108 2
0.338663 -5.448106 0.000000 108 2
0.365593 -5.490235 0.000000 108 2
0.394854 -5.530779 0.000000 108 2
0.426607 -5.569401 0.000000 108 2
0.460978 -5.605714 0.000000 108 2
0.498029 -5.639289 0.000000 108 2
0.537733 -5.669679 0.000000 108 2
0.579960 -5.696454 0.000000 108 2
0.624461 -5.719250 0.000000 108 2
0.670886 -5.737817 0.000000 108 2
0.718815 -5.752058 0.000000 108 2
0.767808 -5.762043 0.000000 108 2
0.817452 -5.767999 0.000000 108 2
0.867400 -5.770280 0.000000 108 2
0.917390 -5.769320 0.000000 108 2
0.967252 -5.765605 0.000000 108 2
1.016894 -5.759630 0.000000 108 2
1.066291 -5.751890 0.000000 108 2
1.115470 -5.742863 0.000000 108 2
1.164490 -5.733015 0.000000 108 2
1.213435 -5.722798 0.000000 108 2
1.262396 -5.712659 0.000000 108 2
1.311463 -5.703044 0.000000 108 2
1.360712 -5.694410 0.000000 108 2
1.410193 -5.687226 0.000000 108 2
1.459917 -5.681978 0.000000 108 2
1.509838 -5.679162 0.000000 108 2
0.000000 -2.323663 0.000000 109 2
0.004660 -2.373445 0.000000 109 2
0.009412 -2.423219 0.000000 109 2
0.014358 -2.472973 0.000000 109 2
0.019511 -2.522707 0.000000 109 2
0.024883 -2.572418 0.000000 109 2
0.030489 -2.622102 0.000000 109 2
0.036344 -2.671758 0.000000 109 2
0.042466 -2.721382 0.000000 109 2
0.048872 -2.770970 0.000000 109 2
0.055583 -2.820518 0.000000 109 2
0.062621 -2.870020 0.000000 109 2
0.070011 -2.919471 0.000000 109 2
0.077778 -2.968864 0.000000 109 2
0.085953 -3.018191 0.000000 109 2
0.094568 -3.067443 0.000000 109 2
0.103658 -3.116610 0.000000 109 2
0.113264 -3.165679 0.000000 109 2
0.123429 -3.214634 0.000000 109 2
0.134202 -3.263460 0.000000 109 2
0.145638 -3.312135 0.000000 109 2
0.157797 -3.360634 0.000000 109 2
0.170747 -3.408928 0.000000 109 2
0.184563 -3.456981 0.000000 109 2
0.199329 -3.504751 0.000000 109 2
0.215140 -3.552185 0.000000 109 2
0.232098 -3.599221 0.000000 109 2
0.250321 -3.645783 0.000000 109 2
0.269934 -3.691775 0.000000 109 2
0.291079 -3.737084 0.000000 109 2
0.313904 -3.781570 0.000000 109 2
0.338570 -3.825062 0.000000 109 2
0.365240 -3.867356 0.000000 109 2
0.394077 -3.908202 0.000000 109 2
0.425230 -3.947311 0.000000 109 2
0.458822 -3.984345 0.000000 109 2
0.494933 -4.018929 0.000000 109 2
0.533573 -4.050661 0.000000 109 2
0.574672 -4.079137 0.000000 109 2
0.618060 -4.103987 0.000000 109 2
0.663471 -4.124911 0.000000 109 2
0.710560 -4.141721 0.000000 109 2
0.758935 -4.154368 0.000000 109 2
0.808194 -4.162942 0.000000 109 2
0.857971 -4.167663 0.000000 109 2
0.907956 -4.168856 0.000000 109 2
0.957918 -4.166911 0.000000 109 2
1.007701 -4.162253 0.000000 109 2
1.057218 -4.155322 0.000000 109 2
1.106443 -4.146550 0.000000 109 2
1.155393 -4.136357 0.000000 109 2
1.204120 -4.125145 0.000000 109 2
1.252697 -4.113305 0.000000 109 2
1.301214 -4.101215 0.000000 109 2
1.349761 -4.089249 0.000000 109 2
1.398429 -4.077785 0.000000 109 2
1.447297 -4.067208 0.000000 109 2
1.496426 -4.057916 0.000000 109 2
1.545847 -4.050324 0.000000 109 2
1.595547 -4.044859 0.000000 109 2
1.645463 -4.041961 0.000000 109 2
0.000000 -1.801093 0.000000 110 2
0.004299 -1.850908 0.000000 110 2
0.008686 -1.900715 0.000000 110 2
0.013257 -1.950506 0.000000 110 2
0.018024 -2.000278 0.000000 110 2
0.023000 -2.050030 0.000000 110 2
0.028199 -2.099759 0.000000 110 2
0.033637 -2.149462 0.000000 110 2
0.039329 -2.199137 0.000000 110 2
0.045295 -2.248780 0.000000 110 2
0.051554 -2.298387 0.000000 110 2
0.058129 -2.347953 0.000000 110 2
0.065045 -2.397472 0.000000 110 2
0.072327 -2.446939 0.000000 110 2
0.080007 -2.496345 0.000000 110 2
0.088118 -2.545683 0.000000 110 2
0.096695 -2.594942 0.000000 110 2
0.105781 -2.644110 0.000000 110 2
0.115421 -2.693172 0.000000 110 2
0.125666 -2.742111 0.000000 110 2
0.136574 -2.790906 0.000000 110 2
0.148211 -2.839533 0.000000 110 2
0.160648 -2.887962 0.000000 110 2
0.173967 -2.936155 0.000000 110 2
0.188263 -2.984068 0.000000 110 2
0.203638 -3.031645 0.000000 110 2
0.220210 -3.078819 0.000000 110 2
0.238112 -3.125504 0.000000 110 2
0.257492 -3.171596 0.000000 110 2
0.278512 -3.216963 0.000000 110 2
0.301353 -3.261441 0.000000 110 2
0.326207 -3.304826 0.000000 110 2
0.353273 -3.346867 0.000000 110 2
0.382750 -3.387253 0.000000 110 2
0.414819 -3.425615 0.000000 110 2
0.449620 -3.461516 0.000000 110 2
0.487225 -3.494469 0.000000 110 2
0.527605 -3.523954 0.000000 110 2
0.570606 -3.549469 0.000000 110 2
0.615930 -3.570581 0.000000 110 2
0.663160 -3.586992 0.000000 110 2
0.711796 -3.598590 0.000000 110 2
0.761322 -3.605457 0.000000 110 2
0.811264 -3.607861 0.000000 110 2
0.861237 -3.606206 0.000000 110 2
0.910963 -3.600978 0.000000 110 2
0.960273 -3.592701 0.000000 110 2
1.009092 -3.581895 0.000000 110 2
1.057417 -3.569062 0.000000 110 2
1.105301 -3.554672 0.000000 110 2
1.152836 -3.539165 0.000000 110 2
1.200136 -3.522958 0.000000 110 2
1.247332 -3.506448 0.000000 110 2
1.294558 -3.490026 0.000000 110 2
1.341948 -3.474084 0.000000 110 2
1.389628 -3.459028 0.000000 110 2
1.437701 -3.445283 0.000000 110 2
1.486245 -3.433303 0.000000 110 2
1.535289 -3.423574 0.000000 110 2
1.584801 -3.416605 0.000000 110 2
1.634665 -3.412924 0.000000 110 2
0.000000 -0.958893 0.000000 111 2
0.005308 -1.008611 0.000000 111 2
0.010725 -1.058316 0.000000 111 2
0.016374 -1.107996 0.000000 111 2
0.022269 -1.157647 0.000000 111 2
0.028427 -1.207267 0.000000 111 2
0.034866 -1.256850 0.000000 111 2
0.041606 -1.306394 0.000000 111 2
0.048667 -1.355893 0.000000 111 2
0.056073 -1.405341 0.000000 111 2
0.063850 -1.454733 0.000000 111 2
0.072027 -1.504060 0.000000 111 2
0.080635 -1.553313 0.000000 111 2
0.089708 -1.602483 0.000000 111 2
0.099285 -1.651557 0.000000 111 2
0.109407 -1.700522 0.000000 111 2
0.120123 -1.749360 0.000000 111 2
0.131483 -1.798053 0.000000 111 2
0.143547 -1.846575 0.000000 111 2
0.156379 -1.894901 0.000000 111 2
0.170052 -1.942995 0.000000 111 2
0.184646 -1.990818 0.000000 111 2
0.200252 -2.038320 0.000000 111 2
0.216970 -2.085442 0.000000 111 2
0.234911 -2.132112 0.000000 111 2
0.254200 -2.178242 0.000000 111 2
0.274972 -2.223723 0.000000 111 2
0.297374 -2.268424 0.000000 111 2
0.321565 -2.312182 0.000000 111 2
0.347709 -2.354802 0.000000 111 2
0.375974 -2.396047 0.000000 111 2
0.406519 -2.435632 0.000000 111 2
0.439482 -2.473228 0.000000 111 2
0.474965 -2.508455 0.000000 111 2
0.513009 -2.540900 0.000000 111 2
0.553574 -2.570131 0.000000 111 2
0.596523 -2.595733 0.000000 111 2
0.641610 -2.617346 0.000000 111 2
0.688497 -2.634713 0.000000 111 2
0.736779 -2.647708 0.000000 111 2
0.786025 -2.656358 0.000000 111 2
0.835824 -2.660836 0.000000 111 2
0.885820 -2.661432 0.000000 111 2
0.935735 -2.658520 0.000000 111 2
0.985374 -2.652523 0.000000 111 2
1.034621 -2.643876 0.000000 111 2
1.083426 -2.633012 0.000000 111 2
1.131796 -2.620346 0.000000 111 2
1.179774 -2.606272 0.000000 111 2
1.227435 -2.591157 0.000000 111 2
1.274872 -2.575354 0.000000 111 2
1.322190 -2.559199 0.000000 111 2
1.369501 -2.543022 0.000000 111 2
1.416915 -2.527152 0.000000 111 2
1.464540 -2.511925 0.000000 111 2
1.512471 -2.497690 0.000000 111 2
1.560784 -2.484812 0.000000 111 2
1.609530 -2.473683 0.000000 111 2
1.658718 -2.464713 0.000000 111 2
1.708310 -2.458333 0.000000 111 2
1.758197 -2.454981 0.000000 111 2
0.000000 -24.452479 0.000000 112 2
0.007176 -24.501961 0.000000 112 2
0.014428 -24.551433 0.000000 112 2
0.021838 -24.600881 0.000000 112 2
0.029411 -24.650304 0.000000 112 2
0.037152 -24.699701 0.000000 112 2
0.045069 -24.749070 0.000000 112 2
0.053168 -24.798410 0.000000 112 2
0.061456 -24.847718 0.000000 112 2
0.069939 -24.896993 0.000000 112 2
0.078626 -24.946233 0.000000 112 2
0.087525 -24.995434 0.000000 112 2
0.096644 -25.044596 0.000000 112 2
0.105992 -25.093714 0.000000 112 2
0.115580 -25.142786 0.000000 112 2
0.125416 -25.191809 0.000000 112 2
0.135513 -25.240779 0.000000 112 2
0.145880 -25.289693 0.000000 112 2
0.156532 -25.338545 0.000000 112 2
0.167479 -25.387332 0.000000 112 2
0.178737 -25.436048 0.000000 112 2
0.190320 -25.484688 0.000000 112 2
0.202243 -25.533245 0.000000 112 2
0.214523 -25.581714 0.000000 112 2
0.227179 -25.630086 0.000000 112 2
0.240228 -25.678353 0.000000 112 2
0.253692 -25.726506 0.000000 112 2
0.267592 -25.774535 0.000000 112 2
0.281952 -25.822428 0.000000 112 2
0.296798 -25.870174 0.000000 112 2
0.312156 -25.917757 0.000000 112 2
0.328055 -25.965161 0.000000 112 2
0.344528 -26.012370 0.000000 112 2
0.361607 -26.059362 0.000000 112 2
0.379330 -26.106116 0.000000 112 2
0.397736 -26.152605 0.000000 112 2
0.416868 -26.198800 0.000000 112 2
0.436771 -26.244668 0.000000 112 2
0.457495 -26.290171 0.000000 112 2
0.479094 -26.335265 0.000000 112 2
0.501624 -26.379901 0.000000 112 2
0.525148 -26.424022 0.000000 112 2
0.549730 -26.467561 0.000000 112 2
0.575442 -26.510444 0.000000 112 2
0.602356 -26.552582 0.000000 112 2
0.630551 -26.593875 0.000000 112 2
0.660106 -26.634205 0.000000 112 2
0.691102 -26.673438 0.000000 112 2
0.723620 -26.711419 0.000000 112 2
0.757736 -26.747971 0.000000 112 2
0.793520 -26.782893 0.000000 112 2
0.831027 -26.815957 0.000000 112 2
0.870294 -26.846910 0.000000 112 2
0.911329 -26.875478 0.000000 112 2
0.954107 -26.901364 0.000000 112 2
0.998554 -26.924265 0.000000 112 2
1.044546 -26.943879 0.000000 112 2
1.091902 -26.959923 0.000000 112 2
1.140383 -26.972154 0.000000 112 2
1.189701 -26.980382 0.000000 112 2
1.239532 -26.984495 0.000000 112 2
0.000000 -22.800902 0.000000 113 2
0.005102 -22.850641 0.000000 113 2
0.010281 -22.900372 0.000000 113 2
0.015622 -22.950086 0.000000 113 2
0.021132 -22.999782 0.000000 113 2
0.026819 -23.049457 0.000000 113 2
0.032691 -23.099111 0.000000 113 2
0.038758 -23.148742 0.000000 113 2
0.045029 -23.198347 0.000000 113 2
0.051515 -23.247925 0.000000 113 2
0.058227 -23.297472 0.000000 113 2
0.065176 -23.346987 0.000000 113 2
0.072376 -23.396466 0.000000 113 2
0.079840 -23.445905 0.000000 113 2
0.087582 -23.495302 0.000000 113 2
0.095618 -23.544652 0.000000 113 2
0.103965 -23.593951 0.000000 113 2
0.112640 -23.643192 0.000000 113 2
0.121662 -23.692372 0.000000 113 2
0.131054 -23.741482 0.000000 113 2
0.140836 -23.790516 0.000000 113 2
0.151032 -23.839465 0.000000 113 2
0.161670 -23.888320 0.000000 113 2
0.172776 -23.937071 0.000000 113 2
0.184381 -23.985706 0.000000 113 2
0.196518 -24.034210 0.000000 113 2
0.209221 -24.082570 0.000000 113 2
0.222528 -24.130766 0.000000 113 2
0.236482 -24.178780 0.000000 113 2
0.251126 -24.226587 0.000000 113 2
0.266507 -24.274163 0.000000 113 2
0.282678 -24.321475 0.000000 113 2
0.299694 -24.368491 0.000000 113 2
0.317614 -24.415169 0.000000 113 2
0.336501 -24.461465 0.000000 113 2
0.356424 -24.507324 0.000000 113 2
0.377453 -24.552687 0.000000 113 2
0.399664 -24.597483 0.000000 113 2
0.423134 -24.641632 0.000000 113 2
0.447942 -24.685044 0.000000 113 2
0.474168 -24.727613 0.000000 113 2
0.501892 -24.769224 0.000000 113 2
0.531187 -24.809743 0.000000 113 2
0.562120 -24.849025 0.000000 113 2
0.594749 -24.886912 0.000000 113 2
0.629113 -24.923231 0.000000 113 2
0.665235 -24.957803 0.000000 113 2
0.703109 -24.990446 0.000000 113 2
0.742704 -25.020978 0.000000 113 2
0.783958 -25.049229 0.000000 113 2
0.826775 -25.075050 0.000000 113 2
0.871030 -25.098319 0.000000 113 2
0.916575 -25.118951 0.000000 113 2
0.963240 -25.136905 0.000000 113 2
1.010848 -25.152186 0.000000 113 2
1.059219 -25.164843 0.000000 113 2
1.108182 -25.174974 0.000000 113 2
1.157580 -25.182710 0.000000 113 2
1.207276 -25.188217 0.000000 113 2
1.257156 -25.191686 0.000000 113 2
1.307129 -25.193322 0.000000 113 2
0.000000 -21.149326 0.000000 114 2
0.003955 -21.199169 0.000000 114 2
0.007980 -21.249007 0.000000 114 2
0.012152 -21.298832 0.000000 114 2
0.016479 -21.348645 0.000000 114 2
0.020969 -21.398443 0.000000 114 2
0.025632 -21.448225 0.000000 114 2
0.030478 -21.497989 0.000000 114 2
0.035518 -21.547735 0.000000 114 2
0.040764 -21.597459 0.000000 114 2
0.046228 -21.647159 0.000000 114 2
0.051924 -21.696834 0.000000 114 2
0.057867 -21.746479 0.000000 114 2
0.064074 -21.796093 0.000000 114 2
0.070561 -21.845670 0.000000 114 2
0.077348 -21.895207 0.000000 114 2
0.084457 -21.944699 0.000000 114 2
0.091909 -21.994141 0.000000 114 2
0.099729 -22.043525 0.000000 114 2
0.107946 -22.092846 0.000000 114 2
0.116589 -22.142093 0.000000 114 2
0.125691 -22.191258 0.000000 114 2
0.135288 -22.240328 0.000000 114 2
0.145421 -22.289290 0.000000 114 2
0.156133 -22.338130 0.000000 114 2
0.167472 -22.386827 0.000000 114 2
0.179493 -22.435360 0.000000 114 2
0.192255 -22.483704 0.000000 114 2
0.205824 -22.531828 0.000000 114 2
0.220271 -22.579695 0.000000 114 2
0.235676 -22.627263 0.000000 114 2
0.252127 -22.674479 0.000000 114 2
0.269721 -22.721281 0.000000 114 2
0.288561 -22.767596 0.000000 114 2
0.308762 -22.813333 0.000000 114 2
0.330444 -22.858388 0.000000 114 2
0.353734 -22.902632 0.000000 114 2
0.378765 -22.945916 0.000000 114 2
0.405667 -22.988061 0.000000 114 2
0.434565 -23.028865 0.000000 114 2
0.465571 -23.068090 0.000000 114 2
0.498769 -23.105479 0.000000 114 2
0.534210 -23.140748 0.000000 114 2
0.571896 -23.173608 0.000000 114 2
0.611768 -23.203777 0.000000 114 2
0.653706 -23.231003 0.000000 114 2
0.697523 -23.255088 0.000000 114 2
0.742982 -23.275907 0.000000 114 2
0.789811 -23.293430 0.000000 114 2
0.837725 -23.307720 0.000000 114 2
0.886451 -23.318937 0.000000 114 2
0.935744 -23.327319 0.000000 114 2
0.985401 -23.333165 0.000000 114 2
1.035267 -23.336822 0.000000 114 2
1.085233 -23.338659 0.000000 114 2
1.135231 -23.339065 0.000000 114 2
1.185227 -23.338432 0.000000 114 2
1.235211 -23.337153 0.000000 114 2
1.285187 -23.335623 0.000000 114 2
1.335168 -23.334234 0.000000 114 2
1.385161 -23.333382 0.000000 114 2
0.000000 -14.623312 0.000000 115 2
0.004297 -14.673127 0.000000 115 2
0.008678 -14.722934 0.000000 115 2
0.013232 -14.772727 0.000000 115 2
0.017970 -14.822502 0.000000 115 2
0.022904 -14.872257 0.000000 115 2
0.028047 -14.921992 0.000000 115 2
0.033410 -14.971704 0.000000 115 2
0.039010 -15.021389 0.000000 115 2
0.044862 -15.071046 0.000000 115 2
0.050983 -15.120670 0.000000 115 2
0.057392 -15.170257 0.000000 115 2
0.064109 -15.219804 0.000000 115 2
0.071158 -15.269305 0.000000 115 2
0.078562 -15.318753 0.000000 115 2
0.086350 -15.368143 0.000000 115 2
0.094551 -15.417466 0.000000 115 2
0.103199 -15.466712 0.000000 115 2
0.112329 -15.515872 0.000000 115 2
0.121984 -15.564931 0.000000 115 2
0.132207 -15.613874 0.000000 115 2
0.143049 -15.662685 0.000000 115 2
0.154566 -15.711340 0.000000 115 2
0.166819 -15.759816 0.000000 115 2
0.179877 -15.808080 0.000000 115 2
0.193819 -15.856097 0.000000 115 2
0.208729 -15.903822 0.000000 115 2
0.224704 -15.951202 0.000000 115 2
0.241849 -15.998170 0.000000 115 2
0.260282 -16.044648 0.000000 115 2
0.280133 -16.090539 0.000000 115 2
0.301540 -16.135725 0.000000 115 2
0.324656 -16.180061 0.000000 115 2
0.349637 -16.223372 0.000000 115 2
0.376646 -16.265450 0.000000 115 2
0.405838 -16.306044 0.000000 115 2
0.437354 -16.344860 0.000000 115 2
0.471304 -16.381567 0.000000 115 2
0.507752 -16.415795 0.000000 115 2
0.546691 -16.447160 0.000000 115 2
0.588030 -16.475286 0.000000 115 2
0.631588 -16.499836 0.000000 115 2
0.677093 -16.520556 0.000000 115 2
0.724204 -16.537305 0.000000 115 2
0.772546 -16.550073 0.000000 115 2
0.821746 -16.558986 0.000000 115 2
0.871464 -16.564288 0.000000 115 2
0.921422 -16.566315 0.000000 115 2
0.971415 -16.565463 0.000000 115 2
1.021306 -16.562158 0.000000 115 2
1.071022 -16.556839 0.000000 115 2
1.120544 -16.549941 0.000000 115 2
1.169892 -16.541890 0.000000 115 2
1.219113 -16.533101 0.000000 115 2
1.268274 -16.523979 0.000000 115 2
1.317448 -16.514927 0.000000 115 2
1.366706 -16.506347 0.000000 115 2
1.416110 -16.498648 0.000000 115 2
1.465699 -16.492249 0.000000 115 2
1.515480 -16.487578 0.000000 115 2
1.565417 -16.485074 0.000000 115 2
0.000000 -10.038472 0.000000 116 2
0.004832 -10.088238 0.000000 116 2
0.009762 -10.137994 0.000000 116 2
0.014899 -10.187730 0.000000 116 2
0.020256 -10.237442 0.000000 116 2
0.025846 -10.287128 0.000000 116 2
0.031687 -10.336786 0.000000 116 2
0.037794 -10.386412 0.000000 116 2
0.044187 -10.436001 0.000000 116 2
0.050886 -10.485550 0.000000 116 2
0.057913 -10.535054 0.000000 116 2
0.065293 -10.584507 0.000000 116 2
0.073053 -10.633901 0.000000 116 2
0.081223 -10.683229 0.000000 116 2
0.089836 -10.732481 0.000000 116 2
0.098928 -10.781648 0.000000 116 2
0.108541 -10.830715 0.000000 116 2
0.118717 -10.879668 0.000000 116 2
0.129509 -10.928490 0.000000 116 2
0.140971 -10.977158 0.000000 116 2
0.153167 -11.025648 0.000000 116 2
0.166164 -11.073929 0.000000 116 2
0.180042 -11.121965 0.000000 116 2
0.194888 -11.169710 0.000000 116 2
0.210798 -11.217111 0.000000 116 2
0.227882 -11.264102 0.000000 116 2
0.246260 -11.310602 0.000000 116 2
0.266065 -11.356512 0.000000 116 2
0.287444 -11.401711 0.000000 116 2
0.310556 -11.446049 0.000000 116 2
0.335569 -11.489343 0.000000 116 2
0.362654 -11.531371 0.000000 116 2
0.391984 -11.571865 0.000000 116 2
0.423713 -11.610508 0.000000 116 2
0.457968 -11.646931 0.000000 116 2
0.494819 -11.680724 0.000000 116 2
0.534265 -11.711449 0.000000 116 2
0.576205 -11.738670 0.000000 116 2
0.620431 -11.761996 0.000000 116 2
0.666628 -11.781124 0.000000 116 2
0.714401 -11.795880 0.000000 116 2
0.763314 -11.806247 0.000000 116 2
0.812939 -11.812363 0.000000 116 2
0.862893 -11.814501 0.000000 116 2
0.912871 -11.813029 0.000000 116 2
0.962654 -11.808377 0.000000 116 2
1.012107 -11.800998 0.000000 116 2
1.061166 -11.791346 0.000000 116 2
1.109829 -11.779859 0.000000 116 2
1.158135 -11.766955 0.000000 116 2
1.206157 -11.753030 0.000000 116 2
1.253988 -11.738462 0.000000 116 2
1.301733 -11.723616 0.000000 116 2
1.349503 -11.708850 0.000000 116 2
1.397407 -11.694526 0.000000 116 2
1.445546 -11.681014 0.000000 116 2
1.494006 -11.668698 0.000000 116 2
1.542845 -11.657985 0.000000 116 2
1.592085 -11.649301 0.000000 116 2
1.641698 -11.643095 0.000000 116 2
1.691591 -11.639821 0.000000 116 2
0.000000 -6.832095 0.000000 117 2
0.005566 -6.881784 0.000000 117 2
0.011248 -6.931460 0.000000 117 2
0.017177 -6.981107 0.000000 117 2
0.023370 -7.030723 0.000000 117 2
0.029843 -7.080302 0.000000 117 2
0.036617 -7.129841 0.000000 117 2
0.043712 -7.179335 0.000000 117 2
0.051153 -7.228778 0.000000 117 2
0.058965 -7.278164 0.000000 117 2
0.067177 -7.327485 0.000000 117 2
0.075818 -7.376733 0.000000 117 2
0.084925 -7.425896 0.000000 117 2
0.094535 -7.474964 0.000000 117 2
0.104689 -7.523922 0.000000 117 2
0.115436 -7.572754 0.000000 117 2
0.126827 -7.621439 0.000000 117 2
0.138919 -7.669954 0.000000 117 2
0.151778 -7.718273 0.000000 117 2
0.165476 -7.766360 0.000000 117 2
0.180093 -7.814175 0.000000 117 2
0.195719 -7.861671 0.000000 117 2
0.212454 -7.908787 0.000000 117 2
0.230410 -7.955452 0.000000 117 2
0.249710 -8.001577 0.000000 117 2
0.270489 -8.047055 0.000000 117 2
0.292895 -8.091753 0.000000 117 2
0.317087 -8.135511 0.000000 117 2
0.343231 -8.178131 0.000000 117 2
0.371495 -8.219376 0.000000 117 2
0.402040 -8.258962 0.000000 117 2
0.435008 -8.296553 0.000000 117 2
0.470503 -8.331768 0.000000 117 2
0.508571 -8.364185 0.000000 117 2
0.549174 -8.393364 0.000000 117 2
0.592175 -8.418876 0.000000 117 2
0.637329 -8.440350 0.000000 117 2
0.684291 -8.457512 0.000000 117 2
0.732648 -8.470225 0.000000 117 2
0.781958 -8.478507 0.000000 117 2
0.831796 -8.482525 0.000000 117 2
0.881796 -8.482569 0.000000 117 2
0.931669 -8.479016 0.000000 117 2
0.981215 -8.472288 0.000000 117 2
1.030311 -8.462826 0.000000 117 2
1.078908 -8.451062 0.000000 117 2
1.127008 -8.437411 0.000000 117 2
1.174658 -8.422261 0.000000 117 2
1.221931 -8.405975 0.000000 117 2
1.268924 -8.388897 0.000000 117 2
1.315744 -8.371350 0.000000 117 2
1.362506 -8.353650 0.000000 117 2
1.409328 -8.336107 0.000000 117 2
1.456324 -8.319038 0.000000 117 2
1.503603 -8.302768 0.000000 117 2
1.551258 -8.287637 0.000000 117 2
1.599366 -8.274011 0.000000 117 2
1.647970 -8.262279 0.000000 117 2
1.697074 -8.252855 0.000000 117 2
1.746625 -8.246171 0.000000 117 2
1.796502 -8.242669 0.000000 117 2
0.000000 -4.601502 0.000000 118 2
0.006524 -4.651075 0.000000 118 2
0.013188 -4.700629 0.000000 118 2
0.020148 -4.750142 0.000000 118 2
0.027425 -4.799609 0.000000 118 2
0.035040 -4.849026 0.000000 118 2
0.043017 -4.898386 0.000000 118 2
0.051383 -4.947681 0.000000 118 2
0.060167 -4.996903 0.000000 118 2
0.069400 -5.046043 0.000000 118 2
0.079118 -5.095090 0.000000 118 2
0.089359 -5.144030 0.000000 118 2
0.100165 -5.192848 0.000000 118 2
0.111584 -5.241527 0.000000 118 2
0.123667 -5.290045 0.000000 118 2
0.136474 -5.338377 0.000000 118 2
0.150067 -5.386494 0.000000 118 2
0.164518 -5.434360 0.000000 118 2
0.179906 -5.481933 0.000000 118 2
0.196319 -5.529162 0.000000 118 2
0.213855 -5.575986 0.000000 118 2
0.232619 -5.622332 0.000000 118 2
0.252731 -5.668109 0.000000 118 2
0.274318 -5.713209 0.000000 118 2
0.297518 -5.757500 0.000000 118 2
0.322479 -5.800824 0.000000 118 2
0.349351 -5.842989 0.000000 118 2
0.378287 -5.883766 0.000000 118 2
0.409428 -5.922884 0.000000 118 2
0.442897 -5.960029 0.000000 118 2
0.478781 -5.994848 0.000000 118 2
0.517113 -6.026952 0.000000 118 2
0.557853 -6.055940 0.000000 118 2
0.600873 -6.081421 0.000000 118 2
0.645952 -6.103051 0.000000 118 2
0.692782 -6.120572 0.000000 118 2
0.740989 -6.133839 0.000000 118 2
0.790172 -6.142842 0.000000 118 2
0.839935 -6.147703 0.000000 118 2
0.889926 -6.148655 0.000000 118 2
0.939857 -6.146018 0.000000 118 2
0.989513 -6.140164 0.000000 118 2
1.038754 -6.131487 0.000000 118 2
1.087506 -6.120384 0.000000 118 2
1.135746 -6.107237 0.000000 118 2
1.183497 -6.092408 0.000000 118 2
1.230810 -6.076238 0.000000 118 2
1.277760 -6.059042 0.000000 118 2
1.324437 -6.041120 0.000000 118 2
1.370943 -6.022756 0.000000 118 2
1.417382 -6.004224 0.000000 118 2
1.463862 -5.985797 0.000000 118 2
1.510491 -5.967748 0.000000 118 2
1.557370 -5.950359 0.000000 118 2
1.604592 -5.933924 0.000000 118 2
1.652236 -5.918757 0.000000 118 2
1.700360 -5.905191 0.000000 118 2
1.748994 -5.893583 0.000000 118 2
1.798127 -5.884311 0.000000 118 2
1.847697 -5.877770 0.000000 118 2
1.897581 -5.874357 0.000000 118 2
0.000000 -19.662036 0.000000 119 2
0.010167 -19.613080 0.000000 119 2
0.020591 -19.564179 0.000000 119 2
0.031562 -19.515397 0.000000 119 2
0.043124 -19.466753 0.000000 119 2
0.055326 -19.418264 0.000000 119 2
0.068222 -19.369956 0.000000 119 2
0.081871 -19.321855 0.000000 119 2
0.096341 -19.273994 0.000000 119 2
0.111704 -19.226413 0.000000 119 2
0.128043 -19.179158 0.000000 119 2
0.145448 -19.132286 0.000000 119 2
0.164021 -19.085863 0.000000 119 2
0.183873 -19.039973 0.000000 119 2
0.205126 -18.994715 0.000000 119 2
0.227914 -18.950209 0.000000 119 2
0.252379 -18.906604 0.000000 119 2
0.278673 -18.864076 0.000000 119 2
0.306953 -18.822842 0.000000 119 2
0.337374 -18.783161 0.000000 119 2
0.370076 -18.745338 0.000000 119 2
0.405179 -18.709732 0.000000 119 2
0.442755 -18.676747 0.000000 119 2
0.482812 -18.646823 0.000000 119 2
0.525270 -18.620416 0.000000 119 2
0.569946 -18.597965 0.000000 119 2
0.616547 -18.579844 0.000000 119 2
0.664684 -18.566324 0.000000 119 2
0.713906 -18.557534 0.000000 119 2
0.763738 -18.553449 0.000000 119 2
0.813736 -18.553894 0.000000 119 2
0.863517 -18.558577 0.000000 119 2
0.912780 -18.567127 0.000000 119 2
0.961317 -18.579133 0.000000 119 2
1.009002 -18.594173 0.000000 119 2
1.055775 -18.611844 0.000000 119 2
1.101634 -18.631768 0.000000 119 2
1.146614 -18.653603 0.000000 119 2
1.190780 -18.677043 0.000000 119 2
1.234213 -18.701812 0.000000 119 2
1.277010 -18.727667 0.000000 119 2
1.319270 -18.754388 0.000000 119 2
1.361101 -18.781778 0.000000 119 2
1.402610 -18.809652 0.000000 119 2
1.443907 -18.837841 0.000000 119 2
1.485100 -18.866180 0.000000 119 2
1.526301 -18.894509 0.000000 119 2
1.567617 -18.922668 0.000000 119 2
1.609160 -18.950493 0.000000 119 2
1.651037 -18.977811 0.000000 119 2
1.693357 -19.004438 0.000000 119 2
1.736226 -19.030174 0.000000 119 2
1.779743 -19.054795 0.000000 119 2
1.824004 -19.078054 0.000000 119 2
1.869088 -19.099675 0.000000 119 2
1.915056 -19.119344 0.000000 119 2
1.961942 -19.136716 0.000000 119 2
2.009734 -19.151410 0.000000 119 2
2.058368 -19.163018 0.000000 119 2
2.107707 -19.171120 0.000000 119 2
2.157531 -19.175307 0.000000 119 2
0.000000 -24.977365 0.000000 120 2
0.011376 -24.928676 0.000000 120 2
0.023036 -24.880055 0.000000 120 2
0.035300 -24.831582 0.000000 120 2
0.048216 -24.783279 0.000000 120 2
0.061836 -24.735170 0.000000 120 2
0.076217 -24.687283 0.000000 120 2
0.091423 -24.639651 0.000000 120 2
0.107523 -24.592314 0.000000 120 2
0.124593 -24.545318 0.000000 120 2
0.142719 -24.498720 0.000000 120 2
0.161993 -24.452584 0.000000 120 2
0.182515 -24.406989 0.000000 120 2
0.204395 -24.362031 0.000000 120 2
0.227751 -24.317821 0.000000 120 2
0.252707 -24.274495 0.000000 120 2
0.279395 -24.232213 0.000000 120 2
0.307946 -24.191166 0.000000 120 2
0.338490 -24.151580 0.000000 120 2
0.371145 -24.113716 0.000000 120 2
0.406008 -24.077876 0.000000 120 2
0.443143 -24.044394 0.000000 120 2
0.482562 -24.013635 0.000000 120 2
0.524215 -23.985976 0.000000 120 2
0.567974 -23.961785 0.000000 120 2
0.613626 -23.941392 0.000000 120 2
0.660882 -23.925057 0.000000 120 2
0.709394 -23.912946 0.000000 120 2
0.758775 -23.905108 0.000000 120 2
0.808643 -23.901474 0.000000 120 2
0.858641 -23.901869 0.000000 120 2
0.908468 -23.906036 0.000000 120 2
0.957883 -23.913660 0.000000 120 2
1.006717 -23.924396 0.000000 120 2
1.054860 -23.937895 0.000000 120 2
1.102259 -23.953812 0.000000 120 2
1.148901 -23.971825 0.000000 120 2
1.194810 -23.991635 0.000000 120 2
1.240031 -24.012967 0.000000 120 2
1.284628 -24.035574 0.000000 120 2
1.328678 -24.059230 0.000000 120 2
1.372265 -24.083728 0.000000 120 2
1.415479 -24.108879 0.000000 120 2
1.458412 -24.134506 0.000000 120 2
1.501159 -24.160443 0.000000 120 2
1.543816 -24.186527 0.000000 120 2
1.586478 -24.212602 0.000000 120 2
1.629243 -24.238510 0.000000 120 2
1.672205 -24.264088 0.000000 120 2
1.715459 -24.289170 0.000000 120 2
1.759098 -24.313576 0.000000 120 2
1.803210 -24.337115 0.000000 120 2
1.847879 -24.359580 0.000000 120 2
1.893180 -24.380741 0.000000 120 2
1.939176 -24.400348 0.000000 120 2
1.985910 -24.418123 0.000000 120 2
2.033400 -24.433764 0.000000 120 2
2.081631 -24.446945 0.000000 120 2
2.130543 -24.457322 0.000000 120 2
2.180018 -24.464544 0.000000 120 2
2.229880 -24.468269 0.000000 120 2
0.000000 -31.651577 0.000000 121 2
0.016537 -31.604391 0.000000 121 2
0.033461 -31.557342 0.000000 121 2
0.051202 -31.510595 0.000000 121 2
0.069816 -31.464189 0.000000 121 2
0.089359 -31.418167 0.000000 121 2
0.109895 -31.372579 0.000000 121 2
0.131490 -31.327482 0.000000 121 2
0.154212 -31.282944 0.000000 121 2
0.178135 -31.239038 0.000000 121 2
0.203333 -31.195852 0.000000 121 2
0.229882 -31.153483 0.000000 121 2
0.257860 -31.112043 0.000000 121 2
0.287341 -31.071659 0.000000 121 2
0.318395 -31.032472 0.000000 121 2
0.351084 -30.994638 0.000000 121 2
0.385460 -30.958329 0.000000 121 2
0.421558 -30.923732 0.000000 121 2
0.459391 -30.891043 0.000000 121 2
0.498950 -30.860463 0.000000 121 2
0.540194 -30.832197 0.000000 121 2
0.583048 -30.806438 0.000000 121 2
0.627405 -30.783363 0.000000 121 2
0.673125 -30.763123 0.000000 121 2
0.720040 -30.745832 0.000000 121 2
0.767961 -30.731562 0.000000 121 2
0.816684 -30.720334 0.000000 121 2
0.866005 -30.712125 0.000000 121 2
0.915728 -30.706864 0.000000 121 2
0.965669 -30.704437 0.000000 121 2
1.015668 -30.704701 0.000000 121 2
1.065590 -30.707484 0.000000 121 2
1.115328 -30.712600 0.000000 121 2
1.164799 -30.719851 0.000000 121 2
1.213948 -30.729038 0.000000 121 2
1.262740 -30.739961 0.000000 121 2
1.311161 -30.752428 0.000000 121 2
1.359213 -30.766251 0.000000 121 2
1.406910 -30.781251 0.000000 121 2
1.454278 -30.797259 0.000000 121 2
1.501352 -30.814112 0.000000 121 2
1.548173 -30.831656 0.000000 121 2
1.594787 -30.849742 0.000000 121 2
1.641244 -30.868229 0.000000 121 2
1.687595 -30.886978 0.000000 121 2
1.733896 -30.905854 0.000000 121 2
1.780200 -30.924721 0.000000 121 2
1.826561 -30.943445 0.000000 121 2
1.873034 -30.961891 0.000000 121 2
1.919671 -30.979920 0.000000 121 2
1.966520 -30.997387 0.000000 121 2
2.013628 -31.014146 0.000000 121 2
2.061035 -31.030040 0.000000 121 2
2.108773 -31.044907 0.000000 121 2
2.156869 -31.058575 0.000000 121 2
2.205335 -31.070864 0.000000 121 2
2.254172 -31.081587 0.000000 121 2
2.303362 -31.090549 0.000000 121 2
2.352869 -31.097552 0.000000 121 2
2.402634 -31.102394 0.000000 121 2
2.452572 -31.104881 0.000000 121 2
0.000000 -30.000000 0.000000 122 2
0.050000 -30.000000 0.000000 122 2
0.100000 -30.000000 0.000000 122 2
0.150000 -30.000000 0.000000 122 2
0.200000 -30.000000 0.000000 122 2
0.250000 -30.000000 0.000000 122 2
0.300000 -30.000000 0.000000 122 2
0.350000 -30.000000 0.000000 122 2
0.400000 -30.000000 0.000000 122 2
0.450000 -30.000000 0.000000 122 2
0.500000 -30.000000 0.000000 122 2
0.550000 -30.000000 0.000000 122 2
0.600000 -30.000000 0.000000 122 2
0.650000 -30.000000 0.000000 122 2
0.700000 -30.000000 0.000000 122 2
0.750000 -30.000000 0.000000 122 2
0.800000 -30.000000 0.000000 122 2
0.850000 -30.000000 0.000000 122 2
0.900000 -30.000000 0.000000 122 2
0.950000 -30.000000 0.000000 122 2
1.000000 -30.000000 0.000000 122 2
1.050000 -30.000000 0.000000 122 2
1.100000 -30.000000 0.000000 122 2
1.150000 -30.000000 0.000000 122 2
1.200000 -30.000000 0.000000 122 2
1.250000 -30.000000 0.000000 122 2
1.300000 -30.000000 0.000000 122 2
1.350000 -30.000000 0.000000 122 2
1.400000 -30.000000 0.000000 122 2
1.450000 -30.000000 0.000000 122 2
1.500000 -30.000000 0.000000 122 2
1.550000 -30.000000 0.000000 122 2
1.600000 -30.000000 0.000000 122 2
1.650000 -30.000000 0.000000 122 2
1.700000 -30.000000 0.000000 122 2
1.750000 -30.000000 0.000000 122 2
1.800000 -30.000000 0.000000 122 2
1.850000 -30.000000 0.000000 122 2
1.900000 -30.000000 0.000000 122 2
1.950000 -30.000000 0.000000 122 2
2.000000 -30.000000 0.000000 122 2
2.050000 -30.000000 0.000000 122 2
2.100000 -30.000000 0.000000 122 2
2.150000 -30.000000 0.000000 122 2
2.200000 -30.000000 0.000000 122 2
2.250000 -30.000000 0.000000 122 2
2.300000 -30.000000 0.000000 122 2
2.350000 -30.000000 0.000000 122 2
2.400000 -30.000000 0.000000 122 2
2.450000 -30.000000 0.000000 122 2
2.500000 -30.000000 0.000000 122 2
2.550000 -30.000000 0.000000 122 2
2.600000 -30.000000 0.000000 122 2
2.650000 -30.000000 0.000000 122 2
2.700000 -30.000000 0.000000 122 2
2.750000 -30.000000 0.000000 122 2
2.800000 -30.000000 0.000000 122 2
2.850000 -30.000000 0.000000 122 2
2.900000 -30.000000 0.000000 122 2
2.950000 -30.000000 0.000000 122 2
3.000000 -30.000000 0.000000 122 2
0.000000 -28.348423 0.000000 123 2
0.016537 -28.395609 0.000000 123 2
0.033461 -28.442658 0.000000 123 2
0.051202 -28.489405 0.000000 123 2
0.069816 -28.535811 0.000000 123 2
0.089359 -28.581833 0.000000 123 2
0.109895 -28.627421 0.000000 123 2
0.131490 -28.672518 0.000000 123 2
0.154212 -28.717056 0.000000 123 2
0.178135 -28.760962 0.000000 123 2
0.203333 -28.804148 0.000000 123 2
0.229882 -28.846517 0.000000 123 2
0.257860 -28.887957 0.000000 123 2
0.287341 -28.928341 0.000000 123 2
0.318395 -28.967528 0.000000 123 2
0.351084 -29.005362 0.000000 123 2
0.385460 -29.041671 0.000000 123 2
0.421558 -29.076268 0.000000 123 2
0.459391 -29.108957 0.000000 123 2
0.498950 -29.139537 0.000000 123 2
0.540194 -29.167803 0.000000 123 2
0.583048 -29.193562 0.000000 123 2
0.627405 -29.216637 0.000000 123 2
0.673125 -29.236877 0.000000 123 2
0.720040 -29.254168 0.000000 123 2
0.767961 -29.268438 0.000000 123 2
0.816684 -29.279666 0.000000 123 2
0.866005 -29.287875 0.000000 123 2
0.915728 -29.293136 0.000000 123 2
0.965669 -29.295563 0.000000 123 2
1.015668 -29.295299 0.000000 123 2
1.065590 -29.292516 0.000000 123 2
1.115328 -29.287400 0.000000 123 2
1.164799 -29.280149 0.000000 123 2
1.213948 -29.270962 0.000000 123 2
1.262740 -29.260039 0.000000 123 2
1.311161 -29.247572 0.000000 123 2
1.359213 -29.233749 0.000000 123 2
1.406910 -29.218749 0.000000 123 2
1.454278 -29.202741 0.000000 123 2
1.501352 -29.185888 0.000000 123 2
1.548173 -29.168344 0.000000 123 2
1.594787 -29.150258 0.000000 123 2
1.641244 -29.131771 0.000000 123 2
1.687595 -29.113022 0.000000 123 2
1.733896 -29.094146 0.000000 123 2
1.780200 -29.075279 0.000000 123 2
1.826561 -29.056555 0.000000 123 2
1.873034 -29.038109 0.000000 123 2
1.919671 -29.020080 0.000000 123 2
1.966520 -29.002613 0.000000 123 2
2.013628 -28.985854 0.000000 123 2
2.061035 -28.969960 0.000000 123 2
2.108773 -28.955093 0.000000 123 2
2.156869 -28.941425 0.000000 123 2
2.205335 -28.929136 0.000000 123 2
2.254172 -28.918413 0.000000 123 2
2.303362 -28.909451 0.000000 123 2
2.352869 -28.902448 0.000000 123 2
2.402634 -28.897606 0.000000 123 2
2.452572 -28.895119 0.000000 123 2
0.000000 -20.022635 0.000000 124 2
0.011376 -20.071324 0.000000 124 2
0.023036 -20.119945 0.000000 124 2
0.035300 -20.168418 0.000000 124 2
0.048216 -20.216721 0.000000 124 2
0.061836 -20.264830 0.000000 124 2
0.076217 -20.312717 0.000000 124 2
0.091423 -20.360349 0.000000 124 2
0.107523 -20.407686 0.000000 124 2
0.124593 -20.454682 0.000000 124 2
0.142719 -20.501280 0.000000 124 2
0.161993 -20.547416 0.000000 124 2
0.182515 -20.593011 0.000000 124 2
0.204395 -20.637969 0.000000 124 2
0.227751 -20.682179 0.000000 124 2
0.252707 -20.725505 0.000000 124 2
0.279395 -20.767787 0.000000 124 2
0.307946 -20.808834 0.000000 124 2
0.338490 -20.848420 0.000000 124 2
0.371145 -20.886284 0.000000 124 2
0.406008 -20.922124 0.000000 124 2
0.443143 -20.955606 0.000000 124 2
0.482562 -20.986365 0.000000 124 2
0.524215 -21.014024 0.000000 124 2
0.567974 -21.038215 0.000000 124 2
0.613626 -21.058608 0.000000 124 2
0.660882 -21.074943 0.000000 124 2
0.709394 -21.087054 0.000000 124 2
0.758775 -21.094892 0.000000 124 2
0.808643 -21.098526 0.000000 124 2
0.858641 -21.098131 0.000000 124 2
0.908468 -21.093964 0.000000 124 2
0.957883 -21.086340 0.000000 124 2
1.006717 -21.075604 0.000000 124 2
1.054860 -21.062105 0.000000 124 2
1.102259 -21.046188 0.000000 124 2
1.148901 -21.028175 0.000000 124 2
1.194810 -21.008365 0.000000 124 2
1.240031 -20.987033 0.000000 124 2
1.284628 -20.964426 0.000000 124 2
1.328678 -20.940770 0.000000 124 2
1.372265 -20.916272 0.000000 124 2
1.415479 -20.891121 0.000000 124 2
1.458412 -20.865494 0.000000 124 2
1.501159 -20.839557 0.000000 124 2
1.543816 -20.813473 0.000000 124 2
1.586478 -20.787398 0.000000 124 2
1.629243 -20.761490 0.000000 124 2
1.672205 -20.735912 0.000000 124 2
1.715459 -20.710830 0.000000 124 2
1.759098 -20.686424 0.000000 124 2
1.803210 -20.662885 0.000000 124 2
1.847879 -20.640420 0.000000 124 2
1.893180 -20.619259 0.000000 124 2
1.939176 -20.599652 0.000000 124 2
1.985910 -20.581877 0.000000 124 2
2.033400 -20.566236 0.000000 124 2
2.081631 -20.553055 0.000000 124 2
2.130543 -20.542678 0.000000 124 2
2.180018 -20.535456 0.000000 124 2
2.229880 -20.531731 0.000000 124 2
0.000000 -14.087964 0.000000 125 2
0.010167 -14.136920 0.000000 125 2
0.020591 -14.185821 0.000000 125 2
0.031562 -14.234603 0.000000 125 2
0.043124 -14.283247 0.000000 125 2
0.055326 -14.331736 0.000000 125 2
0.068222 -14.380044 0.000000 125 2
0.081871 -14.428145 0.000000 125 2
0.096341 -14.476006 0.000000 125 2
0.111704 -14.523587 0.000000 125 2
0.128043 -14.570842 0.000000 125 2
0.145448 -14.617714 0.000000 125 2
0.164021 -14.664137 0.000000 125 2
0.183873 -14.710027 0.000000 125 2
0.205126 -14.755285 0.000000 125 2
0.227914 -14.799791 0.000000 125 2
0.252379 -14.843396 0.000000 125 2
0.278673 -14.885924 0.000000 125 2
0.306953 -14.927158 0.000000 125 2
0.337374 -14.966839 0.000000 125 2
0.370076 -15.004662 0.000000 125 2
0.405179 -15.040268 0.000000 125 2
0.442755 -15.073253 0.000000 125 2
0.482812 -15.103177 0.000000 125 2
0.525270 -15.129584 0.000000 125 2
0.569946 -15.152035 0.000000 125 2
0.616547 -15.170156 0.000000 125 2
0.664684 -15.183676 0.000000 125 2
0.713906 -15.192466 0.000000 125 2
0.763738 -15.196551 0.000000 125 2
0.813736 -15.196106 0.000000 125 2
0.863517 -15.191423 0.000000 125 2
0.912780 -15.182873 0.000000 125 2
0.961317 -15.170867 0.000000 125 2
1.009002 -15.155827 0.000000 125 2
1.055775 -15.138156 0.000000 125 2
1.101634 -15.118232 0.000000 125 2
1.146614 -15.096397 0.000000 125 2
1.190780 -15.072957 0.000000 125 2
1.234213 -15.048188 0.000000 125 2
1.277010 -15.022333 0.000000 125 2
1.319270 -14.995612 0.000000 125 2
1.361101 -14.968222 0.000000 125 2
1.402610 -14.940348 0.000000 125 2
1.443907 -14.912159 0.000000 125 2
1.485100 -14.883820 0.000000 125 2
1.526301 -14.855491 0.000000 125 2
1.567617 -14.827332 0.000000 125 2
1.609160 -14.799507 0.000000 125 2
1.651037 -14.772189 0.000000 125 2
1.693357 -14.745562 0.000000 125 2
1.736226 -14.719826 0.000000 125 2
1.779743 -14.695205 0.000000 125 2
1.824004 -14.671946 0.000000 125 2
1.869088 -14.650325 0.000000 125 2
1.915056 -14.630656 0.000000 125 2
1.961942 -14.613284 0.000000 125 2
2.009734 -14.598590 0.000000 125 2
2.058368 -14.586982 0.000000 125 2
2.107707 -14.578880 0.000000 125 2
2.157531 -14.574693 0.000000 125 2
0.000000 -14.382873 0.000000 126 2
0.006524 -14.333300 0.000000 126 2
0.013188 -14.283746 0.000000 126 2
0.020148 -14.234233 0.000000 126 2
0.027425 -14.184766 0.000000 126 2
0.035040 -14.135349 0.000000 126 2
0.043017 -14.085989 0.000000 126 2
0.051383 -14.036694 0.000000 126 2
0.060167 -13.987472 0.000000 126 2
0.069400 -13.938332 0.000000 126 2
0.079118 -13.889285 0.000000 126 2
0.089359 -13.840345 0.000000 126 2
0.100165 -13.791527 0.000000 126 2
0.111584 -13.742848 0.000000 126 2
0.123667 -13.694330 0.000000 126 2
0.136474 -13.645998 0.000000 126 2
0.150067 -13.597881 0.000000 126 2
0.164518 -13.550015 0.000000 126 2
0.179906 -13.502442 0.000000 126 2
0.196319 -13.455213 0.000000 126 2
0.213855 -13.408389 0.000000 126 2
0.232619 -13.362043 0.000000 126 2
0.252731 -13.316266 0.000000 126 2
0.274318 -13.271166 0.000000 126 2
0.297518 -13.226875 0.000000 126 2
0.322479 -13.183551 0.000000 126 2
0.349351 -13.141386 0.000000 126 2
0.378287 -13.100609 0.000000 126 2
0.409428 -13.061491 0.000000 126 2
0.442897 -13.024346 0.000000 126 2
0.478781 -12.989527 0.000000 126 2
0.517113 -12.957423 0.000000 126 2
0.557853 -12.928435 0.000000 126 2
0.600873 -12.902954 0.000000 126 2
0.645952 -12.881324 0.000000 126 2
0.692782 -12.863803 0.000000 126 2
0.740989 -12.850536 0.000000 126 2
0.790172 -12.841533 0.000000 126 2
0.839935 -12.836672 0.000000 126 2
0.889926 -12.835720 0.000000 126 2
0.939857 -12.838357 0.000000 126 2
0.989513 -12.844211 0.000000 126 2
1.038754 -12.852888 0.000000 126 2
1.087506 -12.863991 0.000000 126 2
1.135746 -12.877138 0.000000 126 2
1.183497 -12.891967 0.000000 126 2
1.230810 -12.908137 0.000000 126 2
1.277760 -12.925333 0.000000 126 2
1.324437 -12.943255 0.000000 126 2
1.370943 -12.961619 0.000000 126 2
1.417382 -12.980151 0.000000 126 2
1.463862 -12.998578 0.000000 126 2
1.510491 -13.016627 0.000000 126 2
1.557370 -13.034016 0.000000 126 2
1.604592 -13.050451 0.000000 126 2
1.652236 -13.065618 0.000000 126 2
1.700360 -13.079184 0.000000 126 2
1.748994 -13.090792 0.000000 126 2
1.798127 -13.100064 0.000000 126 2
1.847697 -13.106605 0.000000 126 2
1.897581 -13.110018 0.000000 126 2
0.000000 -18.480405 0.000000 127 2
0.005566 -18.430716 0.000000 127 2
0.011248 -18.381040 0.000000 127 2
0.017177 -18.331393 0.000000 127 2
0.023370 -18.281777 0.000000 127 2
0.029843 -18.232198 0.000000 127 2
0.036617 -18.182659 0.000000 127 2
0.043712 -18.133165 0.000000 127 2
0.051153 -18.083722 0.000000 127 2
0.058965 -18.034336 0.000000 127 2
0.067177 -17.985015 0.000000 127 2
0.075818 -17.935767 0.000000 127 2
0.084925 -17.886604 0.000000 127 2
0.094535 -17.837536 0.000000 127 2
0.104689 -17.788578 0.000000 127 2
0.115436 -17.739746 0.000000 127 2
0.126827 -17.691061 0.000000 127 2
0.138919 -17.642546 0.000000 127 2
0.151778 -17.594227 0.000000 127 2
0.165476 -17.546140 0.000000 127 2
0.180093 -17.498325 0.000000 127 2
0.195719 -17.450829 0.000000 127 2
0.212454 -17.403713 0.000000 127 2
0.230410 -17.357048 0.000000 127 2
0.249710 -17.310923 0.000000 127 2
0.270489 -17.265445 0.000000 127 2
0.292895 -17.220747 0.000000 127 2
0.317087 -17.176989 0.000000 127 2
0.343231 -17.134369 0.000000 127 2
0.371495 -17.093124 0.000000 127 2
0.402040 -17.053538 0.000000 127 2
0.435008 -17.015947 0.000000 127 2
0.470503 -16.980732 0.000000 127 2
0.508571 -16.948315 0.000000 127 2
0.549174 -16.919136 0.000000 127 2
0.592175 -16.893624 0.000000 127 2
0.637329 -16.872150 0.000000 127 2
0.684291 -16.854988 0.000000 127 2
0.732648 -16.842275 0.000000 127 2
0.781958 -16.833993 0.000000 127 2
0.831796 -16.829975 0.000000 127 2
0.881796 -16.829931 0.000000 127 2
0.931669 -16.833484 0.000000 127 2
0.981215 -16.840212 0.000000 127 2
1.030311 -16.849674 0.000000 127 2
1.078908 -16.861438 0.000000 127 2
1.127008 -16.875089 0.000000 127 2
1.174658 -16.890239 0.000000 127 2
1.221931 -16.906525 0.000000 127 2
1.268924 -16.923603 0.000000 127 2
1.315744 -16.941150 0.000000 127 2
1.362506 -16.958850 0.000000 127 2
1.409328 -16.976393 0.000000 127 2
1.456324 -16.993462 0.000000 127 2
1.503603 -17.009732 0.000000 127 2
1.551258 -17.024863 0.000000 127 2
1.599366 -17.038489 0.000000 127 2
1.647970 -17.050221 0.000000 127 2
1.697074 -17.059645 0.000000 127 2
1.746625 -17.066329 0.000000 127 2
1.796502 -17.069831 0.000000 127 2
0.000000 -23.711528 0.000000 128 2
0.004832 -23.661762 0.000000 128 2
0.009762 -23.612006 0.000000 128 2
0.014899 -23.562270 0.000000 128 2
0.020256 -23.512558 0.000000 128 2
0.025846 -23.462872 0.000000 128 2
0.031687 -23.413214 0.000000 128 2
0.037794 -23.363588 0.000000 128 2
0.044187 -23.313999 0.000000 128 2
0.050886 -23.264450 0.000000 128 2
0.057913 -23.214946 0.000000 128 2
0.065293 -23.165493 0.000000 128 2
0.073053 -23.116099 0.000000 128 2
0.081223 -23.066771 0.000000 128 2
0.089836 -23.017519 0.000000 128 2
0.098928 -22.968352 0.000000 128 2
0.108541 -22.919285 0.000000 128 2
0.118717 -22.870332 0.000000 128 2
0.129509 -22.821510 0.000000 128 2
0.140971 -22.772842 0.000000 128 2
0.153167 -22.724352 0.000000 128 2
0.166164 -22.676071 0.000000 128 2
0.180042 -22.628035 0.000000 128 2
0.194888 -22.580290 0.000000 128 2
0.210798 -22.532889 0.000000 128 2
0.227882 -22.485898 0.000000 128 2
0.246260 -22.439398 0.000000 128 2
0.266065 -22.393488 0.000000 128 2
0.287444 -22.348289 0.000000 128 2
0.310556 -22.303951 0.000000 128 2
0.335569 -22.260657 0.000000 128 2
0.362654 -22.218629 0.000000 128 2
0.391984 -22.178135 0.000000 128 2
0.423713 -22.139492 0.000000 128 2
0.457968 -22.103069 0.000000 128 2
0.494819 -22.069276 0.000000 128 2
0.534265 -22.038551 0.000000 128 2
0.576205 -22.011330 0.000000 128 2
0.620431 -21.988004 0.000000 128 2
0.666628 -21.968876 0.000000 128 2
0.714401 -21.954120 0.000000 128 2
0.763314 -21.943753 0.000000 128 2
0.812939 -21.937637 0.000000 128 2
0.862893 -21.935499 0.000000 128 2
0.912871 -21.936971 0.000000 128 2
0.962654 -21.941623 0.000000 128 2
1.012107 -21.949002 0.000000 128 2
1.061166 -21.958654 0.000000 128 2
1.109829 -21.970141 0.000000 128 2
1.158135 -21.983045 0.000000 128 2
1.206157 -21.996970 0.000000 128 2
1.253988 -22.011538 0.000000 128 2
1.301733 -22.026384 0.000000 128 2
1.349503 -22.041150 0.000000 128 2
1.397407 -22.055474 0.000000 128 2
1.445546 -22.068986 0.000000 128 2
1.494006 -22.081302 0.000000 128 2
1.542845 -22.092015 0.000000 128 2
1.592085 -22.100699 0.000000 128 2
1.641698 -22.106905 0.000000 128 2
1.691591 -22.110179 0.000000 128 2
0.000000 -30.376688 0.000000 129 2
0.004297 -30.326873 0.000000 129 2
0.008678 -30.277066 0.000000 129 2
0.013232 -30.227273 0.000000 129 2
0.017970 -30.177498 0.000000 129 2
0.022904 -30.127743 0.000000 129 2
0.028047 -30.078008 0.000000 129 2
0.033410 -30.028296 0.000000 129 2
0.039010 -29.978611 0.000000 129 2
0.044862 -29.928954 0.000000 129 2
0.050983 -29.879330 0.000000 129 2
0.057392 -29.829743 0.000000 129 2
0.064109 -29.780196 0.000000 129 2
0.071158 -29.730695 0.000000 129 2
0.078562 -29.681247 0.000000 129 2
0.086350 -29.631857 0.000000 129 2
0.094551 -29.582534 0.000000 129 2
0.103199 -29.533288 0.000000 129 2
0.112329 -29.484128 0.000000 129 2
0.121984 -29.435069 0.000000 129 2
0.132207 -29.386126 0.000000 129 2
0.143049 -29.337315 0.000000 129 2
0.154566 -29.288660 0.000000 129 2
0.166819 -29.240184 0.000000 129 2
0.179877 -29.191920 0.000000 129 2
0.193819 -29.143903 0.000000 129 2
0.208729 -29.096178 0.000000 129 2
0.224704 -29.048798 0.000000 129 2
0.241849 -29.001830 0.000000 129 2
0.260282 -28.955352 0.000000 129 2
0.280133 -28.909461 0.000000 129 2
0.301540 -28.864275 0.000000 129 2
0.324656 -28.819939 0.000000 129 2
0.349637 -28.776628 0.000000 129 2
0.376646 -28.734550 0.000000 129 2
0.405838 -28.693956 0.000000 129 2
0.437354 -28.655140 0.000000 129 2
0.471304 -28.618433 0.000000 129 2
0.507752 -28.584205 0.000000 129 2
0.546691 -28.552840 0.000000 129 2
0.588030 -28.524714 0.000000 129 2
0.631588 -28.500164 0.000000 129 2
0.677093 -28.479444 0.000000 129 2
0.724204 -28.462695 0.000000 129 2
0.772546 -28.449927 0.000000 129 2
0.821746 -28.441014 0.000000 129 2
0.871464 -28.435712 0.000000 129 2
0.921422 -28.433685 0.000000 129 2
0.971415 -28.434537 0.000000 129 2
1.021306 -28.437842 0.000000 129 2
1.071022 -28.443161 0.000000 129 2
1.120544 -28.450059 0.000000 129 2
1.169892 -28.458110 0.000000 129 2
1.219113 -28.466899 0.000000 129 2
1.268274 -28.476021 0.000000 129 2
1.317448 -28.485073 0.000000 129 2
1.366706 -28.493653 0.000000 129 2
1.416110 -28.501352 0.000000 129 2
1.465699 -28.507751 0.000000 129 2
1.515480 -28.512422 0.000000 129 2
1.565417 -28.514926 0.000000 129 2
0.000000 -38.850674 0.000000 130 2
0.003955 -38.800831 0.000000 130 2
0.007980 -38.750993 0.000000 130 2
0.012152 -38.701168 0.000000 130 2
0.016479 -38.651355 0.000000 130 2
0.020969 -38.601557 0.000000 130 2
0.025632 -38.551775 0.000000 130 2
0.030478 -38.502011 0.000000 130 2
0.035518 -38.452265 0.000000 130 2
0.040764 -38.402541 0.000000 130 2
0.046228 -38.352841 0.000000 130 2
0.051924 -38.303166 0.000000 130 2
0.057867 -38.253521 0.000000 130 2
0.064074 -38.203907 0.000000 130 2
0.070561 -38.154330 0.000000 130 2
0.077348 -38.104793 0.000000 130 2
0.084457 -38.055301 0.000000 130 2
0.091909 -38.005859 0.000000 130 2
0.099729 -37.956475 0.000000 130 2
0.107946 -37.907154 0.000000 130 2
0.116589 -37.857907 0.000000 130 2
0.125691 -37.808742 0.000000 130 2
0.135288 -37.759672 0.000000 130 2
0.145421 -37.710710 0.000000 130 2
0.156133 -37.661870 0.000000 130 2
0.167472 -37.613173 0.000000 130 2
0.179493 -37.564640 0.000000 130 2
0.192255 -37.516296 0.000000 130 2
0.205824 -37.468172 0.000000 130 2
0.220271 -37.420305 0.000000 130 2
0.235676 -37.372737 0.000000 130 2
0.252127 -37.325521 0.000000 130 2
0.269721 -37.278719 0.000000 130 2
0.288561 -37.232404 0.000000 130 2
0.308762 -37.186667 0.000000 130 2
0.330444 -37.141612 0.000000 130 2
0.353734 -37.097368 0.000000 130 2
0.378765 -37.054084 0.000000 130 2
0.405667 -37.011939 0.000000 130 2
0.434565 -36.971135 0.000000 130 2
0.465571 -36.931910 0.000000 130 2
0.498769 -36.894521 0.000000 130 2
0.534210 -36.859252 0.000000 130 2
0.571896 -36.826392 0.000000 130 2
0.611768 -36.796223 0.000000 130 2
0.653706 -36.768997 0.000000 130 2
0.697523 -36.744912 0.000000 130 2
0.742982 -36.724093 0.000000 130 2
0.789811 -36.706570 0.000000 130 2
0.837725 -36.692280 0.000000 130 2
0.886451 -36.681063 0.000000 130 2
0.935744 -36.672681 0.000000 130 2
0.985401 -36.666835 0.000000 130 2
1.035267 -36.663178 0.000000 130 2
1.085233 -36.661341 0.000000 130 2
1.135231 -36.660935 0.000000 130 2
1.185227 -36.661568 0.000000 130 2
1.235211 -36.662847 0.000000 130 2
1.285187 -36.664377 0.000000 130 2
1.335168 -36.665766 0.000000 130 2
1.385161 -36.666618 0.000000 130 2
0.000000 -37.199098 0.000000 131 2
0.005102 -37.149359 0.000000 131 2
0.010281 -37.099628 0.000000 131 2
0.015622 -37.049914 0.000000 131 2
0.021132 -37.000218 0.000000 131 2
0.026819 -36.950543 0.000000 131 2
0.032691 -36.900889 0.000000 131 2
0.038758 -36.851258 0.000000 131 2
0.045029 -36.801653 0.000000 131 2
0.051515 -36.752075 0.000000 131 2
0.058227 -36.702528 0.000000 131 2
0.065176 -36.653013 0.000000 131 2
0.072376 -36.603534 0.000000 131 2
0.079840 -36.554095 0.000000 131 2
0.087582 -36.504698 0.000000 131 2
0.095618 -36.455348 0.000000 131 2
0.103965 -36.406049 0.000000 131 2
0.112640 -36.356808 0.000000 131 2
0.121662 -36.307628 0.000000 131 2
0.131054 -36.258518 0.000000 131 2
0.140836 -36.209484 0.000000 131 2
0.151032 -36.160535 0.000000 131 2
0.161670 -36.111680 0.000000 131 2
0.172776 -36.062929 0.000000 131 2
0.184381 -36.014294 0.000000 131 2
0.196518 -35.965790 0.000000 131 2
0.209221 -35.917430 0.000000 131 2
0.222528 -35.869234 0.000000 131 2
0.236482 -35.821220 0.000000 131 2
0.251126 -35.773413 0.000000 131 2
0.266507 -35.725837 0.000000 131 2
0.282678 -35.678525 0.000000 131 2
0.299694 -35.631509 0.000000 131 2
0.317614 -35.584831 0.000000 131 2
0.336501 -35.538535 0.000000 131 2
0.356424 -35.492676 0.000000 131 2
0.377453 -35.447313 0.000000 131 2
0.399664 -35.402517 0.000000 131 2
0.423134 -35.358368 0.000000 131 2
0.447942 -35.314956 0.000000 131 2
0.474168 -35.272387 0.000000 131 2
0.501892 -35.230776 0.000000 131 2
0.531187 -35.190257 0.000000 131 2
0.562120 -35.150975 0.000000 131 2
0.594749 -35.113088 0.000000 131 2
0.629113 -35.076769 0.000000 131 2
0.665235 -35.042197 0.000000 131 2
0.703109 -35.009554 0.000000 131 2
0.742704 -34.979022 0.000000 131 2
0.783958 -34.950771 0.000000 131 2
0.826775 -34.924950 0.000000 131 2
0.871030 -34.901681 0.000000 131 2
0.916575 -34.881049 0.000000 131 2
0.963240 -34.863095 0.000000 131 2
1.010848 -34.847814 0.000000 131 2
1.059219 -34.835157 0.000000 131 2
1.108182 -34.825026 0.000000 131 2
1.157580 -34.817290 0.000000 131 2
1.207276 -34.811783 0.000000 131 2
1.257156 -34.808314 0.000000 131 2
1.307129 -34.806678 0.000000 131 2
0.000000 -35.547521 0.000000 132 2
0.007176 -35.498039 0.000000 132 2
0.014428 -35.448567 0.000000 132 2
0.021838 -35.399119 0.000000 132 2
0.029411 -35.349696 0.000000 132 2
0.037152 -35.300299 0.000000 132 2
0.045069 -35.250930 0.000000 132 2
0.053168 -35.201590 0.000000 132 2
0.061456 -35.152282 0.000000 132 2
0.069939 -35.103007 0.000000 132 2
0.078626 -35.053767 0.000000 132 2
0.087525 -35.004566 0.000000 132 2
0.096644 -34.955404 0.000000 132 2
0.105992 -34.906286 0.000000 132 2
0.115580 -34.857214 0.000000 132 2
0.125416 -34.808191 0.000000 132 2
0.135513 -34.759221 0.000000 132 2
0.145880 -34.710307 0.000000 132 2
0.156532 -34.661455 0.000000 132 2
0.167479 -34.612668 0.000000 132 2
0.178737 -34.563952 0.000000 132 2
0.190320 -34.515312 0.000000 132 2
0.202243 -34.466755 0.000000 132 2
0.214523 -34.418286 0.000000 132 2
0.227179 -34.369914 0.000000 132 2
0.240228 -34.321647 0.000000 132 2
0.253692 -34.273494 0.000000 132 2
0.267592 -34.225465 0.000000 132 2
0.281952 -34.177572 0.000000 132 2
0.296798 -34.129826 0.000000 132 2
0.312156 -34.082243 0.000000 132 2
0.328055 -34.034839 0.000000 132 2
0.344528 -33.987630 0.000000 132 2
0.361607 -33.940638 0.000000 132 2
0.379330 -33.893884 0.000000 132 2
0.397736 -33.847395 0.000000 132 2
0.416868 -33.801200 0.000000 132 2
0.436771 -33.755332 0.000000 132 2
0.457495 -33.709829 0.000000 132 2
0.479094 -33.664735 0.000000 132 2
0.501624 -33.620099 0.000000 132 2
0.525148 -33.575978 0.000000 132 2
0.549730 -33.532439 0.000000 132 2
0.575442 -33.489556 0.000000 132 2
0.602356 -33.447418 0.000000 132 2
0.630551 -33.406125 0.000000 132 2
0.660106 -33.365795 0.000000 132 2
0.691102 -33.326562 0.000000 132 2
0.723620 -33.288581 0.000000 132 2
0.757736 -33.252029 0.000000 132 2
0.793520 -33.217107 0.000000 132 2
0.831027 -33.184043 0.000000 132 2
0.870294 -33.153090 0.000000 132 2
0.911329 -33.124522 0.000000 132 2
0.954107 -33.098636 0.000000 132 2
0.998554 -33.075735 0.000000 132 2
1.044546 -33.056121 0.000000 132 2
1.091902 -33.040077 0.000000 132 2
1.140383 -33.027846 0.000000 132 2
1.189701 -33.019618 0.000000 132 2
1.239532 -33.015505 0.000000 132 2
0.000000 -13.279388 0.000000 133 2
0.005308 -13.229671 0.000000 133 2
0.010725 -13.179965 0.000000 133 2
0.016374 -13.130285 0.000000 133 2
0.022269 -13.080634 0.000000 133 2
0.028427 -13.031015 0.000000 133 2
0.034866 -12.981431 0.000000 133 2
0.041606 -12.931887 0.000000 133 2
0.048667 -12.882388 0.000000 133 2
0.056073 -12.832940 0.000000 133 2
0.063850 -12.783548 0.000000 133 2
0.072027 -12.734222 0.000000 133 2
0.080635 -12.684968 0.000000 133 2
0.089708 -12.635798 0.000000 133 2
0.099285 -12.586724 0.000000 133 2
0.109407 -12.537759 0.000000 133 2
0.120123 -12.488921 0.000000 133 2
0.131483 -12.440229 0.000000 133 2
0.143547 -12.391706 0.000000 133 2
0.156379 -12.343381 0.000000 133 2
0.170052 -12.295286 0.000000 133 2
0.184646 -12.247464 0.000000 133 2
0.200252 -12.199961 0.000000 133 2
0.216970 -12.152839 0.000000 133 2
0.234911 -12.106169 0.000000 133 2
0.254200 -12.060039 0.000000 133 2
0.274972 -12.014558 0.000000 133 2
0.297374 -11.969858 0.000000 133 2
0.321565 -11.926099 0.000000 133 2
0.347709 -11.883479 0.000000 133 2
0.375974 -11.842235 0.000000 133 2
0.406519 -11.802649 0.000000 133 2
0.439482 -11.765054 0.000000 133 2
0.474965 -11.729826 0.000000 133 2
0.513009 -11.697382 0.000000 133 2
0.553574 -11.668151 0.000000 133 2
0.596523 -11.642549 0.000000 133 2
0.641610 -11.620935 0.000000 133 2
0.688497 -11.603568 0.000000 133 2
0.736779 -11.590573 0.000000 133 2
0.786025 -11.581923 0.000000 133 2
0.835824 -11.577445 0.000000 133 2
0.885820 -11.576849 0.000000 133 2
0.935735 -11.579761 0.000000 133 2
0.985374 -11.585759 0.000000 133 2
1.034621 -11.594406 0.000000 133 2
1.083426 -11.605269 0.000000 133 2
1.131796 -11.617935 0.000000 133 2
1.179774 -11.632010 0.000000 133 2
1.227435 -11.647124 0.000000 133 2
1.274872 -11.662927 0.000000 133 2
1.322190 -11.679082 0.000000 133 2
1.369501 -11.695259 0.000000 133 2
1.416915 -11.711129 0.000000 133 2
1.464540 -11.726356 0.000000 133 2
1.512471 -11.740592 0.000000 133 2
1.560784 -11.753469 0.000000 133 2
1.609530 -11.764599 0.000000 133 2
1.658718 -11.773569 0.000000 133 2
1.708310 -11.779948 0.000000 133 2
1.758197 -11.783300 0.000000 133 2
0.000000 -17.183282 0.000000 134 2
0.004299 -17.133467 0.000000 134 2
0.008686 -17.083660 0.000000 134 2
0.013257 -17.033869 0.000000 134 2
0.018024 -16.984097 0.000000 134 2
0.023000 -16.934345 0.000000 134 2
0.028199 -16.884616 0.000000 134 2
0.033637 -16.834913 0.000000 134 2
0.039329 -16.785238 0.000000 134 2
0.045295 -16.735595 0.000000 134 2
0.051554 -16.685988 0.000000 134 2
0.058129 -16.636422 0.000000 134 2
0.065045 -16.586903 0.000000 134 2
0.072327 -16.537436 0.000000 134 2
0.080007 -16.488030 0.000000 134 2
0.088118 -16.438692 0.000000 134 2
0.096695 -16.389433 0.000000 134 2
0.105781 -16.340265 0.000000 134 2
0.115421 -16.291203 0.000000 134 2
0.125666 -16.242264 0.000000 134 2
0.136574 -16.193469 0.000000 134 2
0.148211 -16.144842 0.000000 134 2
0.160648 -16.096413 0.000000 134 2
0.173967 -16.048220 0.000000 134 2
0.188263 -16.000307 0.000000 134 2
0.203638 -15.952730 0.000000 134 2
0.220210 -15.905556 0.000000 134 2
0.238112 -15.858871 0.000000 134 2
0.257492 -15.812779 0.000000 134 2
0.278512 -15.767412 0.000000 134 2
0.301353 -15.722934 0.000000 134 2
0.326207 -15.679549 0.000000 134 2
0.353273 -15.637508 0.000000 134 2
0.382750 -15.597122 0.000000 134 2
0.414819 -15.558760 0.000000 134 2
0.449620 -15.522859 0.000000 134 2
0.487225 -15.489906 0.000000 134 2
0.527605 -15.460421 0.000000 134 2
0.570606 -15.434906 0.000000 134 2
0.615930 -15.413794 0.000000 134 2
0.663160 -15.397383 0.000000 134 2
0.711796 -15.385785 0.000000 134 2
0.761322 -15.378918 0.000000 134 2
0.811264 -15.376514 0.000000 134 2
0.861237 -15.378169 0.000000 134 2
0.910963 -15.383397 0.000000 134 2
0.960273 -15.391674 0.000000 134 2
1.009092 -15.402480 0.000000 134 2
1.057417 -15.415313 0.000000 134 2
1.105301 -15.429703 0.000000 134 2
1.152836 -15.445210 0.000000 134 2
1.200136 -15.461417 0.000000 134 2
1.247332 -15.477927 0.000000 134 2
1.294558 -15.494349 0.000000 134 2
1.341948 -15.510291 0.000000 134 2
1.389628 -15.525347 0.000000 134 2
1.437701 -15.539092 0.000000 134 2
1.486245 -15.551072 0.000000 134 2
1.535289 -15.560801 0.000000 134 2
1.584801 -15.567770 0.000000 134 2
1.634665 -15.571451 0.000000 134 2
0.000000 -16.660712 0.000000 135 2
0.004660 -16.610930 0.000000 135 2
0.009412 -16.561156 0.000000 135 2
0.014358 -16.511402 0.000000 135 2
0.019511 -16.461668 0.000000 135 2
0.024883 -16.411957 0.000000 135 2
0.030489 -16.362273 0.000000 135 2
0.036344 -16.312617 0.000000 135 2
0.042466 -16.262993 0.000000 135 2
0.048872 -16.213405 0.000000 135 2
0.055583 -16.163857 0.000000 135 2
0.062621 -16.114355 0.000000 135 2
0.070011 -16.064904 0.000000 135 2
0.077778 -16.015511 0.000000 135 2
0.085953 -15.966184 0.000000 135 2
0.094568 -15.916932 0.000000 135 2
0.103658 -15.867765 0.000000 135 2
0.113264 -15.818696 0.000000 135 2
0.123429 -15.769741 0.000000 135 2
0.134202 -15.720915 0.000000 135 2
0.145638 -15.672240 0.000000 135 2
0.157797 -15.623741 0.000000 135 2
0.170747 -15.575447 0.000000 135 2
0.184563 -15.527394 0.000000 135 2
0.199329 -15.479624 0.000000 135 2
0.215140 -15.432190 0.000000 135 2
0.232098 -15.385154 0.000000 135 2
0.250321 -15.338592 0.000000 135 2
0.269934 -15.292600 0.000000 135 2
0.291079 -15.247291 0.000000 135 2
0.313904 -15.202805 0.000000 135 2
0.338570 -15.159313 0.000000 135 2
0.365240 -15.117019 0.000000 135 2
0.394077 -15.076173 0.000000 135 2
0.425230 -15.037064 0.000000 135 2
0.458822 -15.000030 0.000000 135 2
0.494933 -14.965446 0.000000 135 2
0.533573 -14.933714 0.000000 135 2
0.574672 -14.905238 0.000000 135 2
0.618060 -14.880388 0.000000 135 2
0.663471 -14.859464 0.000000 135 2
0.710560 -14.842654 0.000000 135 2
0.758935 -14.830007 0.000000 135 2
0.808194 -14.821433 0.000000 135 2
0.857971 -14.816712 0.000000 135 2
0.907956 -14.815519 0.000000 135 2
0.957918 -14.817464 0.000000 135 2
1.007701 -14.822122 0.000000 135 2
1.057218 -14.829053 0.000000 135 2
1.106443 -14.837825 0.000000 135 2
1.155393 -14.848018 0.000000 135 2
1.204120 -14.859230 0.000000 135 2
1.252697 -14.871070 0.000000 135 2
1.301214 -14.883160 0.000000 135 2
1.349761 -14.895126 0.000000 135 2
1.398429 -14.906590 0.000000 135 2
1.447297 -14.917167 0.000000 135 2
1.496426 -14.926459 0.000000 135 2
1.545847 -14.934051 0.000000 135 2
1.595547 -14.939516 0.000000 135 2
1.645463 -14.942414 0.000000 135 2
0.000000 -21.517524 0.000000 136 2
0.003823 -21.467671 0.000000 136 2
0.007720 -21.417823 0.000000 136 2
0.011771 -21.367987 0.000000 136 2
0.015987 -21.318165 0.000000 136 2
0.020378 -21.268358 0.000000 136 2
0.024954 -21.218568 0.000000 136 2
0.029727 -21.168797 0.000000 136 2
0.034711 -21.119046 0.000000 136 2
0.039920 -21.069318 0.000000 136 2
0.045370 -21.019616 0.000000 136 2
0.051076 -20.969942 0.000000 136 2
0.057059 -20.920302 0.000000 136 2
0.063337 -20.870697 0.000000 136 2
0.069934 -20.821134 0.000000 136 2
0.076874 -20.771618 0.000000 136 2
0.084185 -20.722156 0.000000 136 2
0.091896 -20.672754 0.000000 136 2
0.100041 -20.623422 0.000000 136 2
0.108656 -20.574170 0.000000 136 2
0.117783 -20.525010 0.000000 136 2
0.127469 -20.475957 0.000000 136 2
0.137763 -20.427028 0.000000 136 2
0.148724 -20.378244 0.000000 136 2
0.160416 -20.329630 0.000000 136 2
0.172911 -20.281217 0.000000 136 2
0.186290 -20.233040 0.000000 136 2
0.200644 -20.185145 0.000000 136 2
0.216076 -20.137586 0.000000 136 2
0.232700 -20.090430 0.000000 136 2
0.250644 -20.043761 0.000000 136 2
0.270050 -19.997681 0.000000 136 2
0.291074 -19.952315 0.000000 136 2
0.313885 -19.907822 0.000000 136 2
0.338663 -19.864394 0.000000 136 2
0.365593 -19.822265 0.000000 136 2
0.394854 -19.781721 0.000000 136 2
0.426607 -19.743099 0.000000 136 2
0.460978 -19.706786 0.000000 136 2
0.498029 -19.673211 0.000000 136 2
0.537733 -19.642821 0.000000 136 2
0.579960 -19.616046 0.000000 136 2
0.624461 -19.593250 0.000000 136 2
0.670886 -19.574683 0.000000 136 2
0.718815 -19.560442 0.000000 136 2
0.767808 -19.550457 0.000000 136 2
0.817452 -19.544501 0.000000 136 2
0.867400 -19.542220 0.000000 136 2
0.917390 -19.543180 0.000000 136 2
0.967252 -19.546895 0.000000 136 2
1.016894 -19.552870 0.000000 136 2
1.066291 -19.560610 0.000000 136 2
1.115470 -19.569637 0.000000 136 2
1.164490 -19.579485 0.000000 136 2
1.213435 -19.589702 0.000000 136 2
1.262396 -19.599841 0.000000 136 2
1.311463 -19.609456 0.000000 136 2
1.360712 -19.618090 0.000000 136 2
1.410193 -19.625274 0.000000 136 2
1.459917 -19.630522 0.000000 136 2
1.509838 -19.633338 0.000000 136 2
0.000000 -27.761021 0.000000 137 2
0.003162 -27.711121 0.000000 137 2
0.006382 -27.661225 0.000000 137 2
0.009726 -27.611336 0.000000 137 2
0.013201 -27.561457 0.000000 137 2
0.016815 -27.511588 0.000000 137 2
0.020575 -27.461730 0.000000 137 2
0.024492 -27.411883 0.000000 137 2
0.028574 -27.362050 0.000000 137 2
0.032833 -27.312232 0.000000 137 2
0.037281 -27.262430 0.000000 137 2
0.041930 -27.212647 0.000000 137 2
0.046794 -27.162884 0.000000 137 2
0.051889 -27.113144 0.000000 137 2
0.057230 -27.063430 0.000000 137 2
0.062837 -27.013746 0.000000 137 2
0.068728 -26.964094 0.000000 137 2
0.074928 -26.914480 0.000000 137 2
0.081459 -26.864908 0.000000 137 2
0.088349 -26.815385 0.000000 137 2
0.095628 -26.765918 0.000000 137 2
0.103330 -26.716515 0.000000 137 2
0.111491 -26.667185 0.000000 137 2
0.120152 -26.617941 0.000000 137 2
0.129361 -26.568796 0.000000 137 2
0.139169 -26.519768 0.000000 137 2
0.149635 -26.470875 0.000000 137 2
0.160824 -26.422144 0.000000 137 2
0.172811 -26.373602 0.000000 137 2
0.185679 -26.325286 0.000000 137 2
0.199522 -26.277240 0.000000 137 2
0.214447 -26.229520 0.000000 137 2
0.230573 -26.182192 0.000000 137 2
0.248035 -26.135340 0.000000 137 2
0.266982 -26.089069 0.000000 137 2
0.287581 -26.043509 0.000000 137 2
0.310010 -25.998822 0.000000 137 2
0.334463 -25.955210 0.000000 137 2
0.361136 -25.912918 0.000000 137 2
0.390220 -25.872248 0.000000 137 2
0.421887 -25.833554 0.000000 137 2
0.456263 -25.797246 0.000000 137 2
0.493404 -25.763771 0.000000 137 2
0.533268 -25.733590 0.000000 137 2
0.575693 -25.707130 0.000000 137 2
0.620395 -25.684732 0.000000 137 2
0.666991 -25.666598 0.000000 137 2
0.715038 -25.652759 0.000000 137 2
0.764088 -25.643062 0.000000 137 2
0.813743 -25.637198 0.000000 137 2
0.863683 -25.634739 0.000000 137 2
0.913681 -25.635180 0.000000 137 2
0.963602 -25.637982 0.000000 137 2
1.013389 -25.642596 0.000000 137 2
1.063042 -25.648479 0.000000 137 2
1.112602 -25.655095 0.000000 137 2
1.162134 -25.661919 0.000000 137 2
1.211709 -25.668426 0.000000 137 2
1.261387 -25.674090 0.000000 137 2
1.311203 -25.678374 0.000000 137 2
1.361147 -25.680731 0.000000 137 2
0.000000 -47.701349 0.000000 138 2
0.001982 -47.651388 0.000000 138 2
0.004000 -47.601429 0.000000 138 2
0.006091 -47.551473 0.000000 138 2
0.008261 -47.501520 0.000000 138 2
0.010512 -47.451570 0.000000 138 2
0.012852 -47.401625 0.000000 138 2
0.015283 -47.351684 0.000000 138 2
0.017813 -47.301748 0.000000 138 2
0.020447 -47.251818 0.000000 138 2
0.023191 -47.201893 0.000000 138 2
0.026053 -47.151975 0.000000 138 2
0.029041 -47.102065 0.000000 138 2
0.032162 -47.052162 0.000000 138 2
0.035426 -47.002269 0.000000 138 2
0.038844 -46.952386 0.000000 138 2
0.042425 -46.902514 0.000000 138 2
0.046182 -46.852655 0.000000 138 2
0.050129 -46.802811 0.000000 138 2
0.054280 -46.752984 0.000000 138 2
0.058650 -46.703175 0.000000 138 2
0.063259 -46.653388 0.000000 138 2
0.068125 -46.603626 0.000000 138 2
0.073271 -46.553891 0.000000 138 2
0.078722 -46.504189 0.000000 138 2
0.084504 -46.454525 0.000000 138 2
0.090650 -46.404904 0.000000 138 2
0.097193 -46.355334 0.000000 138 2
0.104172 -46.305823 0.000000 138 2
0.111633 -46.256383 0.000000 138 2
0.119625 -46.207026 0.000000 138 2
0.128207 -46.157768 0.000000 138 2
0.137443 -46.108628 0.000000 138 2
0.147409 -46.059631 0.000000 138 2
0.158190 -46.010808 0.000000 138 2
0.169888 -45.962195 0.000000 138 2
0.182614 -45.913842 0.000000 138 2
0.196503 -45.865810 0.000000 138 2
0.211705 -45.818177 0.000000 138 2
0.228395 -45.771045 0.000000 138 2
0.246773 -45.724545 0.000000 138 2
0.267062 -45.678846 0.000000 138 2
0.289510 -45.634168 0.000000 138 2
0.314382 -45.590794 0.000000 138 2
0.341948 -45.549079 0.000000 138 2
0.372456 -45.509465 0.000000 138 2
0.406101 -45.472479 0.000000 138 2
0.442972 -45.438707 0.000000 138 2
0.483004 -45.408749 0.000000 138 2
0.525944 -45.383134 0.000000 138 2
0.571362 -45.362223 0.000000 138 2
0.618699 -45.346125 0.000000 138 2
0.667368 -45.334665 0.000000 138 2
0.716839 -45.327410 0.000000 138 2
0.766704 -45.323742 0.000000 138 2
0.816698 -45.322931 0.000000 138 2
0.866682 -45.324197 0.000000 138 2
0.916616 -45.326753 0.000000 138 2
0.966523 -45.329809 0.000000 138 2
1.016446 -45.332582 0.000000 138 2
1.066417 -45.334287 0.000000 138 2
0.000000 -46.049772 0.000000 139 2
0.002235 -45.999822 0.000000 139 2
0.004507 -45.949874 0.000000 139 2
0.006857 -45.899929 0.000000 139 2
0.009289 -45.849988 0.000000 139 2
0.011808 -45.800052 0.000000 139 2
0.014418 -45.750120 0.000000 139 2
0.017124 -45.700193 0.000000 139 2
0.019932 -45.650272 0.000000 139 2
0.022847 -45.600357 0.000000 139 2
0.025876 -45.550449 0.000000 139 2
0.029025 -45.500548 0.000000 139 2
0.032302 -45.450656 0.000000 139 2
0.035714 -45.400772 0.000000 139 2
0.039271 -45.350899 0.000000 139 2
0.042981 -45.301037 0.000000 139 2
0.046855 -45.251187 0.000000 139 2
0.050903 -45.201351 0.000000 139 2
0.055137 -45.151531 0.000000 139 2
0.059572 -45.101728 0.000000 139 2
0.064220 -45.051944 0.000000 139 2
0.069097 -45.002183 0.000000 139 2
0.074222 -44.952446 0.000000 139 2
0.079612 -44.902738 0.000000 139 2
0.085289 -44.853061 0.000000 139 2
0.091276 -44.803421 0.000000 139 2
0.097599 -44.753822 0.000000 139 2
0.104287 -44.704271 0.000000 139 2
0.111370 -44.654776 0.000000 139 2
0.118884 -44.605343 0.000000 139 2
0.126870 -44.555985 0.000000 139 2
0.135372 -44.506713 0.000000 139 2
0.144438 -44.457542 0.000000 139 2
0.154127 -44.408490 0.000000 139 2
0.164500 -44.359578 0.000000 139 2
0.175629 -44.310832 0.000000 139 2
0.187596 -44.262285 0.000000 139 2
0.200492 -44.213977 0.000000 139 2
0.214420 -44.165956 0.000000 139 2
0.229497 -44.118283 0.000000 139 2
0.245856 -44.071035 0.000000 139 2
0.263643 -44.024306 0.000000 139 2
0.283023 -43.978215 0.000000 139 2
0.304176 -43.932909 0.000000 139 2
0.327293 -43.888575 0.000000 139 2
0.352577 -43.845438 0.000000 139 2
0.380225 -43.803778 0.000000 139 2
0.410421 -43.763925 0.000000 139 2
0.443306 -43.726262 0.000000 139 2
0.478962 -43.691210 0.000000 139 2
0.517374 -43.659202 0.000000 139 2
0.558416 -43.630644 0.000000 139 2
0.601841 -43.605859 0.000000 139 2
0.647299 -43.585037 0.000000 139 2
0.694377 -43.568195 0.000000 139 2
0.742651 -43.555171 0.000000 139 2
0.791734 -43.545638 0.000000 139 2
0.841310 -43.539142 0.000000 139 2
0.891150 -43.535145 0.000000 139 2
0.941107 -43.533059 0.000000 139 2
0.991101 -43.532274 0.000000 139 2
0.000000 -11.828716 0.000000 140 2
0.005088 -11.778976 0.000000 140 2
0.010279 -11.729246 0.000000 140 2
0.015688 -11.679539 0.000000 140 2
0.021327 -11.629858 0.000000 140 2
0.027213 -11.580206 0.000000 140 2
0.033361 -11.530585 0.000000 140 2
0.039790 -11.481000 0.000000 140 2
0.046519 -11.431455 0.000000 140 2
0.053569 -11.381955 0.000000 140 2
0.060964 -11.332505 0.000000 140 2
0.068730 -11.283111 0.000000 140 2
0.076894 -11.233783 0.000000 140 2
0.085489 -11.184527 0.000000 140 2
0.094548 -11.135354 0.000000 140 2
0.104109 -11.086277 0.000000 140 2
0.114215 -11.037309 0.000000 140 2
0.124912 -10.988467 0.000000 140 2
0.136252 -10.939770 0.000000 140 2
0.148293 -10.891241 0.000000 140 2
0.161099 -10.842909 0.000000 140 2
0.174741 -10.794806 0.000000 140 2
0.189300 -10.746972 0.000000 140 2
0.204865 -10.699457 0.000000 140 2
0.221534 -10.652317 0.000000 140 2
0.239417 -10.605625 0.000000 140 2
0.258636 -10.559466 0.000000 140 2
0.279323 -10.513946 0.000000 140 2
0.301624 -10.469195 0.000000 140 2
0.325691 -10.425368 0.000000 140 2
0.351687 -10.382657 0.000000 140 2
0.379772 -10.341291 0.000000 140 2
0.410103 -10.301541 0.000000 140 2
0.442814 -10.263726 0.000000 140 2
0.478005 -10.228207 0.000000 140 2
0.515719 -10.195379 0.000000 140 2
0.555923 -10.165654 0.000000 140 2
0.598493 -10.139427 0.000000 140 2
0.643203 -10.117043 0.000000 140 2
0.689738 -10.098754 0.000000 140 2
0.737718 -10.084687 0.000000 140 2
0.786736 -10.074825 0.000000 140 2
0.836397 -10.069015 0.000000 140 2
0.886356 -10.066985 0.000000 140 2
0.936336 -10.068382 0.000000 140 2
0.986141 -10.072800 0.000000 140 2
1.035647 -10.079812 0.000000 140 2
1.084797 -10.088991 0.000000 140 2
1.133587 -10.099923 0.000000 140 2
1.182053 -10.112212 0.000000 140 2
1.230261 -10.125481 0.000000 140 2
1.278294 -10.139368 0.000000 140 2
1.326248 -10.153522 0.000000 140 2
1.374226 -10.167599 0.000000 140 2
1.422326 -10.181251 0.000000 140 2
1.470640 -10.194124 0.000000 140 2
1.519246 -10.205850 0.000000 140 2
1.568196 -10.216042 0.000000 140 2
1.617510 -10.224297 0.000000 140 2
1.667161 -10.230193 0.000000 140 2
1.717064 -10.233301 0.000000 140 2
0.000000 -15.379695 0.000000 141 2
0.004033 -15.329858 0.000000 141 2
0.008147 -15.280027 0.000000 141 2
0.012431 -15.230211 0.000000 141 2
0.016895 -15.180411 0.000000 141 2
0.021552 -15.130628 0.000000 141 2
0.026415 -15.080865 0.000000 141 2
0.031496 -15.031124 0.000000 141 2
0.036812 -14.981407 0.000000 141 2
0.042379 -14.931718 0.000000 141 2
0.048215 -14.882060 0.000000 141 2
0.054340 -14.832437 0.000000 141 2
0.060776 -14.782852 0.000000 141 2
0.067547 -14.733313 0.000000 141 2
0.074680 -14.683824 0.000000 141 2
0.082205 -14.634394 0.000000 141 2
0.090154 -14.585030 0.000000 141 2
0.098564 -14.535742 0.000000 141 2
0.107476 -14.486543 0.000000 141 2
0.116935 -14.437446 0.000000 141 2
0.126993 -14.388468 0.000000 141 2
0.137706 -14.339629 0.000000 141 2
0.149140 -14.290954 0.000000 141 2
0.161366 -14.242472 0.000000 141 2
0.174467 -14.194219 0.000000 141 2
0.188535 -14.146238 0.000000 141 2
0.203674 -14.098586 0.000000 141 2
0.220003 -14.051327 0.000000 141 2
0.237652 -14.004545 0.000000 141 2
0.256771 -13.958345 0.000000 141 2
0.277524 -13.912856 0.000000 141 2
0.300092 -13.868238 0.000000 141 2
0.324668 -13.824695 0.000000 141 2
0.351454 -13.782475 0.000000 141 2
0.380652 -13.741886 0.000000 141 2
0.412447 -13.703297 0.000000 141 2
0.446983 -13.667141 0.000000 141 2
0.484338 -13.633905 0.000000 141 2
0.524488 -13.604107 0.000000 141 2
0.567283 -13.578250 0.000000 141 2
0.612431 -13.556765 0.000000 141 2
0.659518 -13.539947 0.000000 141 2
0.708047 -13.527908 0.000000 141 2
0.757504 -13.520559 0.000000 141 2
0.807418 -13.517628 0.000000 141 2
0.857407 -13.518704 0.000000 141 2
0.907196 -13.523292 0.000000 141 2
0.956619 -13.530863 0.000000 141 2
1.005605 -13.540883 0.000000 141 2
1.054153 -13.552843 0.000000 141 2
1.102320 -13.566258 0.000000 141 2
1.150197 -13.580672 0.000000 141 2
1.197901 -13.595650 0.000000 141 2
1.245560 -13.610773 0.000000 141 2
1.293304 -13.625621 0.000000 141 2
1.341260 -13.639772 0.000000 141 2
1.389537 -13.652785 0.000000 141 2
1.438217 -13.664195 0.000000 141 2
1.487342 -13.673510 0.000000 141 2
1.536891 -13.680211 0.000000 141 2
1.586764 -13.683764 0.000000 141 2
0.000000 -14.987768 0.000000 142 2
0.004265 -14.937950 0.000000 142 2
0.008614 -14.888140 0.000000 142 2
0.013139 -14.838345 0.000000 142 2
0.017852 -14.788567 0.000000 142 2
0.022764 -14.738809 0.000000 142 2
0.027887 -14.689072 0.000000 142 2
0.033237 -14.639359 0.000000 142 2
0.038828 -14.589673 0.000000 142 2
0.044676 -14.540016 0.000000 142 2
0.050801 -14.490393 0.000000 142 2
0.057221 -14.440807 0.000000 142 2
0.063959 -14.391263 0.000000 142 2
0.071039 -14.341766 0.000000 142 2
0.078487 -14.292324 0.000000 142 2
0.086332 -14.242944 0.000000 142 2
0.094606 -14.193633 0.000000 142 2
0.103346 -14.144403 0.000000 142 2
0.112590 -14.095265 0.000000 142 2
0.122383 -14.046233 0.000000 142 2
0.132773 -13.997325 0.000000 142 2
0.143816 -13.948559 0.000000 142 2
0.155572 -13.899961 0.000000 142 2
0.168111 -13.851559 0.000000 142 2
0.181508 -13.803387 0.000000 142 2
0.195849 -13.755488 0.000000 142 2
0.211231 -13.707913 0.000000 142 2
0.227761 -13.660724 0.000000 142 2
0.245558 -13.613998 0.000000 142 2
0.264755 -13.567831 0.000000 142 2
0.285498 -13.522336 0.000000 142 2
0.307946 -13.477659 0.000000 142 2
0.332267 -13.433973 0.000000 142 2
0.358637 -13.391492 0.000000 142 2
0.387231 -13.350475 0.000000 142 2
0.418211 -13.311229 0.000000 142 2
0.451711 -13.274111 0.000000 142 2
0.487816 -13.239522 0.000000 142 2
0.526541 -13.207892 0.000000 142 2
0.567802 -13.179652 0.000000 142 2
0.611412 -13.155194 0.000000 142 2
0.657074 -13.134825 0.000000 142 2
0.704411 -13.118723 0.000000 142 2
0.752997 -13.106916 0.000000 142 2
0.802409 -13.099271 0.000000 142 2
0.852268 -13.095521 0.000000 142 2
0.902268 -13.095294 0.000000 142 2
0.952186 -13.098156 0.000000 142 2
1.001884 -13.103641 0.000000 142 2
1.051297 -13.111281 0.000000 142 2
1.100418 -13.120616 0.000000 142 2
1.149284 -13.131202 0.000000 142 2
1.197964 -13.142614 0.000000 142 2
1.246546 -13.154439 0.000000 142 2
1.295126 -13.166271 0.000000 142 2
1.343801 -13.177705 0.000000 142 2
1.392659 -13.188329 0.000000 142 2
1.441770 -13.197717 0.000000 142 2
1.491172 -13.205426 0.000000 142 2
1.540860 -13.210999 0.000000 142 2
1.590772 -13.213964 0.000000 142 2
0.000000 -19.461121 0.000000 143 2
0.003400 -19.411237 0.000000 143 2
0.006866 -19.361357 0.000000 143 2
0.010470 -19.311487 0.000000 143 2
0.014220 -19.261628 0.000000 143 2
0.018126 -19.211781 0.000000 143 2
0.022197 -19.161947 0.000000 143 2
0.026445 -19.112128 0.000000 143 2
0.030880 -19.062325 0.000000 143 2
0.035515 -19.012540 0.000000 143 2
0.040365 -18.962776 0.000000 143 2
0.045444 -18.913034 0.000000 143 2
0.050770 -18.863319 0.000000 143 2
0.056360 -18.813632 0.000000 143 2
0.062235 -18.763979 0.000000 143 2
0.068417 -18.714362 0.000000 143 2
0.074929 -18.664788 0.000000 143 2
0.081801 -18.615263 0.000000 143 2
0.089061 -18.565793 0.000000 143 2
0.096743 -18.516386 0.000000 143 2
0.104885 -18.467054 0.000000 143 2
0.113528 -18.417806 0.000000 143 2
0.122720 -18.368658 0.000000 143 2
0.132512 -18.319627 0.000000 143 2
0.142965 -18.270732 0.000000 143 2
0.154145 -18.221998 0.000000 143 2
0.166128 -18.173455 0.000000 143 2
0.178999 -18.125140 0.000000 143 2
0.192855 -18.077098 0.000000 143 2
0.207807 -18.029386 0.000000 143 2
0.223977 -17.982073 0.000000 143 2
0.241506 -17.935246 0.000000 143 2
0.260551 -17.889015 0.000000 143 2
0.281285 -17.843517 0.000000 143 2
0.303901 -17.798924 0.000000 143 2
0.328602 -17.755452 0.000000 143 2
0.355600 -17.713367 0.000000 143 2
0.385102 -17.672998 0.000000 143 2
0.417292 -17.634739 0.000000 143 2
0.452305 -17.599044 0.000000 143 2
0.490194 -17.566419 0.000000 143 2
0.530899 -17.537383 0.000000 143 2
0.574220 -17.512417 0.000000 143 2
0.619817 -17.491901 0.000000 143 2
0.667238 -17.476049 0.000000 143 2
0.715973 -17.464875 0.000000 143 2
0.765524 -17.458187 0.000000 143 2
0.815458 -17.455623 0.000000 143 2
0.865446 -17.456702 0.000000 143 2
0.915272 -17.460879 0.000000 143 2
0.964819 -17.467588 0.000000 143 2
1.014060 -17.476268 0.000000 143 2
1.063027 -17.486379 0.000000 143 2
1.111797 -17.497401 0.000000 143 2
1.160473 -17.508832 0.000000 143 2
1.209169 -17.520178 0.000000 143 2
1.257996 -17.530942 0.000000 143 2
1.307051 -17.540617 0.000000 143 2
1.356398 -17.548676 0.000000 143 2
1.406049 -17.554571 0.000000 143 2
1.455949 -17.557738 0.000000 143 2
0.000000 -18.938552 0.000000 144 2
0.003622 -18.888683 0.000000 144 2
0.007312 -18.838820 0.000000 144 2
0.011146 -18.788967 0.000000 144 2
0.015131 -18.739126 0.000000 144 2
0.019278 -18.689298 0.000000 144 2
0.023595 -18.639485 0.000000 144 2
0.028094 -18.589688 0.000000 144 2
0.032786 -18.539908 0.000000 144 2
0.037684 -18.490149 0.000000 144 2
0.042802 -18.440411 0.000000 144 2
0.048154 -18.390699 0.000000 144 2
0.053758 -18.341014 0.000000 144 2
0.059631 -18.291360 0.000000 144 2
0.065792 -18.241741 0.000000 144 2
0.072265 -18.192162 0.000000 144 2
0.079071 -18.142627 0.000000 144 2
0.086238 -18.093144 0.000000 144 2
0.093795 -18.043718 0.000000 144 2
0.101773 -17.994358 0.000000 144 2
0.110209 -17.945075 0.000000 144 2
0.119141 -17.895880 0.000000 144 2
0.128614 -17.846785 0.000000 144 2
0.138677 -17.797808 0.000000 144 2
0.149385 -17.748968 0.000000 144 2
0.160800 -17.700289 0.000000 144 2
0.172989 -17.651797 0.000000 144 2
0.186031 -17.603528 0.000000 144 2
0.200012 -17.555523 0.000000 144 2
0.215029 -17.507831 0.000000 144 2
0.231191 -17.460515 0.000000 144 2
0.248619 -17.413651 0.000000 144 2
0.267448 -17.367332 0.000000 144 2
0.287825 -17.321672 0.000000 144 2
0.309913 -17.276815 0.000000 144 2
0.333881 -17.232934 0.000000 144 2
0.359908 -17.190243 0.000000 144 2
0.388171 -17.148997 0.000000 144 2
0.418833 -17.109502 0.000000 144 2
0.452028 -17.072111 0.000000 144 2
0.487840 -17.037218 0.000000 144 2
0.526278 -17.005242 0.000000 144 2
0.567258 -16.976594 0.000000 144 2
0.610587 -16.951643 0.000000 144 2
0.655973 -16.930663 0.000000 144 2
0.703043 -16.913800 0.000000 144 2
0.751388 -16.901041 0.000000 144 2
0.800604 -16.892225 0.000000 144 2
0.850336 -16.887052 0.000000 144 2
0.900299 -16.885130 0.000000 144 2
0.950291 -16.886001 0.000000 144 2
1.000190 -16.889181 0.000000 144 2
1.049940 -16.894176 0.000000 144 2
1.099539 -16.900498 0.000000 144 2
1.149022 -16.907669 0.000000 144 2
1.198449 -16.915219 0.000000 144 2
1.247888 -16.922684 0.000000 144 2
1.297408 -16.929596 0.000000 144 2
1.347060 -16.935483 0.000000 144 2
1.396868 -16.939863 0.000000 144 2
1.446811 -16.942246 0.000000 144 2
0.000000 -24.554644 0.000000 145 2
0.002910 -24.504728 0.000000 145 2
0.005873 -24.454816 0.000000 145 2
0.008949 -24.404911 0.000000 145 2
0.012143 -24.355013 0.000000 145 2
0.015462 -24.305123 0.000000 145 2
0.018914 -24.255243 0.000000 145 2
0.022508 -24.205372 0.000000 145 2
0.026252 -24.155512 0.000000 145 2
0.030155 -24.105665 0.000000 145 2
0.034228 -24.055831 0.000000 145 2
0.038482 -24.006013 0.000000 145 2
0.042930 -23.956211 0.000000 145 2
0.047584 -23.906428 0.000000 145 2
0.052461 -23.856666 0.000000 145 2
0.057575 -23.806928 0.000000 145 2
0.062945 -23.757218 0.000000 145 2
0.068589 -23.707537 0.000000 145 2
0.074530 -23.657891 0.000000 145 2
0.080792 -23.608285 0.000000 145 2
0.087399 -23.558724 0.000000 145 2
0.094382 -23.509214 0.000000 145 2
0.101773 -23.459763 0.000000 145 2
0.109609 -23.410381 0.000000 145 2
0.117929 -23.361078 0.000000 145 2
0.126778 -23.311867 0.000000 145 2
0.136208 -23.262764 0.000000 145 2
0.146276 -23.213789 0.000000 145 2
0.157046 -23.164962 0.000000 145 2
0.168591 -23.116313 0.000000 145 2
0.180993 -23.067876 0.000000 145 2
0.194345 -23.019691 0.000000 145 2
0.208751 -22.971812 0.000000 145 2
0.224332 -22.924301 0.000000 145 2
0.241219 -22.877240 0.000000 145 2
0.259564 -22.830727 0.000000 145 2
0.279532 -22.784887 0.000000 145 2
0.301306 -22.739877 0.000000 145 2
0.325081 -22.695891 0.000000 145 2
0.351060 -22.653170 0.000000 145 2
0.379444 -22.612008 0.000000 145 2
0.410418 -22.572757 0.000000 145 2
0.444122 -22.535824 0.000000 145 2
0.480632 -22.501662 0.000000 145 2
0.519923 -22.470740 0.000000 145 2
0.561852 -22.443500 0.000000 145 2
0.606144 -22.420302 0.000000 145 2
0.652419 -22.401364 0.000000 145 2
0.700229 -22.386728 0.000000 145 2
0.749118 -22.376247 0.000000 145 2
0.798675 -22.369603 0.000000 145 2
0.848569 -22.366354 0.000000 145 2
0.898568 -22.365976 0.000000 145 2
0.948531 -22.367903 0.000000 145 2
0.998397 -22.371560 0.000000 145 2
1.048165 -22.376373 0.000000 145 2
1.097872 -22.381775 0.000000 145 2
1.147576 -22.387205 0.000000 145 2
1.197336 -22.392102 0.000000 145 2
1.247191 -22.395901 0.000000 145 2
1.297146 -22.398029 0.000000 145 2
0.000000 -31.810513 0.000000 146 2
0.002348 -31.760568 0.000000 146 2
0.004739 -31.710625 0.000000 146 2
0.007217 -31.660687 0.000000 146 2
0.009787 -31.610753 0.000000 146 2
0.012455 -31.560824 0.000000 146 2
0.015226 -31.510901 0.000000 146 2
0.018107 -31.460984 0.000000 146 2
0.021103 -31.411074 0.000000 146 2
0.024223 -31.361171 0.000000 146 2
0.027473 -31.311277 0.000000 146 2
0.030863 -31.261392 0.000000 146 2
0.034401 -31.211518 0.000000 146 2
0.038098 -31.161654 0.000000 146 2
0.041963 -31.111804 0.000000 146 2
0.046010 -31.061968 0.000000 146 2
0.050250 -31.012148 0.000000 146 2
0.054698 -30.962346 0.000000 146 2
0.059370 -30.912565 0.000000 146 2
0.064282 -30.862807 0.000000 146 2
0.069454 -30.813075 0.000000 146 2
0.074907 -30.763373 0.000000 146 2
0.080663 -30.713706 0.000000 146 2
0.086749 -30.664078 0.000000 146 2
0.093194 -30.614495 0.000000 146 2
0.100029 -30.564964 0.000000 146 2
0.107290 -30.515494 0.000000 146 2
0.115017 -30.466095 0.000000 146 2
0.123257 -30.416779 0.000000 146 2
0.132060 -30.367560 0.000000 146 2
0.141484 -30.318456 0.000000 146 2
0.151595 -30.269489 0.000000 146 2
0.162466 -30.220685 0.000000 146 2
0.174184 -30.172077 0.000000 146 2
0.186843 -30.123706 0.000000 146 2
0.200556 -30.075623 0.000000 146 2
0.215445 -30.027892 0.000000 146 2
0.231655 -29.980592 0.000000 146 2
0.249344 -29.933826 0.000000 146 2
0.268694 -29.887722 0.000000 146 2
0.289903 -29.842443 0.000000 146 2
0.313186 -29.798195 0.000000 146 2
0.338768 -29.755235 0.000000 146 2
0.366872 -29.713881 0.000000 146 2
0.397702 -29.674517 0.000000 146 2
0.431410 -29.637588 0.000000 146 2
0.468068 -29.603585 0.000000 146 2
0.507630 -29.573010 0.000000 146 2
0.549908 -29.546315 0.000000 146 2
0.594570 -29.523836 0.000000 146 2
0.641177 -29.505731 0.000000 146 2
0.689237 -29.491941 0.000000 146 2
0.738279 -29.482197 0.000000 146 2
0.787900 -29.476057 0.000000 146 2
0.837804 -29.472960 0.000000 146 2
0.887800 -29.472275 0.000000 146 2
0.937788 -29.473344 0.000000 146 2
0.987742 -29.475501 0.000000 146 2
1.037675 -29.478081 0.000000 146 2
1.087620 -29.480422 0.000000 146 2
1.137600 -29.481860 0.000000 146 2
0.000000 14.935513 0.000000 147 3
0.002348 14.885568 0.000000 147 3
0.004739 14.835625 0.000000 147 3
0.007217 14.785687 0.000000 147 3
0.009787 14.735753 0.000000 147 3
0.012455 14.685824 0.000000 147 3
0.015226 14.635901 0.000000 147 3
0.018107 14.585984 0.000000 147 3
0.021103 14.536074 0.000000 147 3
0.024223 14.486171 0.000000 147 3
0.027473 14.436277 0.000000 147 3
0.030863 14.386392 0.000000 147 3
0.034401 14.336518 0.000000 147 3
0.038098 14.286654 0.000000 147 3
0.041963 14.236804 0.000000 147 3
0.046010 14.186968 0.000000 147 3
0.050250 14.137148 0.000000 147 3
0.054698 14.087346 0.000000 147 3
0.059370 14.037565 0.000000 147 3
0.064282 13.987807 0.000000 147 3
0.069454 13.938075 0.000000 147 3
0.074907 13.888373 0.000000 147 3
0.080663 13.838706 0.000000 147 3
0.086749 13.789078 0.000000 147 3
0.093194 13.739495 0.000000 147 3
0.100029 13.689964 0.000000 147 3
0.107290 13.640494 0.000000 147 3
0.115017 13.591095 0.000000 147 3
0.123257 13.541779 0.000000 147 3
0.132060 13.492560 0.000000 147 3
0.141484 13.443456 0.000000 147 3
0.151595 13.394489 0.000000 147 3
0.162466 13.345685 0.000000 147 3
0.174184 13.297077 0.000000 147 3
0.186843 13.248706 0.000000 147 3
0.200556 13.200623 0.000000 147 3
0.215445 13.152892 0.000000 147 3
0.231655 13.105592 0.000000 147 3
0.249344 13.058826 0.000000 147 3
0.268694 13.012722 0.000000 147 3
0.289903 12.967443 0.000000 147 3
0.313186 12.923195 0.000000 147 3
0.338768 12.880235 0.000000 147 3
0.366872 12.838881 0.000000 147 3
0.397702 12.799517 0.000000 147 3
0.431410 12.762588 0.000000 147 3
0.468068 12.728585 0.000000 147 3
0.507630 12.698010 0.000000 147 3
0.549908 12.671315 0.000000 147 3
0.594570 12.648836 0.000000 147 3
0.641177 12.630731 0.000000 147 3
0.689237 12.616941 0.000000 147 3
0.738279 12.607197 0.000000 147 3
0.787900 12.601057 0.000000 147 3
0.837804 12.597960 0.000000 147 3
0.887800 12.597275 0.000000 147 3
0.937788 12.598344 0.000000 147 3
0.987742 12.600501 0.000000 147 3
1.037675 12.603081 0.000000 147 3
1.087620 12.605422 0.000000 147 3
1.137600 12.606860 0.000000 147 3
0.000000 11.898394 0.000000 148 3
0.002910 11.848478 0.000000 148 3
0.005873 11.798566 0.000000 148 3
0.008949 11.748661 0.000000 148 3
0.012143 11.698763 0.000000 148 3
0.015462 11.648873 0.000000 148 3
0.018914 11.598993 0.000000 148 3
0.022508 11.549122 0.000000 148 3
0.026252 11.499262 0.000000 148 3
0.030155 11.449415 0.000000 148 3
0.034228 11.399581 0.000000 148 3
0.038482 11.349763 0.000000 148 3
0.042930 11.299961 0.000000 148 3
0.047584 11.250178 0.000000 148 3
0.052461 11.200416 0.000000 148 3
0.057575 11.150678 0.000000 148 3
0.062945 11.100968 0.000000 148 3
0.068589 11.051287 0.000000 148 3
0.074530 11.001641 0.000000 148 3
0.080792 10.952035 0.000000 148 3
0.087399 10.902474 0.000000 148 3
0.094382 10.852964 0.000000 148 3
0.101773 10.803513 0.000000 148 3
0.109609 10.754131 0.000000 148 3
0.117929 10.704828 0.000000 148 3
0.126778 10.655617 0.000000 148 3
0.136208 10.606514 0.000000 148 3
0.146276 10.557539 0.000000 148 3
0.157046 10.508712 0.000000 148 3
0.168591 10.460063 0.000000 148 3
0.180993 10.411626 0.000000 148 3
0.194345 10.363441 0.000000 148 3
0.208751 10.315562 0.000000 148 3
0.224332 10.268051 0.000000 148 3
0.241219 10.220990 0.000000 148 3
0.259564 10.174477 0.000000 148 3
0.279532 10.128637 0.000000 148 3
0.301306 10.083627 0.000000 148 3
0.325081 10.039641 0.000000 148 3
0.351060 9.996920 0.000000 148 3
0.379444 9.955758 0.000000 148 3
0.410418 9.916507 0.000000 148 3
0.444122 9.879574 0.000000 148 3
0.480632 9.845412 0.000000 148 3
0.519923 9.814490 0.000000 148 3
0.561852 9.787250 0.000000 148 3
0.606144 9.764052 0.000000 148 3
0.652419 9.745114 0.000000 148 3
0.700229 9.730478 0.000000 148 3
0.749118 9.719997 0.000000 148 3
0.798675 9.713353 0.000000 148 3
0.848569 9.710104 0.000000 148 3
0.898568 9.709726 0.000000 148 3
0.948531 9.711653 0.000000 148 3
0.998397 9.715310 0.000000 148 3
1.048165 9.720123 0.000000 148 3
1.097872 9.725525 0.000000 148 3
1.147576 9.730955 0.000000 148 3
1.197336 9.735852 0.000000 148 3
1.247191 9.739651 0.000000 148 3
1.297146 9.741779 0.000000 148 3
0.000000 9.446364 0.000000 149 3
0.003622 9.396496 0.000000 149 3
0.007312 9.346632 0.000000 149 3
0.011146 9.296779 0.000000 149 3
0.015131 9.246939 0.000000 149 3
0.019278 9.197111 0.000000 149 3
0.023595 9.147297 0.000000 149 3
0.028094 9.097500 0.000000 149 3
0.032786 9.047721 0.000000 149 3
0.037684 8.997961 0.000000 149 3
0.042802 8.948224 0.000000 149 3
0.048154 8.898511 0.000000 149 3
0.053758 8.848826 0.000000 149 3
0.059631 8.799172 0.000000 149 3
0.065792 8.749554 0.000000 149 3
0.072265 8.699974 0.000000 149 3
0.079071 8.650440 0.000000 149 3
0.086238 8.600956 0.000000 149 3
0.093795 8.551530 0.000000 149 3
0.101773 8.502171 0.000000 149 3
0.110209 8.452888 0.000000 149 3
0.119141 8.403692 0.000000 149 3
0.128614 8.354598 0.000000 149 3
0.138677 8.305621 0.000000 149 3
0.149385 8.256781 0.000000 149 3
0.160800 8.208101 0.000000 149 3
0.172989 8.159610 0.000000 149 3
0.186031 8.111341 0.000000 149 3
0.200012 8.063335 0.000000 149 3
0.215029 8.015643 0.000000 149 3
0.231191 7.968328 0.000000 149 3
0.248619 7.921463 0.000000 149 3
0.267448 7.875144 0.000000 149 3
0.287825 7.829485 0.000000 149 3
0.309913 7.784628 0.000000 149 3
0.333881 7.740747 0.000000 149 3
0.359908 7.698055 0.000000 149 3
0.388171 7.656810 0.000000 149 3
0.418833 7.617315 0.000000 149 3
0.452028 7.579924 0.000000 149 3
0.487840 7.545031 0.000000 149 3
0.526278 7.513054 0.000000 149 3
0.567258 7.484407 0.000000 149 3
0.610587 7.459456 0.000000 149 3
0.655973 7.438476 0.000000 149 3
0.703043 7.421612 0.000000 149 3
0.751388 7.408854 0.000000 149 3
0.800604 7.400037 0.000000 149 3
0.850336 7.394865 0.000000 149 3
0.900299 7.392942 0.000000 149 3
0.950291 7.393813 0.000000 149 3
1.000190 7.396993 0.000000 149 3
1.049940 7.401988 0.000000 149 3
1.099539 7.408311 0.000000 149 3
1.149022 7.415482 0.000000 149 3
1.198449 7.423032 0.000000 149 3
1.247888 7.430496 0.000000 149 3
1.297408 7.437408 0.000000 149 3
1.347060 7.443295 0.000000 149 3
1.396868 7.447676 0.000000 149 3
1.446811 7.450058 0.000000 149 3
0.000000 9.968934 0.000000 150 3
0.003400 9.919049 0.000000 150 3
0.006866 9.869170 0.000000 150 3
0.010470 9.819300 0.000000 150 3
0.014220 9.769441 0.000000 150 3
0.018126 9.719593 0.000000 150 3
0.022197 9.669759 0.000000 150 3
0.026445 9.619940 0.000000 150 3
0.030880 9.570137 0.000000 150 3
0.035515 9.520353 0.000000 150 3
0.040365 9.470588 0.000000 150 3
0.045444 9.420847 0.000000 150 3
0.050770 9.371131 0.000000 150 3
0.056360 9.321445 0.000000 150 3
0.062235 9.271791 0.000000 150 3
0.068417 9.222175 0.000000 150 3
0.074929 9.172601 0.000000 150 3
0.081801 9.123075 0.000000 150 3
0.089061 9.073605 0.000000 150 3
0.096743 9.024199 0.000000 150 3
0.104885 8.974866 0.000000 150 3
0.113528 8.925619 0.000000 150 3
0.122720 8.876471 0.000000 150 3
0.132512 8.827439 0.000000 150 3
0.142965 8.778544 0.000000 150 3
0.154145 8.729810 0.000000 150 3
0.166128 8.681267 0.000000 150 3
0.178999 8.632952 0.000000 150 3
0.192855 8.584911 0.000000 150 3
0.207807 8.537198 0.000000 150 3
0.223977 8.489885 0.000000 150 3
0.241506 8.443059 0.000000 150 3
0.260551 8.396828 0.000000 150 3
0.281285 8.351330 0.000000 150 3
0.303901 8.306737 0.000000 150 3
0.328602 8.263264 0.000000 150 3
0.355600 8.221180 0.000000 150 3
0.385102 8.180811 0.000000 150 3
0.417292 8.142551 0.000000 150 3
0.452305 8.106857 0.000000 150 3
0.490194 8.074231 0.000000 150 3
0.530899 8.045195 0.000000 150 3
0.574220 8.020229 0.000000 150 3
0.619817 7.999713 0.000000 150 3
0.667238 7.983862 0.000000 150 3
0.715973 7.972688 0.000000 150 3
0.765524 7.966000 0.000000 150 3
0.815458 7.963435 0.000000 150 3
0.865446 7.964514 0.000000 150 3
0.915272 7.968691 0.000000 150 3
0.964819 7.975400 0.000000 150 3
1.014060 7.984081 0.000000 150 3
1.063027 7.994192 0.000000 150 3
1.111797 8.005214 0.000000 150 3
1.160473 8.016645 0.000000 150 3
1.209169 8.027990 0.000000 150 3
1.257996 8.038754 0.000000 150 3
1.307051 8.048429 0.000000 150 3
1.356398 8.056488 0.000000 150 3
1.406049 8.062384 0.000000 150 3
1.455949 8.065551 0.000000 150 3
0.000000 7.868627 0.000000 151 3
0.004265 7.818809 0.000000 151 3
0.008614 7.768999 0.000000 151 3
0.013139 7.719204 0.000000 151 3
0.017852 7.669427 0.000000 151 3
0.022764 7.619669 0.000000 151 3
0.027887 7.569932 0.000000 151 3
0.033237 7.520219 0.000000 151 3
0.038828 7.470532 0.000000 151 3
0.044676 7.420876 0.000000 151 3
0.050801 7.371252 0.000000 151 3
0.057221 7.321666 0.000000 151 3
0.063959 7.272122 0.000000 151 3
0.071039 7.222626 0.000000 151 3
0.078487 7.173184 0.000000 151 3
0.086332 7.123803 0.000000 151 3
0.094606 7.074492 0.000000 151 3
0.103346 7.025262 0.000000 151 3
0.112590 6.976124 0.000000 151 3
0.122383 6.927092 0.000000 151 3
0.132773 6.878184 0.000000 151 3
0.143816 6.829419 0.000000 151 3
0.155572 6.780820 0.000000 151 3
0.168111 6.732418 0.000000 151 3
0.181508 6.684246 0.000000 151 3
0.195849 6.636347 0.000000 151 3
0.211231 6.588772 0.000000 151 3
0.227761 6.541583 0.000000 151 3
0.245558 6.494858 0.000000 151 3
0.264755 6.448690 0.000000 151 3
0.285498 6.403196 0.000000 151 3
0.307946 6.358518 0.000000 151 3
0.332267 6.314832 0.000000 151 3
0.358637 6.272351 0.000000 151 3
0.387231 6.231334 0.000000 151 3
0.418211 6.192088 0.000000 151 3
0.451711 6.154970 0.000000 151 3
0.487816 6.120381 0.000000 151 3
0.526541 6.088752 0.000000 151 3
0.567802 6.060512 0.000000 151 3
0.611412 6.036054 0.000000 151 3
0.657074 6.015684 0.000000 151 3
0.704411 5.999583 0.000000 151 3
0.752997 5.987775 0.000000 151 3
0.802409 5.980131 0.000000 151 3
0.852268 5.976380 0.000000 151 3
0.902268 5.976153 0.000000 151 3
0.952186 5.979015 0.000000 151 3
1.001884 5.984501 0.000000 151 3
1.051297 5.992140 0.000000 151 3
1.100418 6.001475 0.000000 151 3
1.149284 6.012061 0.000000 151 3
1.197964 6.023473 0.000000 151 3
1.246546 6.035298 0.000000 151 3
1.295126 6.047130 0.000000 151 3
1.343801 6.058565 0.000000 151 3
1.392659 6.069188 0.000000 151 3
1.441770 6.078576 0.000000 151 3
1.491172 6.086286 0.000000 151 3
1.540860 6.091858 0.000000 151 3
1.590772 6.094824 0.000000 151 3
0.000000 8.260554 0.000000 152 3
0.004033 8.210717 0.000000 152 3
0.008147 8.160886 0.000000 152 3
0.012431 8.111070 0.000000 152 3
0.016895 8.061270 0.000000 152 3
0.021552 8.011487 0.000000 152 3
0.026415 7.961724 0.000000 152 3
0.031496 7.911983 0.000000 152 3
0.036812 7.862267 0.000000 152 3
0.042379 7.812578 0.000000 152 3
0.048215 7.762919 0.000000 152 3
0.054340 7.713296 0.000000 152 3
0.060776 7.663712 0.000000 152 3
0.067547 7.614172 0.000000 152 3
0.074680 7.564684 0.000000 152 3
0.082205 7.515253 0.000000 152 3
0.090154 7.465889 0.000000 152 3
0.098564 7.416602 0.000000 152 3
0.107476 7.367402 0.000000 152 3
0.116935 7.318305 0.000000 152 3
0.126993 7.269327 0.000000 152 3
0.137706 7.220488 0.000000 152 3
0.149140 7.171813 0.000000 152 3
0.161366 7.123331 0.000000 152 3
0.174467 7.075078 0.000000 152 3
0.188535 7.027098 0.000000 152 3
0.203674 6.979445 0.000000 152 3
0.220003 6.932186 0.000000 152 3
0.237652 6.885405 0.000000 152 3
0.256771 6.839205 0.000000 152 3
0.277524 6.793715 0.000000 152 3
0.300092 6.749098 0.000000 152 3
0.324668 6.705554 0.000000 152 3
0.351454 6.663335 0.000000 152 3
0.380652 6.622746 0.000000 152 3
0.412447 6.584157 0.000000 152 3
0.446983 6.548000 0.000000 152 3
0.484338 6.514765 0.000000 152 3
0.524488 6.484967 0.000000 152 3
0.567283 6.459109 0.000000 152 3
0.612431 6.437624 0.000000 152 3
0.659518 6.420806 0.000000 152 3
0.708047 6.408768 0.000000 152 3
0.757504 6.401419 0.000000 152 3
0.807418 6.398488 0.000000 152 3
0.857407 6.399563 0.000000 152 3
0.907196 6.404152 0.000000 152 3
0.956619 6.411722 0.000000 152 3
1.005605 6.421743 0.000000 152 3
1.054153 6.433702 0.000000 152 3
1.102320 6.447117 0.000000 152 3
1.150197 6.461531 0.000000 152 3
1.197901 6.476510 0.000000 152 3
1.245560 6.491632 0.000000 152 3
1.293304 6.506481 0.000000 152 3
1.341260 6.520631 0.000000 152 3
1.389537 6.533644 0.000000 152 3
1.438217 6.545055 0.000000 152 3
1.487342 6.554370 0.000000 152 3
1.536891 6.561070 0.000000 152 3
1.586764 6.564623 0.000000 152 3
0.000000 6.489361 0.000000 153 3
0.005088 6.439620 0.000000 153 3
0.010279 6.389890 0.000000 153 3
0.015688 6.340184 0.000000 153 3
0.021327 6.290503 0.000000 153 3
0.027213 6.240851 0.000000 153 3
0.033361 6.191230 0.000000 153 3
0.039790 6.141645 0.000000 153 3
0.046519 6.092100 0.000000 153 3
0.053569 6.042599 0.000000 153 3
0.060964 5.993149 0.000000 153 3
0.068730 5.943756 0.000000 153 3
0.076894 5.894427 0.000000 153 3
0.085489 5.845171 0.000000 153 3
0.094548 5.795999 0.000000 153 3
0.104109 5.746922 0.000000 153 3
0.114215 5.697953 0.000000 153 3
0.124912 5.649111 0.000000 153 3
0.136252 5.600414 0.000000 153 3
0.148293 5.551886 0.000000 153 3
0.161099 5.503553 0.000000 153 3
0.174741 5.455450 0.000000 153 3
0.189300 5.407617 0.000000 153 3
0.204865 5.360101 0.000000 153 3
0.221534 5.312962 0.000000 153 3
0.239417 5.266269 0.000000 153 3
0.258636 5.220110 0.000000 153 3
0.279323 5.174591 0.000000 153 3
0.301624 5.129839 0.000000 153 3
0.325691 5.086013 0.000000 153 3
0.351687 5.043302 0.000000 153 3
0.379772 5.001935 0.000000 153 3
0.410103 4.962185 0.000000 153 3
0.442814 4.924370 0.000000 153 3
0.478005 4.888851 0.000000 153 3
0.515719 4.856024 0.000000 153 3
0.555923 4.826298 0.000000 153 3
0.598493 4.800071 0.000000 153 3
0.643203 4.777688 0.000000 153 3
0.689738 4.759399 0.000000 153 3
0.737718 4.745331 0.000000 153 3
0.786736 4.735469 0.000000 153 3
0.836397 4.729659 0.000000 153 3
0.886356 4.727630 0.000000 153 3
0.936336 4.729027 0.000000 153 3
0.986141 4.733444 0.000000 153 3
1.035647 4.740456 0.000000 153 3
1.084797 4.749635 0.000000 153 3
1.133587 4.760568 0.000000 153 3
1.182053 4.772857 0.000000 153 3
1.230261 4.786126 0.000000 153 3
1.278294 4.800012 0.000000 153 3
1.326248 4.814167 0.000000 153 3
1.374226 4.828244 0.000000 153 3
1.422326 4.841896 0.000000 153 3
1.470640 4.854769 0.000000 153 3
1.519246 4.866494 0.000000 153 3
1.568196 4.876687 0.000000 153 3
1.617510 4.884941 0.000000 153 3
1.667161 4.890837 0.000000 153 3
1.717064 4.893946 0.000000 153 3
0.000000 16.049772 0.000000 154 3
0.002235 15.999822 0.000000 154 3
0.004507 15.949874 0.000000 154 3
0.006857 15.899929 0.000000 154 3
0.009289 15.849988 0.000000 154 3
0.011808 15.800052 0.000000 154 3
0.014418 15.750120 0.000000 154 3
0.017124 15.700193 0.000000 154 3
0.019932 15.650272 0.000000 154 3
0.022847 15.600357 0.000000 154 3
0.025876 15.550449 0.000000 154 3
0.029025 15.500548 0.000000 154 3
0.032302 15.450656 0.000000 154 3
0.035714 15.400772 0.000000 154 3
0.039271 15.350899 0.000000 154 3
0.042981 15.301037 0.000000 154 3
0.046855 15.251187 0.000000 154 3
0.050903 15.201351 0.000000 154 3
0.055137 15.151531 0.000000 154 3
0.059572 15.101728 0.000000 154 3
0.064220 15.051944 0.000000 154 3
0.069097 15.002183 0.000000 154 3
0.074222 14.952446 0.000000 154 3
0.079612 14.902738 0.000000 154 3
0.085289 14.853061 0.000000 154 3
0.091276 14.803421 0.000000 154 3
0.097599 14.753822 0.000000 154 3
0.104287 14.704271 0.000000 154 3
0.111370 14.654776 0.000000 154 3
0.118884 14.605343 0.000000 154 3
0.126870 14.555985 0.000000 154 3
0.135372 14.506713 0.000000 154 3
0.144438 14.457542 0.000000 154 3
0.154127 14.408490 0.000000 154 3
0.164500 14.359578 0.000000 154 3
0.175629 14.310832 0.000000 154 3
0.187596 14.262285 0.000000 154 3
0.200492 14.213977 0.000000 154 3
0.214420 14.165956 0.000000 154 3
0.229497 14.118283 0.000000 154 3
0.245856 14.071035 0.000000 154 3
0.263643 14.024306 0.000000 154 3
0.283023 13.978215 0.000000 154 3
0.304176 13.932909 0.000000 154 3
0.327293 13.888575 0.000000 154 3
0.352577 13.845438 0.000000 154 3
0.380225 13.803778 0.000000 154 3
0.410421 13.763925 0.000000 154 3
0.443306 13.726262 0.000000 154 3
0.478962 13.691210 0.000000 154 3
0.517374 13.659202 0.000000 154 3
0.558416 13.630644 0.000000 154 3
0.601841 13.605859 0.000000 154 3
0.647299 13.585037 0.000000 154 3
0.694377 13.568195 0.000000 154 3
0.742651 13.555171 0.000000 154 3
0.791734 13.545638 0.000000 154 3
0.841310 13.539142 0.000000 154 3
0.891150 13.535145 0.000000 154 3
0.941107 13.533059 0.000000 154 3
0.991101 13.532274 0.000000 154 3
0.000000 17.701349 0.000000 155 3
0.001982 17.651388 0.000000 155 3
0.004000 17.601429 0.000000 155 3
0.006091 17.551473 0.000000 155 3
0.008261 17.501520 0.000000 155 3
0.010512 17.451570 0.000000 155 3
0.012852 17.401625 0.000000 155 3
0.015283 17.351684 0.000000 155 3
0.017813 17.301748 0.000000 155 3
0.020447 17.251818 0.000000 155 3
0.023191 17.201893 0.000000 155 3
0.026053 17.151975 0.000000 155 3
0.029041 17.102065 0.000000 155 3
0.032162 17.052162 0.000000 155 3
0.035426 17.002269 0.000000 155 3
0.038844 16.952386 0.000000 155 3
0.042425 16.902514 0.000000 155 3
0.046182 16.852655 0.000000 155 3
0.050129 16.802811 0.000000 155 3
0.054280 16.752984 0.000000 155 3
0.058650 16.703175 0.000000 155 3
0.063259 16.653388 0.000000 155 3
0.068125 16.603626 0.000000 155 3
0.073271 16.553891 0.000000 155 3
0.078722 16.504189 0.000000 155 3
0.084504 16.454525 0.000000 155 3
0.090650 16.404904 0.000000 155 3
0.097193 16.355334 0.000000 155 3
0.104172 16.305823 0.000000 155 3
0.111633 16.256383 0.000000 155 3
0.119625 16.207026 0.000000 155 3
0.128207 16.157768 0.000000 155 3
0.137443 16.108628 0.000000 155 3
0.147409 16.059631 0.000000 155 3
0.158190 16.010808 0.000000 155 3
0.169888 15.962195 0.000000 155 3
0.182614 15.913842 0.000000 155 3
0.196503 15.865810 0.000000 155 3
0.211705 15.818177 0.000000 155 3
0.228395 15.771045 0.000000 155 3
0.246773 15.724545 0.000000 155 3
0.267062 15.678846 0.000000 155 3
0.289510 15.634168 0.000000 155 3
0.314382 15.590794 0.000000 155 3
0.341948 15.549079 0.000000 155 3
0.372456 15.509465 0.000000 155 3
0.406101 15.472479 0.000000 155 3
0.442972 15.438707 0.000000 155 3
0.483004 15.408749 0.000000 155 3
0.525944 15.383134 0.000000 155 3
0.571362 15.362223 0.000000 155 3
0.618699 15.346125 0.000000 155 3
0.667368 15.334665 0.000000 155 3
0.716839 15.327410 0.000000 155 3
0.766704 15.323742 0.000000 155 3
0.816698 15.322931 0.000000 155 3
0.866682 15.324197 0.000000 155 3
0.916616 15.326753 0.000000 155 3
0.966523 15.329809 0.000000 155 3
1.016446 15.332582 0.000000 155 3
1.066417 15.334287 0.000000 155 3
0.000000 10.886021 0.000000 156 3
0.003162 10.836121 0.000000 156 3
0.006382 10.786225 0.000000 156 3
0.009726 10.736336 0.000000 156 3
0.013201 10.686457 0.000000 156 3
0.016815 10.636588 0.000000 156 3
0.020575 10.586730 0.000000 156 3
0.024492 10.536883 0.000000 156 3
0.028574 10.487050 0.000000 156 3
0.032833 10.437232 0.000000 156 3
0.037281 10.387430 0.000000 156 3
0.041930 10.337647 0.000000 156 3
0.046794 10.287884 0.000000 156 3
0.051889 10.238144 0.000000 156 3
0.057230 10.188430 0.000000 156 3
0.062837 10.138746 0.000000 156 3
0.068728 10.089094 0.000000 156 3
0.074928 10.039480 0.000000 156 3
0.081459 9.989908 0.000000 156 3
0.088349 9.940385 0.000000 156 3
0.095628 9.890918 0.000000 156 3
0.103330 9.841515 0.000000 156 3
0.111491 9.792185 0.000000 156 3
0.120152 9.742941 0.000000 156 3
0.129361 9.693796 0.000000 156 3
0.139169 9.644768 0.000000 156 3
0.149635 9.595875 0.000000 156 3
0.160824 9.547144 0.000000 156 3
0.172811 9.498602 0.000000 156 3
0.185679 9.450286 0.000000 156 3
0.199522 9.402240 0.000000 156 3
0.214447 9.354520 0.000000 156 3
0.230573 9.307192 0.000000 156 3
0.248035 9.260340 0.000000 156 3
0.266982 9.214069 0.000000 156 3
0.287581 9.168509 0.000000 156 3
0.310010 9.123822 0.000000 156 3
0.334463 9.080210 0.000000 156 3
0.361136 9.037918 0.000000 156 3
0.390220 8.997248 0.000000 156 3
0.421887 8.958554 0.000000 156 3
0.456263 8.922246 0.000000 156 3
0.493404 8.888771 0.000000 156 3
0.533268 8.858590 0.000000 156 3
0.575693 8.832130 0.000000 156 3
0.620395 8.809732 0.000000 156 3
0.666991 8.791598 0.000000 156 3
0.715038 8.777759 0.000000 156 3
0.764088 8.768062 0.000000 156 3
0.813743 8.762198 0.000000 156 3
0.863683 8.759739 0.000000 156 3
0.913681 8.760180 0.000000 156 3
0.963602 8.762982 0.000000 156 3
1.013389 8.767596 0.000000 156 3
1.063042 8.773479 0.000000 156 3
1.112602 8.780095 0.000000 156 3
1.162134 8.786919 0.000000 156 3
1.211709 8.793426 0.000000 156 3
1.261387 8.799090 0.000000 156 3
1.311203 8.803374 0.000000 156 3
1.361147 8.805731 0.000000 156 3
0.000000 8.861274 0.000000 157 3
0.003823 8.811421 0.000000 157 3
0.007720 8.761573 0.000000 157 3
0.011771 8.711737 0.000000 157 3
0.015987 8.661915 0.000000 157 3
0.020378 8.612108 0.000000 157 3
0.024954 8.562318 0.000000 157 3
0.029727 8.512547 0.000000 157 3
0.034711 8.462796 0.000000 157 3
0.039920 8.413068 0.000000 157 3
0.045370 8.363366 0.000000 157 3
0.051076 8.313692 0.000000 157 3
0.057059 8.264052 0.000000 157 3
0.063337 8.214447 0.000000 157 3
0.069934 8.164884 0.000000 157 3
0.076874 8.115368 0.000000 157 3
0.084185 8.065906 0.000000 157 3
0.091896 8.016504 0.000000 157 3
0.100041 7.967172 0.000000 157 3
0.108656 7.917920 0.000000 157 3
0.117783 7.868760 0.000000 157 3
0.127469 7.819707 0.000000 157 3
0.137763 7.770778 0.000000 157 3
0.148724 7.721994 0.000000 157 3
0.160416 7.673380 0.000000 157 3
0.172911 7.624967 0.000000 157 3
0.186290 7.576790 0.000000 157 3
0.200644 7.528895 0.000000 157 3
0.216076 7.481336 0.000000 157 3
0.232700 7.434180 0.000000 157 3
0.250644 7.387511 0.000000 157 3
0.270050 7.341431 0.000000 157 3
0.291074 7.296065 0.000000 157 3
0.313885 7.251572 0.000000 157 3
0.338663 7.208144 0.000000 157 3
0.365593 7.166015 0.000000 157 3
0.394854 7.125471 0.000000 157 3
0.426607 7.086849 0.000000 157 3
0.460978 7.050536 0.000000 157 3
0.498029 7.016961 0.000000 157 3
0.537733 6.986571 0.000000 157 3
0.579960 6.959796 0.000000 157 3
0.624461 6.937000 0.000000 157 3
0.670886 6.918433 0.000000 157 3
0.718815 6.904192 0.000000 157 3
0.767808 6.894207 0.000000 157 3
0.817452 6.888251 0.000000 157 3
0.867400 6.885970 0.000000 157 3
0.917390 6.886930 0.000000 157 3
0.967252 6.890645 0.000000 157 3
1.016894 6.896620 0.000000 157 3
1.066291 6.904360 0.000000 157 3
1.115470 6.913387 0.000000 157 3
1.164490 6.923235 0.000000 157 3
1.213435 6.933452 0.000000 157 3
1.262396 6.943591 0.000000 157 3
1.311463 6.953206 0.000000 157 3
1.360712 6.961840 0.000000 157 3
1.410193 6.969024 0.000000 157 3
1.459917 6.974272 0.000000 157 3
1.509838 6.977088 0.000000 157 3
0.000000 7.168525 0.000000 158 3
0.004660 7.118743 0.000000 158 3
0.009412 7.068969 0.000000 158 3
0.014358 7.019214 0.000000 158 3
0.019511 6.969480 0.000000 158 3
0.024883 6.919770 0.000000 158 3
0.030489 6.870085 0.000000 158 3
0.036344 6.820429 0.000000 158 3
0.042466 6.770805 0.000000 158 3
0.048872 6.721217 0.000000 158 3
0.055583 6.671670 0.000000 158 3
0.062621 6.622168 0.000000 158 3
0.070011 6.572717 0.000000 158 3
0.077778 6.523324 0.000000 158 3
0.085953 6.473997 0.000000 158 3
0.094568 6.424744 0.000000 158 3
0.103658 6.375578 0.000000 158 3
0.113264 6.326509 0.000000 158 3
0.123429 6.277553 0.000000 158 3
0.134202 6.228728 0.000000 158 3
0.145638 6.180053 0.000000 158 3
0.157797 6.131554 0.000000 158 3
0.170747 6.083260 0.000000 158 3
0.184563 6.035207 0.000000 158 3
0.199329 5.987437 0.000000 158 3
0.215140 5.940002 0.000000 158 3
0.232098 5.892966 0.000000 158 3
0.250321 5.846405 0.000000 158 3
0.269934 5.800412 0.000000 158 3
0.291079 5.755103 0.000000 158 3
0.313904 5.710618 0.000000 158 3
0.338570 5.667125 0.000000 158 3
0.365240 5.624832 0.000000 158 3
0.394077 5.583985 0.000000 158 3
0.425230 5.544877 0.000000 158 3
0.458822 5.507842 0.000000 158 3
0.494933 5.473258 0.000000 158 3
0.533573 5.441526 0.000000 158 3
0.574672 5.413050 0.000000 158 3
0.618060 5.388201 0.000000 158 3
0.663471 5.367277 0.000000 158 3
0.710560 5.350466 0.000000 158 3
0.758935 5.337820 0.000000 158 3
0.808194 5.329246 0.000000 158 3
0.857971 5.324524 0.000000 158 3
0.907956 5.323331 0.000000 158 3
0.957918 5.325277 0.000000 158 3
1.007701 5.329934 0.000000 158 3
1.057218 5.336865 0.000000 158 3
1.106443 5.345637 0.000000 158 3
1.155393 5.355831 0.000000 158 3
1.204120 5.367042 0.000000 158 3
1.252697 5.378882 0.000000 158 3
1.301214 5.390973 0.000000 158 3
1.349761 5.402938 0.000000 158 3
1.398429 5.414402 0.000000 158 3
1.447297 5.424979 0.000000 158 3
1.496426 5.434271 0.000000 158 3
1.545847 5.441864 0.000000 158 3
1.595547 5.447328 0.000000 158 3
1.645463 5.450227 0.000000 158 3
0.000000 7.691094 0.000000 159 3
0.004299 7.641279 0.000000 159 3
0.008686 7.591472 0.000000 159 3
0.013257 7.541682 0.000000 159 3
0.018024 7.491909 0.000000 159 3
0.023000 7.442158 0.000000 159 3
0.028199 7.392429 0.000000 159 3
0.033637 7.342725 0.000000 159 3
0.039329 7.293050 0.000000 159 3
0.045295 7.243407 0.000000 159 3
0.051554 7.193801 0.000000 159 3
0.058129 7.144235 0.000000 159 3
0.065045 7.094715 0.000000 159 3
0.072327 7.045249 0.000000 159 3
0.080007 6.995842 0.000000 159 3
0.088118 6.946504 0.000000 159 3
0.096695 6.897245 0.000000 159 3
0.105781 6.848078 0.000000 159 3
0.115421 6.799016 0.000000 159 3
0.125666 6.750077 0.000000 159 3
0.136574 6.701281 0.000000 159 3
0.148211 6.652654 0.000000 159 3
0.160648 6.604226 0.000000 159 3
0.173967 6.556032 0.000000 159 3
0.188263 6.508120 0.000000 159 3
0.203638 6.460542 0.000000 159 3
0.220210 6.413368 0.000000 159 3
0.238112 6.366683 0.000000 159 3
0.257492 6.320592 0.000000 159 3
0.278512 6.275225 0.000000 159 3
0.301353 6.230747 0.000000 159 3
0.326207 6.187362 0.000000 159 3
0.353273 6.145321 0.000000 159 3
0.382750 6.104934 0.000000 159 3
0.414819 6.066573 0.000000 159 3
0.449620 6.030671 0.000000 159 3
0.487225 5.997719 0.000000 159 3
0.527605 5.968233 0.000000 159 3
0.570606 5.942719 0.000000 159 3
0.615930 5.921607 0.000000 159 3
0.663160 5.905195 0.000000 159 3
0.711796 5.893598 0.000000 159 3
0.761322 5.886731 0.000000 159 3
0.811264 5.884326 0.000000 159 3
0.861237 5.885982 0.000000 159 3
0.910963 5.891209 0.000000 159 3
0.960273 5.899487 0.000000 159 3
1.009092 5.910292 0.000000 159 3
1.057417 5.923125 0.000000 159 3
1.105301 5.937516 0.000000 159 3
1.152836 5.953022 0.000000 159 3
1.200136 5.969229 0.000000 159 3
1.247332 5.985740 0.000000 159 3
1.294558 6.002162 0.000000 159 3
1.341948 6.018103 0.000000 159 3
1.389628 6.033160 0.000000 159 3
1.437701 6.046904 0.000000 159 3
1.486245 6.058884 0.000000 159 3
1.535289 6.068614 0.000000 159 3
1.584801 6.075582 0.000000 159 3
1.634665 6.079263 0.000000 159 3
0.000000 6.160248 0.000000 160 3
0.005308 6.110530 0.000000 160 3
0.010725 6.060824 0.000000 160 3
0.016374 6.011145 0.000000 160 3
0.022269 5.961493 0.000000 160 3
0.028427 5.911874 0.000000 160 3
0.034866 5.862290 0.000000 160 3
0.041606 5.812747 0.000000 160 3
0.048667 5.763248 0.000000 160 3
0.056073 5.713799 0.000000 160 3
0.063850 5.664408 0.000000 160 3
0.072027 5.615081 0.000000 160 3
0.080635 5.565827 0.000000 160 3
0.089708 5.516658 0.000000 160 3
0.099285 5.467583 0.000000 160 3
0.109407 5.418619 0.000000 160 3
0.120123 5.369780 0.000000 160 3
0.131483 5.321088 0.000000 160 3
0.143547 5.272565 0.000000 160 3
0.156379 5.224240 0.000000 160 3
0.170052 5.176146 0.000000 160 3
0.184646 5.128323 0.000000 160 3
0.200252 5.080821 0.000000 160 3
0.216970 5.033698 0.000000 160 3
0.234911 4.987028 0.000000 160 3
0.254200 4.940899 0.000000 160 3
0.274972 4.895418 0.000000 160 3
0.297374 4.850717 0.000000 160 3
0.321565 4.806959 0.000000 160 3
0.347709 4.764338 0.000000 160 3
0.375974 4.723094 0.000000 160 3
0.406519 4.683508 0.000000 160 3
0.439482 4.645913 0.000000 160 3
0.474965 4.610686 0.000000 160 3
0.513009 4.578241 0.000000 160 3
0.553574 4.549010 0.000000 160 3
0.596523 4.523408 0.000000 160 3
0.641610 4.501794 0.000000 160 3
0.688497 4.484428 0.000000 160 3
0.736779 4.471433 0.000000 160 3
0.786025 4.462782 0.000000 160 3
0.835824 4.458305 0.000000 160 3
0.885820 4.457709 0.000000 160 3
0.935735 4.460620 0.000000 160 3
0.985374 4.466618 0.000000 160 3
1.034621 4.475265 0.000000 160 3
1.083426 4.486129 0.000000 160 3
1.131796 4.498794 0.000000 160 3
1.179774 4.512869 0.000000 160 3
1.227435 4.527984 0.000000 160 3
1.274872 4.543787 0.000000 160 3
1.322190 4.559942 0.000000 160 3
1.369501 4.576118 0.000000 160 3
1.416915 4.591988 0.000000 160 3
1.464540 4.607215 0.000000 160 3
1.512471 4.621451 0.000000 160 3
1.560784 4.634328 0.000000 160 3
1.609530 4.645458 0.000000 160 3
1.658718 4.654428 0.000000 160 3
1.708310 4.660808 0.000000 160 3
1.758197 4.664159 0.000000 160 3
0.000000 5.547521 0.000000 161 3
0.007176 5.498039 0.000000 161 3
0.014428 5.448567 0.000000 161 3
0.021838 5.399119 0.000000 161 3
0.029411 5.349696 0.000000 161 3
0.037152 5.300299 0.000000 161 3
0.045069 5.250930 0.000000 161 3
0.053168 5.201590 0.000000 161 3
0.061456 5.152282 0.000000 161 3
0.069939 5.103007 0.000000 161 3
0.078626 5.053767 0.000000 161 3
0.087525 5.004566 0.000000 161 3
0.096644 4.955404 0.000000 161 3
0.105992 4.906286 0.000000 161 3
0.115580 4.857214 0.000000 161 3
0.125416 4.808191 0.000000 161 3
0.135513 4.759221 0.000000 161 3
0.145880 4.710307 0.000000 161 3
0.156532 4.661455 0.000000 161 3
0.167479 4.612668 0.000000 161 3
0.178737 4.563952 0.000000 161 3
0.190320 4.515312 0.000000 161 3
0.202243 4.466755 0.000000 161 3
0.214523 4.418286 0.000000 161 3
0.227179 4.369914 0.000000 161 3
0.240228 4.321647 0.000000 161 3
0.253692 4.273494 0.000000 161 3
0.267592 4.225465 0.000000 161 3
0.281952 4.177572 0.000000 161 3
0.296798 4.129826 0.000000 161 3
0.312156 4.082243 0.000000 161 3
0.328055 4.034839 0.000000 161 3
0.344528 3.987630 0.000000 161 3
0.361607 3.940638 0.000000 161 3
0.379330 3.893884 0.000000 161 3
0.397736 3.847395 0.000000 161 3
0.416868 3.801200 0.000000 161 3
0.436771 3.755332 0.000000 161 3
0.457495 3.709829 0.000000 161 3
0.479094 3.664735 0.000000 161 3
0.501624 3.620099 0.000000 161 3
0.525148 3.575978 0.000000 161 3
0.549730 3.532439 0.000000 161 3
0.575442 3.489556 0.000000 161 3
0.602356 3.447418 0.000000 161 3
0.630551 3.406125 0.000000 161 3
0.660106 3.365795 0.000000 161 3
0.691102 3.326562 0.000000 161 3
0.723620 3.288581 0.000000 161 3
0.757736 3.252029 0.000000 161 3
0.793520 3.217107 0.000000 161 3
0.831027 3.184043 0.000000 161 3
0.870294 3.153090 0.000000 161 3
0.911329 3.124522 0.000000 161 3
0.954107 3.098636 0.000000 161 3
0.998554 3.075735 0.000000 161 3
1.044546 3.056121 0.000000 161 3
1.091902 3.040077 0.000000 161 3
1.140383 3.027846 0.000000 161 3
1.189701 3.019618 0.000000 161 3
1.239532 3.015505 0.000000 161 3
0.000000 7.199098 0.000000 162 3
0.005102 7.149359 0.000000 162 3
0.010281 7.099628 0.000000 162 3
0.015622 7.049914 0.000000 162 3
0.021132 7.000218 0.000000 162 3
0.026819 6.950543 0.000000 162 3
0.032691 6.900889 0.000000 162 3
0.038758 6.851258 0.000000 162 3
0.045029 6.801653 0.000000 162 3
0.051515 6.752075 0.000000 162 3
0.058227 6.702528 0.000000 162 3
0.065176 6.653013 0.000000 162 3
0.072376 6.603534 0.000000 162 3
0.079840 6.554095 0.000000 162 3
0.087582 6.504698 0.000000 162 3
0.095618 6.455348 0.000000 162 3
0.103965 6.406049 0.000000 162 3
0.112640 6.356808 0.000000 162 3
0.121662 6.307628 0.000000 162 3
0.131054 6.258518 0.000000 162 3
0.140836 6.209484 0.000000 162 3
0.151032 6.160535 0.000000 162 3
0.161670 6.111680 0.000000 162 3
0.172776 6.062929 0.000000 162 3
0.184381 6.014294 0.000000 162 3
0.196518 5.965790 0.000000 162 3
0.209221 5.917430 0.000000 162 3
0.222528 5.869234 0.000000 162 3
0.236482 5.821220 0.000000 162 3
0.251126 5.773413 0.000000 162 3
0.266507 5.725837 0.000000 162 3
0.282678 5.678525 0.000000 162 3
0.299694 5.631509 0.000000 162 3
0.317614 5.584831 0.000000 162 3
0.336501 5.538535 0.000000 162 3
0.356424 5.492676 0.000000 162 3
0.377453 5.447313 0.000000 162 3
0.399664 5.402517 0.000000 162 3
0.423134 5.358368 0.000000 162 3
0.447942 5.314956 0.000000 162 3
0.474168 5.272387 0.000000 162 3
0.501892 5.230776 0.000000 162 3
0.531187 5.190257 0.000000 162 3
0.562120 5.150975 0.000000 162 3
0.594749 5.113088 0.000000 162 3
0.629113 5.076769 0.000000 162 3
0.665235 5.042197 0.000000 162 3
0.703109 5.009554 0.000000 162 3
0.742704 4.979022 0.000000 162 3
0.783958 4.950771 0.000000 162 3
0.826775 4.924950 0.000000 162 3
0.871030 4.901681 0.000000 162 3
0.916575 4.881049 0.000000 162 3
0.963240 4.863095 0.000000 162 3
1.010848 4.847814 0.000000 162 3
1.059219 4.835157 0.000000 162 3
1.108182 4.825026 0.000000 162 3
1.157580 4.817290 0.000000 162 3
1.207276 4.811783 0.000000 162 3
1.257156 4.808314 0.000000 162 3
1.307129 4.806678 0.000000 162 3
0.000000 8.850674 0.000000 163 3
0.003955 8.800831 0.000000 163 3
0.007980 8.750993 0.000000 163 3
0.012152 8.701168 0.000000 163 3
0.016479 8.651355 0.000000 163 3
0.020969 8.601557 0.000000 163 3
0.025632 8.551775 0.000000 163 3
0.030478 8.502011 0.000000 163 3
0.035518 8.452265 0.000000 163 3
0.040764 8.402541 0.000000 163 3
0.046228 8.352841 0.000000 163 3
0.051924 8.303166 0.000000 163 3
0.057867 8.253521 0.000000 163 3
0.064074 8.203907 0.000000 163 3
0.070561 8.154330 0.000000 163 3
0.077348 8.104793 0.000000 163 3
0.084457 8.055301 0.000000 163 3
0.091909 8.005859 0.000000 163 3
0.099729 7.956475 0.000000 163 3
0.107946 7.907154 0.000000 163 3
0.116589 7.857907 0.000000 163 3
0.125691 7.808742 0.000000 163 3
0.135288 7.759672 0.000000 163 3
0.145421 7.710710 0.000000 163 3
0.156133 7.661870 0.000000 163 3
0.167472 7.613173 0.000000 163 3
0.179493 7.564640 0.000000 163 3
0.192255 7.516296 0.000000 163 3
0.205824 7.468172 0.000000 163 3
0.220271 7.420305 0.000000 163 3
0.235676 7.372737 0.000000 163 3
0.252127 7.325521 0.000000 163 3
0.269721 7.278719 0.000000 163 3
0.288561 7.232404 0.000000 163 3
0.308762 7.186667 0.000000 163 3
0.330444 7.141612 0.000000 163 3
0.353734 7.097368 0.000000 163 3
0.378765 7.054084 0.000000 163 3
0.405667 7.011939 0.000000 163 3
0.434565 6.971135 0.000000 163 3
0.465571 6.931910 0.000000 163 3
0.498769 6.894521 0.000000 163 3
0.534210 6.859252 0.000000 163 3
0.571896 6.826392 0.000000 163 3
0.611768 6.796223 0.000000 163 3
0.653706 6.768997 0.000000 163 3
0.697523 6.744912 0.000000 163 3
0.742982 6.724093 0.000000 163 3
0.789811 6.706570 0.000000 163 3
0.837725 6.692280 0.000000 163 3
0.886451 6.681063 0.000000 163 3
0.935744 6.672681 0.000000 163 3
0.985401 6.666835 0.000000 163 3
1.035267 6.663178 0.000000 163 3
1.085233 6.661341 0.000000 163 3
1.135231 6.660935 0.000000 163 3
1.185227 6.661568 0.000000 163 3
1.235211 6.662847 0.000000 163 3
1.285187 6.664377 0.000000 163 3
1.335168 6.665766 0.000000 163 3
1.385161 6.666618 0.000000 163 3
0.000000 7.876688 0.000000 164 3
0.004297 7.826873 0.000000 164 3
0.008678 7.777066 0.000000 164 3
0.013232 7.727273 0.000000 164 3
0.017970 7.677498 0.000000 164 3
0.022904 7.627743 0.000000 164 3
0.028047 7.578008 0.000000 164 3
0.033410 7.528296 0.000000 164 3
0.039010 7.478611 0.000000 164 3
0.044862 7.428954 0.000000 164 3
0.050983 7.379330 0.000000 164 3
0.057392 7.329743 0.000000 164 3
0.064109 7.280196 0.000000 164 3
0.071158 7.230695 0.000000 164 3
0.078562 7.181247 0.000000 164 3
0.086350 7.131857 0.000000 164 3
0.094551 7.082534 0.000000 164 3
0.103199 7.033288 0.000000 164 3
0.112329 6.984128 0.000000 164 3
0.121984 6.935069 0.000000 164 3
0.132207 6.886126 0.000000 164 3
0.143049 6.837315 0.000000 164 3
0.154566 6.788660 0.000000 164 3
0.166819 6.740184 0.000000 164 3
0.179877 6.691920 0.000000 164 3
0.193819 6.643903 0.000000 164 3
0.208729 6.596178 0.000000 164 3
0.224704 6.548798 0.000000 164 3
0.241849 6.501830 0.000000 164 3
0.260282 6.455352 0.000000 164 3
0.280133 6.409461 0.000000 164 3
0.301540 6.364275 0.000000 164 3
0.324656 6.319939 0.000000 164 3
0.349637 6.276628 0.000000 164 3
0.376646 6.234550 0.000000 164 3
0.405838 6.193956 0.000000 164 3
0.437354 6.155140 0.000000 164 3
0.471304 6.118433 0.000000 164 3
0.507752 6.084205 0.000000 164 3
0.546691 6.052840 0.000000 164 3
0.588030 6.024714 0.000000 164 3
0.631588 6.000164 0.000000 164 3
0.677093 5.979444 0.000000 164 3
0.724204 5.962695 0.000000 164 3
0.772546 5.949927 0.000000 164 3
0.821746 5.941014 0.000000 164 3
0.871464 5.935712 0.000000 164 3
0.921422 5.933685 0.000000 164 3
0.971415 5.934537 0.000000 164 3
1.021306 5.937842 0.000000 164 3
1.071022 5.943161 0.000000 164 3
1.120544 5.950059 0.000000 164 3
1.169892 5.958110 0.000000 164 3
1.219113 5.966899 0.000000 164 3
1.268274 5.976021 0.000000 164 3
1.317448 5.985073 0.000000 164 3
1.366706 5.993653 0.000000 164 3
1.416110 6.001352 0.000000 164 3
1.465699 6.007751 0.000000 164 3
1.515480 6.012422 0.000000 164 3
1.565417 6.014926 0.000000 164 3
0.000000 6.836528 0.000000 165 3
0.004832 6.786762 0.000000 165 3
0.009762 6.737006 0.000000 165 3
0.014899 6.687270 0.000000 165 3
0.020256 6.637558 0.000000 165 3
0.025846 6.587872 0.000000 165 3
0.031687 6.538214 0.000000 165 3
0.037794 6.488588 0.000000 165 3
0.044187 6.438999 0.000000 165 3
0.050886 6.389450 0.000000 165 3
0.057913 6.339946 0.000000 165 3
0.065293 6.290493 0.000000 165 3
0.073053 6.241099 0.000000 165 3
0.081223 6.191771 0.000000 165 3
0.089836 6.142519 0.000000 165 3
0.098928 6.093352 0.000000 165 3
0.108541 6.044285 0.000000 165 3
0.118717 5.995332 0.000000 165 3
0.129509 5.946510 0.000000 165 3
0.140971 5.897842 0.000000 165 3
0.153167 5.849352 0.000000 165 3
0.166164 5.801071 0.000000 165 3
0.180042 5.753035 0.000000 165 3
0.194888 5.705290 0.000000 165 3
0.210798 5.657889 0.000000 165 3
0.227882 5.610898 0.000000 165 3
0.246260 5.564398 0.000000 165 3
0.266065 5.518488 0.000000 165 3
0.287444 5.473289 0.000000 165 3
0.310556 5.428951 0.000000 165 3
0.335569 5.385657 0.000000 165 3
0.362654 5.343629 0.000000 165 3
0.391984 5.303135 0.000000 165 3
0.423713 5.264492 0.000000 165 3
0.457968 5.228069 0.000000 165 3
0.494819 5.194276 0.000000 165 3
0.534265 5.163551 0.000000 165 3
0.576205 5.136330 0.000000 165 3
0.620431 5.113004 0.000000 165 3
0.666628 5.093876 0.000000 165 3
0.714401 5.079120 0.000000 165 3
0.763314 5.068753 0.000000 165 3
0.812939 5.062637 0.000000 165 3
0.862893 5.060499 0.000000 165 3
0.912871 5.061971 0.000000 165 3
0.962654 5.066623 0.000000 165 3
1.012107 5.074002 0.000000 165 3
1.061166 5.083654 0.000000 165 3
1.109829 5.095141 0.000000 165 3
1.158135 5.108045 0.000000 165 3
1.206157 5.121970 0.000000 165 3
1.253988 5.136538 0.000000 165 3
1.301733 5.151384 0.000000 165 3
1.349503 5.166150 0.000000 165 3
1.397407 5.180474 0.000000 165 3
1.445546 5.193986 0.000000 165 3
1.494006 5.206302 0.000000 165 3
1.542845 5.217015 0.000000 165 3
1.592085 5.225699 0.000000 165 3
1.641698 5.231905 0.000000 165 3
1.691591 5.235179 0.000000 165 3
0.000000 5.824155 0.000000 166 3
0.005566 5.774466 0.000000 166 3
0.011248 5.724790 0.000000 166 3
0.017177 5.675143 0.000000 166 3
0.023370 5.625527 0.000000 166 3
0.029843 5.575948 0.000000 166 3
0.036617 5.526409 0.000000 166 3
0.043712 5.476915 0.000000 166 3
0.051153 5.427472 0.000000 166 3
0.058965 5.378086 0.000000 166 3
0.067177 5.328765 0.000000 166 3
0.075818 5.279517 0.000000 166 3
0.084925 5.230354 0.000000 166 3
0.094535 5.181286 0.000000 166 3
0.104689 5.132328 0.000000 166 3
0.115436 5.083496 0.000000 166 3
0.126827 5.034811 0.000000 166 3
0.138919 4.986296 0.000000 166 3
0.151778 4.937977 0.000000 166 3
0.165476 4.889890 0.000000 166 3
0.180093 4.842075 0.000000 166 3
0.195719 4.794579 0.000000 166 3
0.212454 4.747463 0.000000 166 3
0.230410 4.700798 0.000000 166 3
0.249710 4.654673 0.000000 166 3
0.270489 4.609195 0.000000 166 3
0.292895 4.564497 0.000000 166 3
0.317087 4.520739 0.000000 166 3
0.343231 4.478119 0.000000 166 3
0.371495 4.436874 0.000000 166 3
0.402040 4.397288 0.000000 166 3
0.435008 4.359697 0.000000 166 3
0.470503 4.324482 0.000000 166 3
0.508571 4.292065 0.000000 166 3
0.549174 4.262886 0.000000 166 3
0.592175 4.237374 0.000000 166 3
0.637329 4.215900 0.000000 166 3
0.684291 4.198738 0.000000 166 3
0.732648 4.186025 0.000000 166 3
0.781958 4.177743 0.000000 166 3
0.831796 4.173725 0.000000 166 3
0.881796 4.173681 0.000000 166 3
0.931669 4.177234 0.000000 166 3
0.981215 4.183962 0.000000 166 3
1.030311 4.193424 0.000000 166 3
1.078908 4.205188 0.000000 166 3
1.127008 4.218839 0.000000 166 3
1.174658 4.233989 0.000000 166 3
1.221931 4.250275 0.000000 166 3
1.268924 4.267353 0.000000 166 3
1.315744 4.284900 0.000000 166 3
1.362506 4.302600 0.000000 166 3
1.409328 4.320143 0.000000 166 3
1.456324 4.337212 0.000000 166 3
1.503603 4.353482 0.000000 166 3
1.551258 4.368613 0.000000 166 3
1.599366 4.382239 0.000000 166 3
1.647970 4.393971 0.000000 166 3
1.697074 4.403395 0.000000 166 3
1.746625 4.410079 0.000000 166 3
1.796502 4.413581 0.000000 166 3
0.000000 4.890685 0.000000 167 3
0.006524 4.841113 0.000000 167 3
0.013188 4.791559 0.000000 167 3
0.020148 4.742046 0.000000 167 3
0.027425 4.692578 0.000000 167 3
0.035040 4.643161 0.000000 167 3
0.043017 4.593802 0.000000 167 3
0.051383 4.544507 0.000000 167 3
0.060167 4.495284 0.000000 167 3
0.069400 4.446144 0.000000 167 3
0.079118 4.397098 0.000000 167 3
0.089359 4.348158 0.000000 167 3
0.100165 4.299339 0.000000 167 3
0.111584 4.250661 0.000000 167 3
0.123667 4.202143 0.000000 167 3
0.136474 4.153811 0.000000 167 3
0.150067 4.105694 0.000000 167 3
0.164518 4.057828 0.000000 167 3
0.179906 4.010255 0.000000 167 3
0.196319 3.963025 0.000000 167 3
0.213855 3.916201 0.000000 167 3
0.232619 3.869856 0.000000 167 3
0.252731 3.824079 0.000000 167 3
0.274318 3.778979 0.000000 167 3
0.297518 3.734687 0.000000 167 3
0.322479 3.691363 0.000000 167 3
0.349351 3.649199 0.000000 167 3
0.378287 3.608422 0.000000 167 3
0.409428 3.569304 0.000000 167 3
0.442897 3.532158 0.000000 167 3
0.478781 3.497339 0.000000 167 3
0.517113 3.465235 0.000000 167 3
0.557853 3.436248 0.000000 167 3
0.600873 3.410767 0.000000 167 3
0.645952 3.389136 0.000000 167 3
0.692782 3.371616 0.000000 167 3
0.740989 3.358348 0.000000 167 3
0.790172 3.349345 0.000000 167 3
0.839935 3.344485 0.000000 167 3
0.889926 3.343533 0.000000 167 3
0.939857 3.346170 0.000000 167 3
0.989513 3.352024 0.000000 167 3
1.038754 3.360701 0.000000 167 3
1.087506 3.371804 0.000000 167 3
1.135746 3.384951 0.000000 167 3
1.183497 3.399779 0.000000 167 3
1.230810 3.415950 0.000000 167 3
1.277760 3.433145 0.000000 167 3
1.324437 3.451067 0.000000 167 3
1.370943 3.469432 0.000000 167 3
1.417382 3.487963 0.000000 167 3
1.463862 3.506391 0.000000 167 3
1.510491 3.524440 0.000000 167 3
1.557370 3.541829 0.000000 167 3
1.604592 3.558263 0.000000 167 3
1.652236 3.573430 0.000000 167 3
1.700360 3.586997 0.000000 167 3
1.748994 3.598605 0.000000 167 3
1.798127 3.607876 0.000000 167 3
1.847697 3.614417 0.000000 167 3
1.897581 3.617830 0.000000 167 3
0.000000 -2.787036 0.000000 168 3
0.010167 -2.738080 0.000000 168 3
0.020591 -2.689179 0.000000 168 3
0.031562 -2.640397 0.000000 168 3
0.043124 -2.591753 0.000000 168 3
0.055326 -2.543264 0.000000 168 3
0.068222 -2.494956 0.000000 168 3
0.081871 -2.446855 0.000000 168 3
0.096341 -2.398994 0.000000 168 3
0.111704 -2.351413 0.000000 168 3
0.128043 -2.304158 0.000000 168 3
0.145448 -2.257286 0.000000 168 3
0.164021 -2.210863 0.000000 168 3
0.183873 -2.164973 0.000000 168 3
0.205126 -2.119715 0.000000 168 3
0.227914 -2.075209 0.000000 168 3
0.252379 -2.031604 0.000000 168 3
0.278673 -1.989076 0.000000 168 3
0.306953 -1.947842 0.000000 168 3
0.337374 -1.908161 0.000000 168 3
0.370076 -1.870338 0.000000 168 3
0.405179 -1.834732 0.000000 168 3
0.442755 -1.801747 0.000000 168 3
0.482812 -1.771823 0.000000 168 3
0.525270 -1.745416 0.000000 168 3
0.569946 -1.722965 0.000000 168 3
0.616547 -1.704844 0.000000 168 3
0.664684 -1.691324 0.000000 168 3
0.713906 -1.682534 0.000000 168 3
0.763738 -1.678449 0.000000 168 3
0.813736 -1.678894 0.000000 168 3
0.863517 -1.683577 0.000000 168 3
0.912780 -1.692127 0.000000 168 3
0.961317 -1.704133 0.000000 168 3
1.009002 -1.719173 0.000000 168 3
1.055775 -1.736844 0.000000 168 3
1.101634 -1.756768 0.000000 168 3
1.146614 -1.778603 0.000000 168 3
1.190780 -1.802043 0.000000 168 3
1.234213 -1.826812 0.000000 168 3
1.277010 -1.852667 0.000000 168 3
1.319270 -1.879388 0.000000 168 3
1.361101 -1.906778 0.000000 168 3
1.402610 -1.934652 0.000000 168 3
1.443907 -1.962841 0.000000 168 3
1.485100 -1.991180 0.000000 168 3
1.526301 -2.019509 0.000000 168 3
1.567617 -2.047668 0.000000 168 3
1.609160 -2.075493 0.000000 168 3
1.651037 -2.102811 0.000000 168 3
1.693357 -2.129438 0.000000 168 3
1.736226 -2.155174 0.000000 168 3
1.779743 -2.179795 0.000000 168 3
1.824004 -2.203054 0.000000 168 3
1.869088 -2.224675 0.000000 168 3
1.915056 -2.244344 0.000000 168 3
1.961942 -2.261716 0.000000 168 3
2.009734 -2.276410 0.000000 168 3
2.058368 -2.288018 0.000000 168 3
2.107707 -2.296120 0.000000 168 3
2.157531 -2.300307 0.000000 168 3
0.000000 -2.477365 0.000000 169 3
0.011376 -2.428676 0.000000 169 3
0.023036 -2.380055 0.000000 169 3
0.035300 -2.331582 0.000000 169 3
0.048216 -2.283279 0.000000 169 3
0.061836 -2.235170 0.000000 169 3
0.076217 -2.187283 0.000000 169 3
0.091423 -2.139651 0.000000 169 3
0.107523 -2.092314 0.000000 169 3
0.124593 -2.045318 0.000000 169 3
0.142719 -1.998720 0.000000 169 3
0.161993 -1.952584 0.000000 169 3
0.182515 -1.906989 0.000000 169 3
0.204395 -1.862031 0.000000 169 3
0.227751 -1.817821 0.000000 169 3
0.252707 -1.774495 0.000000 169 3
0.279395 -1.732213 0.000000 169 3
0.307946 -1.691166 0.000000 169 3
0.338490 -1.651580 0.000000 169 3
0.371145 -1.613716 0.000000 169 3
0.406008 -1.577876 0.000000 169 3
0.443143 -1.544394 0.000000 169 3
0.482562 -1.513635 0.000000 169 3
0.524215 -1.485976 0.000000 169 3
0.567974 -1.461785 0.000000 169 3
0.613626 -1.441392 0.000000 169 3
0.660882 -1.425057 0.000000 169 3
0.709394 -1.412946 0.000000 169 3
0.758775 -1.405108 0.000000 169 3
0.808643 -1.401474 0.000000 169 3
0.858641 -1.401869 0.000000 169 3
0.908468 -1.406036 0.000000 169 3
0.957883 -1.413660 0.000000 169 3
1.006717 -1.424396 0.000000 169 3
1.054860 -1.437895 0.000000 169 3
1.102259 -1.453812 0.000000 169 3
1.148901 -1.471825 0.000000 169 3
1.194810 -1.491635 0.000000 169 3
1.240031 -1.512967 0.000000 169 3
1.284628 -1.535574 0.000000 169 3
1.328678 -1.559230 0.000000 169 3
1.372265 -1.583728 0.000000 169 3
1.415479 -1.608879 0.000000 169 3
1.458412 -1.634506 0.000000 169 3
1.501159 -1.660443 0.000000 169 3
1.543816 -1.686527 0.000000 169 3
1.586478 -1.712602 0.000000 169 3
1.629243 -1.738510 0.000000 169 3
1.672205 -1.764088 0.000000 169 3
1.715459 -1.789170 0.000000 169 3
1.759098 -1.813576 0.000000 169 3
1.803210 -1.837115 0.000000 169 3
1.847879 -1.859580 0.000000 169 3
1.893180 -1.880741 0.000000 169 3
1.939176 -1.900348 0.000000 169 3
1.985910 -1.918123 0.000000 169 3
2.033400 -1.933764 0.000000 169 3
2.081631 -1.946945 0.000000 169 3
2.130543 -1.957322 0.000000 169 3
2.180018 -1.964544 0.000000 169 3
2.229880 -1.968269 0.000000 169 3
0.000000 -1.651577 0.000000 170 3
0.016537 -1.604391 0.000000 170 3
0.033461 -1.557342 0.000000 170 3
0.051202 -1.510595 0.000000 170 3
0.069816 -1.464189 0.000000 170 3
0.089359 -1.418167 0.000000 170 3
0.109895 -1.372579 0.000000 170 3
0.131490 -1.327482 0.000000 170 3
0.154212 -1.282944 0.000000 170 3
0.178135 -1.239038 0.000000 170 3
0.203333 -1.195852 0.000000 170 3
0.229882 -1.153483 0.000000 170 3
0.257860 -1.112043 0.000000 170 3
0.287341 -1.071659 0.000000 170 3
0.318395 -1.032472 0.000000 170 3
0.351084 -0.994638 0.000000 170 3
0.385460 -0.958329 0.000000 170 3
0.421558 -0.923732 0.000000 170 3
0.459391 -0.891043 0.000000 170 3
0.498950 -0.860463 0.000000 170 3
0.540194 -0.832197 0.000000 170 3
0.583048 -0.806438 0.000000 170 3
0.627405 -0.783363 0.000000 170 3
0.673125 -0.763123 0.000000 170 3
0.720040 -0.745832 0.000000 170 3
0.767961 -0.731562 0.000000 170 3
0.816684 -0.720334 0.000000 170 3
0.866005 -0.712125 0.000000 170 3
0.915728 -0.706864 0.000000 170 3
0.965669 -0.704437 0.000000 170 3
1.015668 -0.704701 0.000000 170 3
1.065590 -0.707484 0.000000 170 3
1.115328 -0.712600 0.000000 170 3
1.164799 -0.719851 0.000000 170 3
1.213948 -0.729038 0.000000 170 3
1.262740 -0.739961 0.000000 170 3
1.311161 -0.752428 0.000000 170 3
1.359213 -0.766251 0.000000 170 3
1.406910 -0.781251 0.000000 170 3
1.454278 -0.797259 0.000000 170 3
1.501352 -0.814112 0.000000 170 3
1.548173 -0.831656 0.000000 170 3
1.594787 -0.849742 0.000000 170 3
1.641244 -0.868229 0.000000 170 3
1.687595 -0.886978 0.000000 170 3
1.733896 -0.905854 0.000000 170 3
1.780200 -0.924721 0.000000 170 3
1.826561 -0.943445 0.000000 170 3
1.873034 -0.961891 0.000000 170 3
1.919671 -0.979920 0.000000 170 3
1.966520 -0.997387 0.000000 170 3
2.013628 -1.014146 0.000000 170 3
2.061035 -1.030040 0.000000 170 3
2.108773 -1.044907 0.000000 170 3
2.156869 -1.058575 0.000000 170 3
2.205335 -1.070864 0.000000 170 3
2.254172 -1.081587 0.000000 170 3
2.303362 -1.090549 0.000000 170 3
2.352869 -1.097552 0.000000 170 3
2.402634 -1.102394 0.000000 170 3
2.452572 -1.104881 0.000000 170 3
0.000000 0.000000 0.000000 171 3
0.050000 0.000000 0.000000 171 3
0.100000 0.000000 0.000000 171 3
0.150000 0.000000 0.000000 171 3
0.200000 0.000000 0.000000 171 3
0.250000 0.000000 0.000000 171 3
0.300000 0.000000 0.000000 171 3
0.350000 0.000000 0.000000 171 3
0.400000 0.000000 0.000000 171 3
0.450000 0.000000 0.000000 171 3
0.500000 0.000000 0.000000 171 3
0.550000 0.000000 0.000000 171 3
0.600000 0.000000 0.000000 171 3
0.650000 0.000000 0.000000 171 3
0.700000 0.000000 0.000000 171 3
0.750000 0.000000 0.000000 171 3
0.800000 0.000000 0.000000 171 3
0.850000 0.000000 0.000000 171 3
0.900000 0.000000 0.000000 171 3
0.950000 0.000000 0.000000 171 3
1.000000 0.000000 0.000000 171 3
1.050000 0.000000 0.000000 171 3
1.100000 0.000000 0.000000 171 3
1.150000 0.000000 0.000000 171 3
1.200000 0.000000 0.000000 171 3
1.250000 0.000000 0.000000 171 3
1.300000 0.000000 0.000000 171 3
1.350000 0.000000 0.000000 171 3
1.400000 0.000000 0.000000 171 3
1.450000 0.000000 0.000000 171 3
1.500000 0.000000 0.000000 171 3
1.550000 0.000000 0.000000 171 3
1.600000 0.000000 0.000000 171 3
1.650000 0.000000 0.000000 171 3
1.700000 0.000000 0.000000 171 3
1.750000 0.000000 0.000000 171 3
1.800000 0.000000 0.000000 171 3
1.850000 0.000000 0.000000 171 3
1.900000 0.000000 0.000000 171 3
1.950000 0.000000 0.000000 171 3
2.000000 0.000000 0.000000 171 3
2.050000 0.000000 0.000000 171 3
2.100000 0.000000 0.000000 171 3
2.150000 0.000000 0.000000 171 3
2.200000 0.000000 0.000000 171 3
2.250000 0.000000 0.000000 171 3
2.300000 0.000000 0.000000 171 3
2.350000 0.000000 0.000000 171 3
2.400000 0.000000 0.000000 171 3
2.450000 0.000000 0.000000 171 3
2.500000 0.000000 0.000000 171 3
2.550000 0.000000 0.000000 171 3
2.600000 0.000000 0.000000 171 3
2.650000 0.000000 0.000000 171 3
2.700000 0.000000 0.000000 171 3
2.750000 0.000000 0.000000 171 3
2.800000 0.000000 0.000000 171 3
2.850000 0.000000 0.000000 171 3
2.900000 0.000000 0.000000 171 3
2.950000 0.000000 0.000000 171 3
3.000000 0.000000 0.000000 171 3
0.000000 1.651577 0.000000 172 3
0.016537 1.604391 0.000000 172 3
0.033461 1.557342 0.000000 172 3
0.051202 1.510595 0.000000 172 3
0.069816 1.464189 0.000000 172 3
0.089359 1.418167 0.000000 172 3
0.109895 1.372579 0.000000 172 3
0.131490 1.327482 0.000000 172 3
0.154212 1.282944 0.000000 172 3
0.178135 1.239038 0.000000 172 3
0.203333 1.195852 0.000000 172 3
0.229882 1.153483 0.000000 172 3
0.257860 1.112043 0.000000 172 3
0.287341 1.071659 0.000000 172 3
0.318395 1.032472 0.000000 172 3
0.351084 0.994638 0.000000 172 3
0.385460 0.958329 0.000000 172 3
0.421558 0.923732 0.000000 172 3
0.459391 0.891043 0.000000 172 3
0.498950 0.860463 0.000000 172 3
0.540194 0.832197 0.000000 172 3
0.583048 0.806438 0.000000 172 3
0.627405 0.783363 0.000000 172 3
0.673125 0.763123 0.000000 172 3
0.720040 0.745832 0.000000 172 3
0.767961 0.731562 0.000000 172 3
0.816684 0.720334 0.000000 172 3
0.866005 0.712125 0.000000 172 3
0.915728 0.706864 0.000000 172 3
0.965669 0.704437 0.000000 172 3
1.015668 0.704701 0.000000 172 3
1.065590 0.707484 0.000000 172 3
1.115328 0.712600 0.000000 172 3
1.164799 0.719851 0.000000 172 3
1.213948 0.729038 0.000000 172 3
1.262740 0.739961 0.000000 172 3
1.311161 0.752428 0.000000 172 3
1.359213 0.766251 0.000000 172 3
1.406910 0.781251 0.000000 172 3
1.454278 0.797259 0.000000 172 3
1.501352 0.814112 0.000000 172 3
1.548173 0.831656 0.000000 172 3
1.594787 0.849742 0.000000 172 3
1.641244 0.868229 0.000000 172 3
1.687595 0.886978 0.000000 172 3
1.733896 0.905854 0.000000 172 3
1.780200 0.924721 0.000000 172 3
1.826561 0.943445 0.000000 172 3
1.873034 0.961891 0.000000 172 3
1.919671 0.979920 0.000000 172 3
1.966520 0.997387 0.000000 172 3
2.013628 1.014146 0.000000 172 3
2.061035 1.030040 0.000000 172 3
2.108773 1.044907 0.000000 172 3
2.156869 1.058575 0.000000 172 3
2.205335 1.070864 0.000000 172 3
2.254172 1.081587 0.000000 172 3
2.303362 1.090549 0.000000 172 3
2.352869 1.097552 0.000000 172 3
2.402634 1.102394 0.000000 172 3
2.452572 1.104881 0.000000 172 3
0.000000 2.477365 0.000000 173 3
0.011376 2.428676 0.000000 173 3
0.023036 2.380055 0.000000 173 3
0.035300 2.331582 0.000000 173 3
0.048216 2.283279 0.000000 173 3
0.061836 2.235170 0.000000 173 3
0.076217 2.187283 0.000000 173 3
0.091423 2.139651 0.000000 173 3
0.107523 2.092314 0.000000 173 3
0.124593 2.045318 0.000000 173 3
0.142719 1.998720 0.000000 173 3
0.161993 1.952584 0.000000 173 3
0.182515 1.906989 0.000000 173 3
0.204395 1.862031 0.000000 173 3
0.227751 1.817821 0.000000 173 3
0.252707 1.774495 0.000000 173 3
0.279395 1.732213 0.000000 173 3
0.307946 1.691166 0.000000 173 3
0.338490 1.651580 0.000000 173 3
0.371145 1.613716 0.000000 173 3
0.406008 1.577876 0.000000 173 3
0.443143 1.544394 0.000000 173 3
0.482562 1.513635 0.000000 173 3
0.524215 1.485976 0.000000 173 3
0.567974 1.461785 0.000000 173 3
0.613626 1.441392 0.000000 173 3
0.660882 1.425057 0.000000 173 3
0.709394 1.412946 0.000000 173 3
0.758775 1.405108 0.000000 173 3
0.808643 1.401474 0.000000 173 3
0.858641 1.401869 0.000000 173 3
0.908468 1.406036 0.000000 173 3
0.957883 1.413660 0.000000 173 3
1.006717 1.424396 0.000000 173 3
1.054860 1.437895 0.000000 173 3
1.102259 1.453812 0.000000 173 3
1.148901 1.471825 0.000000 173 3
1.194810 1.491635 0.000000 173 3
1.240031 1.512967 0.000000 173 3
1.284628 1.535574 0.000000 173 3
1.328678 1.559230 0.000000 173 3
1.372265 1.583728 0.000000 173 3
1.415479 1.608879 0.000000 173 3
1.458412 1.634506 0.000000 173 3
1.501159 1.660443 0.000000 173 3
1.543816 1.686527 0.000000 173 3
1.586478 1.712602 0.000000 173 3
1.629243 1.738510 0.000000 173 3
1.672205 1.764088 0.000000 173 3
1.715459 1.789170 0.000000 173 3
1.759098 1.813576 0.000000 173 3
1.803210 1.837115 0.000000 173 3
1.847879 1.859580 0.000000 173 3
1.893180 1.880741 0.000000 173 3
1.939176 1.900348 0.000000 173 3
1.985910 1.918123 0.000000 173 3
2.033400 1.933764 0.000000 173 3
2.081631 1.946945 0.000000 173 3
2.130543 1.957322 0.000000 173 3
2.180018 1.964544 0.000000 173 3
2.229880 1.968269 0.000000 173 3
0.000000 2.787036 0.000000 174 3
0.010167 2.738080 0.000000 174 3
0.020591 2.689179 0.000000 174 3
0.031562 2.640397 0.000000 174 3
0.043124 2.591753 0.000000 174 3
0.055326 2.543264 0.000000 174 3
0.068222 2.494956 0.000000 174 3
0.081871 2.446855 0.000000 174 3
0.096341 2.398994 0.000000 174 3
0.111704 2.351413 0.000000 174 3
0.128043 2.304158 0.000000 174 3
0.145448 2.257286 0.000000 174 3
0.164021 2.210863 0.000000 174 3
0.183873 2.164973 0.000000 174 3
0.205126 2.119715 0.000000 174 3
0.227914 2.075209 0.000000 174 3
0.252379 2.031604 0.000000 174 3
0.278673 1.989076 0.000000 174 3
0.306953 1.947842 0.000000 174 3
0.337374 1.908161 0.000000 174 3
0.370076 1.870338 0.000000 174 3
0.405179 1.834732 0.000000 174 3
0.442755 1.801747 0.000000 174 3
0.482812 1.771823 0.000000 174 3
0.525270 1.745416 0.000000 174 3
0.569946 1.722965 0.000000 174 3
0.616547 1.704844 0.000000 174 3
0.664684 1.691324 0.000000 174 3
0.713906 1.682534 0.000000 174 3
0.763738 1.678449 0.000000 174 3
0.813736 1.678894 0.000000 174 3
0.863517 1.683577 0.000000 174 3
0.912780 1.692127 0.000000 174 3
0.961317 1.704133 0.000000 174 3
1.009002 1.719173 0.000000 174 3
1.055775 1.736844 0.000000 174 3
1.101634 1.756768 0.000000 174 3
1.146614 1.778603 0.000000 174 3
1.190780 1.802043 0.000000 174 3
1.234213 1.826812 0.000000 174 3
1.277010 1.852667 0.000000 174 3
1.319270 1.879388 0.000000 174 3
1.361101 1.906778 0.000000 174 3
1.402610 1.934652 0.000000 174 3
1.443907 1.962841 0.000000 174 3
1.485100 1.991180 0.000000 174 3
1.526301 2.019509 0.000000 174 3
1.567617 2.047668 0.000000 174 3
1.609160 2.075493 0.000000 174 3
1.651037 2.102811 0.000000 174 3
1.693357 2.129438 0.000000 174 3
1.736226 2.155174 0.000000 174 3
1.779743 2.179795 0.000000 174 3
1.824004 2.203054 0.000000 174 3
1.869088 2.224675 0.000000 174 3
1.915056 2.244344 0.000000 174 3
1.961942 2.261716 0.000000 174 3
2.009734 2.276410 0.000000 174 3
2.058368 2.288018 0.000000 174 3
2.107707 2.296120 0.000000 174 3
2.157531 2.300307 0.000000 174 3
0.000000 -4.890685 0.000000 175 3
0.006524 -4.841113 0.000000 175 3
0.013188 -4.791559 0.000000 175 3
0.020148 -4.742046 0.000000 175 3
0.027425 -4.692578 0.000000 175 3
0.035040 -4.643161 0.000000 175 3
0.043017 -4.593802 0.000000 175 3
0.051383 -4.544507 0.000000 175 3
0.060167 -4.495284 0.000000 175 3
0.069400 -4.446144 0.000000 175 3
0.079118 -4.397098 0.000000 175 3
0.089359 -4.348158 0.000000 175 3
0.100165 -4.299339 0.000000 175 3
0.111584 -4.250661 0.000000 175 3
0.123667 -4.202143 0.000000 175 3
0.136474 -4.153811 0.000000 175 3
0.150067 -4.105694 0.000000 175 3
0.164518 -4.057828 0.000000 175 3
0.179906 -4.010255 0.000000 175 3
0.196319 -3.963025 0.000000 175 3
0.213855 -3.916201 0.000000 175 3
0.232619 -3.869856 0.000000 175 3
0.252731 -3.824079 0.000000 175 3
0.274318 -3.778979 0.000000 175 3
0.297518 -3.734687 0.000000 175 3
0.322479 -3.691363 0.000000 175 3
0.349351 -3.649199 0.000000 175 3
0.378287 -3.608422 0.000000 175 3
0.409428 -3.569304 0.000000 175 3
0.442897 -3.532158 0.000000 175 3
0.478781 -3.497339 0.000000 175 3
0.517113 -3.465235 0.000000 175 3
0.557853 -3.436248 0.000000 175 3
0.600873 -3.410767 0.000000 175 3
0.645952 -3.389136 0.000000 175 3
0.692782 -3.371616 0.000000 175 3
0.740989 -3.358348 0.000000 175 3
0.790172 -3.349345 0.000000 175 3
0.839935 -3.344485 0.000000 175 3
0.889926 -3.343533 0.000000 175 3
0.939857 -3.346170 0.000000 175 3
0.989513 -3.352024 0.000000 175 3
1.038754 -3.360701 0.000000 175 3
1.087506 -3.371804 0.000000 175 3
1.135746 -3.384951 0.000000 175 3
1.183497 -3.399779 0.000000 175 3
1.230810 -3.415950 0.000000 175 3
1.277760 -3.433145 0.000000 175 3
1.324437 -3.451067 0.000000 175 3
1.370943 -3.469432 0.000000 175 3
1.417382 -3.487963 0.000000 175 3
1.463862 -3.506391 0.000000 175 3
1.510491 -3.524440 0.000000 175 3
1.557370 -3.541829 0.000000 175 3
1.604592 -3.558263 0.000000 175 3
1.652236 -3.573430 0.000000 175 3
1.700360 -3.586997 0.000000 175 3
1.748994 -3.598605 0.000000 175 3
1.798127 -3.607876 0.000000 175 3
1.847697 -3.614417 0.000000 175 3
1.897581 -3.617830 0.000000 175 3
0.000000 -5.824155 0.000000 176 3
0.005566 -5.774466 0.000000 176 3
0.011248 -5.724790 0.000000 176 3
0.017177 -5.675143 0.000000 176 3
0.023370 -5.625527 0.000000 176 3
0.029843 -5.575948 0.000000 176 3
0.036617 -5.526409 0.000000 176 3
0.043712 -5.476915 0.000000 176 3
0.051153 -5.427472 0.000000 176 3
0.058965 -5.378086 0.000000 176 3
0.067177 -5.328765 0.000000 176 3
0.075818 -5.279517 0.000000 176 3
0.084925 -5.230354 0.000000 176 3
0.094535 -5.181286 0.000000 176 3
0.104689 -5.132328 0.000000 176 3
0.115436 -5.083496 0.000000 176 3
0.126827 -5.034811 0.000000 176 3
0.138919 -4.986296 0.000000 176 3
0.151778 -4.937977 0.000000 176 3
0.165476 -4.889890 0.000000 176 3
0.180093 -4.842075 0.000000 176 3
0.195719 -4.794579 0.000000 176 3
0.212454 -4.747463 0.000000 176 3
0.230410 -4.700798 0.000000 176 3
0.249710 -4.654673 0.000000 176 3
0.270489 -4.609195 0.000000 176 3
0.292895 -4.564497 0.000000 176 3
0.317087 -4.520739 0.000000 176 3
0.343231 -4.478119 0.000000 176 3
0.371495 -4.436874 0.000000 176 3
0.402040 -4.397288 0.000000 176 3
0.435008 -4.359697 0.000000 176 3
0.470503 -4.324482 0.000000 176 3
0.508571 -4.292065 0.000000 176 3
0.549174 -4.262886 0.000000 176 3
0.592175 -4.237374 0.000000 176 3
0.637329 -4.215900 0.000000 176 3
0.684291 -4.198738 0.000000 176 3
0.732648 -4.186025 0.000000 176 3
0.781958 -4.177743 0.000000 176 3
0.831796 -4.173725 0.000000 176 3
0.881796 -4.173681 0.000000 176 3
0.931669 -4.177234 0.000000 176 3
0.981215 -4.183962 0.000000 176 3
1.030311 -4.193424 0.000000 176 3
1.078908 -4.205188 0.000000 176 3
1.127008 -4.218839 0.000000 176 3
1.174658 -4.233989 0.000000 176 3
1.221931 -4.250275 0.000000 176 3
1.268924 -4.267353 0.000000 176 3
1.315744 -4.284900 0.000000 176 3
1.362506 -4.302600 0.000000 176 3
1.409328 -4.320143 0.000000 176 3
1.456324 -4.337212 0.000000 176 3
1.503603 -4.353482 0.000000 176 3
1.551258 -4.368613 0.000000 176 3
1.599366 -4.382239 0.000000 176 3
1.647970 -4.393971 0.000000 176 3
1.697074 -4.403395 0.000000 176 3
1.746625 -4.410079 0.000000 176 3
1.796502 -4.413581 0.000000 176 3
0.000000 -6.836528 0.000000 177 3
0.004832 -6.786762 0.000000 177 3
0.009762 -6.737006 0.000000 177 3
0.014899 -6.687270 0.000000 177 3
0.020256 -6.637558 0.000000 177 3
0.025846 -6.587872 0.000000 177 3
0.031687 -6.538214 0.000000 177 3
0.037794 -6.488588 0.000000 177 3
0.044187 -6.438999 0.000000 177 3
0.050886 -6.389450 0.000000 177 3
0.057913 -6.339946 0.000000 177 3
0.065293 -6.290493 0.000000 177 3
0.073053 -6.241099 0.000000 177 3
0.081223 -6.191771 0.000000 177 3
0.089836 -6.142519 0.000000 177 3
0.098928 -6.093352 0.000000 177 3
0.108541 -6.044285 0.000000 177 3
0.118717 -5.995332 0.000000 177 3
0.129509 -5.946510 0.000000 177 3
0.140971 -5.897842 0.000000 177 3
0.153167 -5.849352 0.000000 177 3
0.166164 -5.801071 0.000000 177 3
0.180042 -5.753035 0.000000 177 3
0.194888 -5.705290 0.000000 177 3
0.210798 -5.657889 0.000000 177 3
0.227882 -5.610898 0.000000 177 3
0.246260 -5.564398 0.000000 177 3
0.266065 -5.518488 0.000000 177 3
0.287444 -5.473289 0.000000 177 3
0.310556 -5.428951 0.000000 177 3
0.335569 -5.385657 0.000000 177 3
0.362654 -5.343629 0.000000 177 3
0.391984 -5.303135 0.000000 177 3
0.423713 -5.264492 0.000000 177 3
0.457968 -5.228069 0.000000 177 3
0.494819 -5.194276 0.000000 177 3
0.534265 -5.163551 0.000000 177 3
0.576205 -5.136330 0.000000 177 3
0.620431 -5.113004 0.000000 177 3
0.666628 -5.093876 0.000000 177 3
0.714401 -5.079120 0.000000 177 3
0.763314 -5.068753 0.000000 177 3
0.812939 -5.062637 0.000000 177 3
0.862893 -5.060499 0.000000 177 3
0.912871 -5.061971 0.000000 177 3
0.962654 -5.066623 0.000000 177 3
1.012107 -5.074002 0.000000 177 3
1.061166 -5.083654 0.000000 177 3
1.109829 -5.095141 0.000000 177 3
1.158135 -5.108045 0.000000 177 3
1.206157 -5.121970 0.000000 177 3
1.253988 -5.136538 0.000000 177 3
1.301733 -5.151384 0.000000 177 3
1.349503 -5.166150 0.000000 177 3
1.397407 -5.180474 0.000000 177 3
1.445546 -5.193986 0.000000 177 3
1.494006 -5.206302 0.000000 177 3
1.542845 -5.217015 0.000000 177 3
1.592085 -5.225699 0.000000 177 3
1.641698 -5.231905 0.000000 177 3
1.691591 -5.235179 0.000000 177 3
0.000000 -7.876688 0.000000 178 3
0.004297 -7.826873 0.000000 178 3
0.008678 -7.777066 0.000000 178 3
0.013232 -7.727273 0.000000 178 3
0.017970 -7.677498 0.000000 178 3
0.022904 -7.627743 0.000000 178 3
0.028047 -7.578008 0.000000 178 3
0.033410 -7.528296 0.000000 178 3
0.039010 -7.478611 0.000000 178 3
0.044862 -7.428954 0.000000 178 3
0.050983 -7.379330 0.000000 178 3
0.057392 -7.329743 0.000000 178 3
0.064109 -7.280196 0.000000 178 3
0.071158 -7.230695 0.000000 178 3
0.078562 -7.181247 0.000000 178 3
0.086350 -7.131857 0.000000 178 3
0.094551 -7.082534 0.000000 178 3
0.103199 -7.033288 0.000000 178 3
0.112329 -6.984128 0.000000 178 3
0.121984 -6.935069 0.000000 178 3
0.132207 -6.886126 0.000000 178 3
0.143049 -6.837315 0.000000 178 3
0.154566 -6.788660 0.000000 178 3
0.166819 -6.740184 0.000000 178 3
0.179877 -6.691920 0.000000 178 3
0.193819 -6.643903 0.000000 178 3
0.208729 -6.596178 0.000000 178 3
0.224704 -6.548798 0.000000 178 3
0.241849 -6.501830 0.000000 178 3
0.260282 -6.455352 0.000000 178 3
0.280133 -6.409461 0.000000 178 3
0.301540 -6.364275 0.000000 178 3
0.324656 -6.319939 0.000000 178 3
0.349637 -6.276628 0.000000 178 3
0.376646 -6.234550 0.000000 178 3
0.405838 -6.193956 0.000000 178 3
0.437354 -6.155140 0.000000 178 3
0.471304 -6.118433 0.000000 178 3
0.507752 -6.084205 0.000000 178 3
0.546691 -6.052840 0.000000 178 3
0.588030 -6.024714 0.000000 178 3
0.631588 -6.000164 0.000000 178 3
0.677093 -5.979444 0.000000 178 3
0.724204 -5.962695 0.000000 178 3
0.772546 -5.949927 0.000000 178 3
0.821746 -5.941014 0.000000 178 3
0.871464 -5.935712 0.000000 178 3
0.921422 -5.933685 0.000000 178 3
0.971415 -5.934537 0.000000 178 3
1.021306 -5.937842 0.000000 178 3
1.071022 -5.943161 0.000000 178 3
1.120544 -5.950059 0.000000 178 3
1.169892 -5.958110 0.000000 178 3
1.219113 -5.966899 0.000000 178 3
1.268274 -5.976021 0.000000 178 3
1.317448 -5.985073 0.000000 178 3
1.366706 -5.993653 0.000000 178 3
1.416110 -6.001352 0.000000 178 3
1.465699 -6.007751 0.000000 178 3
1.515480 -6.012422 0.000000 178 3
1.565417 -6.014926 0.000000 178 3
0.000000 -8.850674 0.000000 179 3
0.003955 -8.800831 0.000000 179 3
0.007980 -8.750993 0.000000 179 3
0.012152 -8.701168 0.000000 179 3
0.016479 -8.651355 0.000000 179 3
0.020969 -8.601557 0.000000 179 3
0.025632 -8.551775 0.000000 179 3
0.030478 -8.502011 0.000000 179 3
0.035518 -8.452265 0.000000 179 3
0.040764 -8.402541 0.000000 179 3
0.046228 -8.352841 0.000000 179 3
0.051924 -8.303166 0.000000 179 3
0.057867 -8.253521 0.000000 179 3
0.064074 -8.203907 0.000000 179 3
0.070561 -8.154330 0.000000 179 3
0.077348 -8.104793 0.000000 179 3
0.084457 -8.055301 0.000000 179 3
0.091909 -8.005859 0.000000 179 3
0.099729 -7.956475 0.000000 179 3
0.107946 -7.907154 0.000000 179 3
0.116589 -7.857907 0.000000 179 3
0.125691 -7.808742 0.000000 179 3
0.135288 -7.759672 0.000000 179 3
0.145421 -7.710710 0.000000 179 3
0.156133 -7.661870 0.000000 179 3
0.167472 -7.613173 0.000000 179 3
0.179493 -7.564640 0.000000 179 3
0.192255 -7.516296 0.000000 179 3
0.205824 -7.468172 0.000000 179 3
0.220271 -7.420305 0.000000 179 3
0.235676 -7.372737 0.000000 179 3
0.252127 -7.325521 0.000000 179 3
0.269721 -7.278719 0.000000 179 3
0.288561 -7.232404 0.000000 179 3
0.308762 -7.186667 0.000000 179 3
0.330444 -7.141612 0.000000 179 3
0.353734 -7.097368 0.000000 179 3
0.378765 -7.054084 0.000000 179 3
0.405667 -7.011939 0.000000 179 3
0.434565 -6.971135 0.000000 179 3
0.465571 -6.931910 0.000000 179 3
0.498769 -6.894521 0.000000 179 3
0.534210 -6.859252 0.000000 179 3
0.571896 -6.826392 0.000000 179 3
0.611768 -6.796223 0.000000 179 3
0.653706 -6.768997 0.000000 179 3
0.697523 -6.744912 0.000000 179 3
0.742982 -6.724093 0.000000 179 3
0.789811 -6.706570 0.000000 179 3
0.837725 -6.692280 0.000000 179 3
0.886451 -6.681063 0.000000 179 3
0.935744 -6.672681 0.000000 179 3
0.985401 -6.666835 0.000000 179 3
1.035267 -6.663178 0.000000 179 3
1.085233 -6.661341 0.000000 179 3
1.135231 -6.660935 0.000000 179 3
1.185227 -6.661568 0.000000 179 3
1.235211 -6.662847 0.000000 179 3
1.285187 -6.664377 0.000000 179 3
1.335168 -6.665766 0.000000 179 3
1.385161 -6.666618 0.000000 179 3
0.000000 -7.199098 0.000000 180 3
0.005102 -7.149359 0.000000 180 3
0.010281 -7.099628 0.000000 180 3
0.015622 -7.049914 0.000000 180 3
0.021132 -7.000218 0.000000 180 3
0.026819 -6.950543 0.000000 180 3
0.032691 -6.900889 0.000000 180 3
0.038758 -6.851258 0.000000 180 3
0.045029 -6.801653 0.000000 180 3
0.051515 -6.752075 0.000000 180 3
0.058227 -6.702528 0.000000 180 3
0.065176 -6.653013 0.000000 180 3
0.072376 -6.603534 0.000000 180 3
0.079840 -6.554095 0.000000 180 3
0.087582 -6.504698 0.000000 180 3
0.095618 -6.455348 0.000000 180 3
0.103965 -6.406049 0.000000 180 3
0.112640 -6.356808 0.000000 180 3
0.121662 -6.307628 0.000000 180 3
0.131054 -6.258518 0.000000 180 3
0.140836 -6.209484 0.000000 180 3
0.151032 -6.160535 0.000000 180 3
0.161670 -6.111680 0.000000 180 3
0.172776 -6.062929 0.000000 180 3
0.184381 -6.014294 0.000000 180 3
0.196518 -5.965790 0.000000 180 3
0.209221 -5.917430 0.000000 180 3
0.222528 -5.869234 0.000000 180 3
0.236482 -5.821220 0.000000 180 3
0.251126 -5.773413 0.000000 180 3
0.266507 -5.725837 0.000000 180 3
0.282678 -5.678525 0.000000 180 3
0.299694 -5.631509 0.000000 180 3
0.317614 -5.584831 0.000000 180 3
0.336501 -5.538535 0.000000 180 3
0.356424 -5.492676 0.000000 180 3
0.377453 -5.447313 0.000000 180 3
0.399664 -5.402517 0.000000 180 3
0.423134 -5.358368 0.000000 180 3
0.447942 -5.314956 0.000000 180 3
0.474168 -5.272387 0.000000 180 3
0.501892 -5.230776 0.000000 180 3
0.531187 -5.190257 0.000000 180 3
0.562120 -5.150975 0.000000 180 3
0.594749 -5.113088 0.000000 180 3
0.629113 -5.076769 0.000000 180 3
0.665235 -5.042197 0.000000 180 3
0.703109 -5.009554 0.000000 180 3
0.742704 -4.979022 0.000000 180 3
0.783958 -4.950771 0.000000 180 3
0.826775 -4.924950 0.000000 180 3
0.871030 -4.901681 0.000000 180 3
0.916575 -4.881049 0.000000 180 3
0.963240 -4.863095 0.000000 180 3
1.010848 -4.847814 0.000000 180 3
1.059219 -4.835157 0.000000 180 3
1.108182 -4.825026 0.000000 180 3
1.157580 -4.817290 0.000000 180 3
1.207276 -4.811783 0.000000 180 3
1.257156 -4.808314 0.000000 180 3
1.307129 -4.806678 0.000000 180 3
0.000000 -5.547521 0.000000 181 3
0.007176 -5.498039 0.000000 181 3
0.014428 -5.448567 0.000000 181 3
0.021838 -5.399119 0.000000 181 3
0.029411 -5.349696 0.000000 181 3
0.037152 -5.300299 0.000000 181 3
0.045069 -5.250930 0.000000 181 3
0.053168 -5.201590 0.000000 181 3
0.061456 -5.152282 0.000000 181 3
0.069939 -5.103007 0.000000 181 3
0.078626 -5.053767 0.000000 181 3
0.087525 -5.004566 0.000000 181 3
0.096644 -4.955404 0.000000 181 3
0.105992 -4.906286 0.000000 181 3
0.115580 -4.857214 0.000000 181 3
0.125416 -4.808191 0.000000 181 3
0.135513 -4.759221 0.000000 181 3
0.145880 -4.710307 0.000000 181 3
0.156532 -4.661455 0.000000 181 3
0.167479 -4.612668 0.000000 181 3
0.178737 -4.563952 0.000000 181 3
0.190320 -4.515312 0.000000 181 3
0.202243 -4.466755 0.000000 181 3
0.214523 -4.418286 0.000000 181 3
0.227179 -4.369914 0.000000 181 3
0.240228 -4.321647 0.000000 181 3
0.253692 -4.273494 0.000000 181 3
0.267592 -4.225465 0.000000 181 3
0.281952 -4.177572 0.000000 181 3
0.296798 -4.129826 0.000000 181 3
0.312156 -4.082243 0.000000 181 3
0.328055 -4.034839 0.000000 181 3
0.344528 -3.987630 0.000000 181 3
0.361607 -3.940638 0.000000 181 3
0.379330 -3.893884 0.000000 181 3
0.397736 -3.847395 0.000000 181 3
0.416868 -3.801200 0.000000 181 3
0.436771 -3.755332 0.000000 181 3
0.457495 -3.709829 0.000000 181 3
0.479094 -3.664735 0.000000 181 3
0.501624 -3.620099 0.000000 181 3
0.525148 -3.575978 0.000000 181 3
0.549730 -3.532439 0.000000 181 3
0.575442 -3.489556 0.000000 181 3
0.602356 -3.447418 0.000000 181 3
0.630551 -3.406125 0.000000 181 3
0.660106 -3.365795 0.000000 181 3
0.691102 -3.326562 0.000000 181 3
0.723620 -3.288581 0.000000 181 3
0.757736 -3.252029 0.000000 181 3
0.793520 -3.217107 0.000000 181 3
0.831027 -3.184043 0.000000 181 3
0.870294 -3.153090 0.000000 181 3
0.911329 -3.124522 0.000000 181 3
0.954107 -3.098636 0.000000 181 3
0.998554 -3.075735 0.000000 181 3
1.044546 -3.056121 0.000000 181 3
1.091902 -3.040077 0.000000 181 3
1.140383 -3.027846 0.000000 181 3
1.189701 -3.019618 0.000000 181 3
1.239532 -3.015505 0.000000 181 3
0.000000 -6.160248 0.000000 182 3
0.005308 -6.110530 0.000000 182 3
0.010725 -6.060824 0.000000 182 3
0.016374 -6.011145 0.000000 182 3
0.022269 -5.961493 0.000000 182 3
0.028427 -5.911874 0.000000 182 3
0.034866 -5.862290 0.000000 182 3
0.041606 -5.812747 0.000000 182 3
0.048667 -5.763248 0.000000 182 3
0.056073 -5.713799 0.000000 182 3
0.063850 -5.664408 0.000000 182 3
0.072027 -5.615081 0.000000 182 3
0.080635 -5.565827 0.000000 182 3
0.089708 -5.516658 0.000000 182 3
0.099285 -5.467583 0.000000 182 3
0.109407 -5.418619 0.000000 182 3
0.120123 -5.369780 0.000000 182 3
0.131483 -5.321088 0.000000 182 3
0.143547 -5.272565 0.000000 182 3
0.156379 -5.224240 0.000000 182 3
0.170052 -5.176146 0.000000 182 3
0.184646 -5.128323 0.000000 182 3
0.200252 -5.080821 0.000000 182 3
0.216970 -5.033698 0.000000 182 3
0.234911 -4.987028 0.000000 182 3
0.254200 -4.940899 0.000000 182 3
0.274972 -4.895418 0.000000 182 3
0.297374 -4.850717 0.000000 182 3
0.321565 -4.806959 0.000000 182 3
0.347709 -4.764338 0.000000 182 3
0.375974 -4.723094 0.000000 182 3
0.406519 -4.683508 0.000000 182 3
0.439482 -4.645913 0.000000 182 3
0.474965 -4.610686 0.000000 182 3
0.513009 -4.578241 0.000000 182 3
0.553574 -4.549010 0.000000 182 3
0.596523 -4.523408 0.000000 182 3
0.641610 -4.501794 0.000000 182 3
0.688497 -4.484428 0.000000 182 3
0.736779 -4.471433 0.000000 182 3
0.786025 -4.462782 0.000000 182 3
0.835824 -4.458305 0.000000 182 3
0.885820 -4.457709 0.000000 182 3
0.935735 -4.460620 0.000000 182 3
0.985374 -4.466618 0.000000 182 3
1.034621 -4.475265 0.000000 182 3
1.083426 -4.486129 0.000000 182 3
1.131796 -4.498794 0.000000 182 3
1.179774 -4.512869 0.000000 182 3
1.227435 -4.527984 0.000000 182 3
1.274872 -4.543787 0.000000 182 3
1.322190 -4.559942 0.000000 182 3
1.369501 -4.576118 0.000000 182 3
1.416915 -4.591988 0.000000 182 3
1.464540 -4.607215 0.000000 182 3
1.512471 -4.621451 0.000000 182 3
1.560784 -4.634328 0.000000 182 3
1.609530 -4.645458 0.000000 182 3
1.658718 -4.654428 0.000000 182 3
1.708310 -4.660808 0.000000 182 3
1.758197 -4.664159 0.000000 182 3
0.000000 -7.691094 0.000000 183 3
0.004299 -7.641279 0.000000 183 3
0.008686 -7.591472 0.000000 183 3
0.013257 -7.541682 0.000000 183 3
0.018024 -7.491909 0.000000 183 3
0.023000 -7.442158 0.000000 183 3
0.028199 -7.392429 0.000000 183 3
0.033637 -7.342725 0.000000 183 3
0.039329 -7.293050 0.000000 183 3
0.045295 -7.243407 0.000000 183 3
0.051554 -7.193801 0.000000 183 3
0.058129 -7.144235 0.000000 183 3
0.065045 -7.094715 0.000000 183 3
0.072327 -7.045249 0.000000 183 3
0.080007 -6.995842 0.000000 183 3
0.088118 -6.946504 0.000000 183 3
0.096695 -6.897245 0.000000 183 3
0.105781 -6.848078 0.000000 183 3
0.115421 -6.799016 0.000000 183 3
0.125666 -6.750077 0.000000 183 3
0.136574 -6.701281 0.000000 183 3
0.148211 -6.652654 0.000000 183 3
0.160648 -6.604226 0.000000 183 3
0.173967 -6.556032 0.000000 183 3
0.188263 -6.508120 0.000000 183 3
0.203638 -6.460542 0.000000 183 3
0.220210 -6.413368 0.000000 183 3
0.238112 -6.366683 0.000000 183 3
0.257492 -6.320592 0.000000 183 3
0.278512 -6.275225 0.000000 183 3
0.301353 -6.230747 0.000000 183 3
0.326207 -6.187362 0.000000 183 3
0.353273 -6.145321 0.000000 183 3
0.382750 -6.104934 0.000000 183 3
0.414819 -6.066573 0.000000 183 3
0.449620 -6.030671 0.000000 183 3
0.487225 -5.997719 0.000000 183 3
0.527605 -5.968233 0.000000 183 3
0.570606 -5.942719 0.000000 183 3
0.615930 -5.921607 0.000000 183 3
0.663160 -5.905195 0.000000 183 3
0.711796 -5.893598 0.000000 183 3
0.761322 -5.886731 0.000000 183 3
0.811264 -5.884326 0.000000 183 3
0.861237 -5.885982 0.000000 183 3
0.910963 -5.891209 0.000000 183 3
0.960273 -5.899487 0.000000 183 3
1.009092 -5.910292 0.000000 183 3
1.057417 -5.923125 0.000000 183 3
1.105301 -5.937516 0.000000 183 3
1.152836 -5.953022 0.000000 183 3
1.200136 -5.969229 0.000000 183 3
1.247332 -5.985740 0.000000 183 3
1.294558 -6.002162 0.000000 183 3
1.341948 -6.018103 0.000000 183 3
1.389628 -6.033160 0.000000 183 3
1.437701 -6.046904 0.000000 183 3
1.486245 -6.058884 0.000000 183 3
1.535289 -6.068614 0.000000 183 3
1.584801 -6.075582 0.000000 183 3
1.634665 -6.079263 0.000000 183 3
0.000000 -7.168525 0.000000 184 3
0.004660 -7.118743 0.000000 184 3
0.009412 -7.068969 0.000000 184 3
0.014358 -7.019214 0.000000 184 3
0.019511 -6.969480 0.000000 184 3
0.024883 -6.919770 0.000000 184 3
0.030489 -6.870085 0.000000 184 3
0.036344 -6.820429 0.000000 184 3
0.042466 -6.770805 0.000000 184 3
0.048872 -6.721217 0.000000 184 3
0.055583 -6.671670 0.000000 184 3
0.062621 -6.622168 0.000000 184 3
0.070011 -6.572717 0.000000 184 3
0.077778 -6.523324 0.000000 184 3
0.085953 -6.473997 0.000000 184 3
0.094568 -6.424744 0.000000 184 3
0.103658 -6.375578 0.000000 184 3
0.113264 -6.326509 0.000000 184 3
0.123429 -6.277553 0.000000 184 3
0.134202 -6.228728 0.000000 184 3
0.145638 -6.180053 0.000000 184 3
0.157797 -6.131554 0.000000 184 3
0.170747 -6.083260 0.000000 184 3
0.184563 -6.035207 0.000000 184 3
0.199329 -5.987437 0.000000 184 3
0.215140 -5.940002 0.000000 184 3
0.232098 -5.892966 0.000000 184 3
0.250321 -5.846405 0.000000 184 3
0.269934 -5.800412 0.000000 184 3
0.291079 -5.755103 0.000000 184 3
0.313904 -5.710618 0.000000 184 3
0.338570 -5.667125 0.000000 184 3
0.365240 -5.624832 0.000000 184 3
0.394077 -5.583985 0.000000 184 3
0.425230 -5.544877 0.000000 184 3
0.458822 -5.507842 0.000000 184 3
0.494933 -5.473258 0.000000 184 3
0.533573 -5.441526 0.000000 184 3
0.574672 -5.413050 0.000000 184 3
0.618060 -5.388201 0.000000 184 3
0.663471 -5.367277 0.000000 184 3
0.710560 -5.350466 0.000000 184 3
0.758935 -5.337820 0.000000 184 3
0.808194 -5.329246 0.000000 184 3
0.857971 -5.324524 0.000000 184 3
0.907956 -5.323331 0.000000 184 3
0.957918 -5.325277 0.000000 184 3
1.007701 -5.329934 0.000000 184 3
1.057218 -5.336865 0.000000 184 3
1.106443 -5.345637 0.000000 184 3
1.155393 -5.355831 0.000000 184 3
1.204120 -5.367042 0.000000 184 3
1.252697 -5.378882 0.000000 184 3
1.301214 -5.390973 0.000000 184 3
1.349761 -5.402938 0.000000 184 3
1.398429 -5.414402 0.000000 184 3
1.447297 -5.424979 0.000000 184 3
1.496426 -5.434271 0.000000 184 3
1.545847 -5.441864 0.000000 184 3
1.595547 -5.447328 0.000000 184 3
1.645463 -5.450227 0.000000 184 3
0.000000 -8.861274 0.000000 185 3
0.003823 -8.811421 0.000000 185 3
0.007720 -8.761573 0.000000 185 3
0.011771 -8.711737 0.000000 185 3
0.015987 -8.661915 0.000000 185 3
0.020378 -8.612108 0.000000 185 3
0.024954 -8.562318 0.000000 185 3
0.029727 -8.512547 0.000000 185 3
0.034711 -8.462796 0.000000 185 3
0.039920 -8.413068 0.000000 185 3
0.045370 -8.363366 0.000000 185 3
0.051076 -8.313692 0.000000 185 3
0.057059 -8.264052 0.000000 185 3
0.063337 -8.214447 0.000000 185 3
0.069934 -8.164884 0.000000 185 3
0.076874 -8.115368 0.000000 185 3
0.084185 -8.065906 0.000000 185 3
0.091896 -8.016504 0.000000 185 3
0.100041 -7.967172 0.000000 185 3
0.108656 -7.917920 0.000000 185 3
0.117783 -7.868760 0.000000 185 3
0.127469 -7.819707 0.000000 185 3
0.137763 -7.770778 0.000000 185 3
0.148724 -7.721994 0.000000 185 3
0.160416 -7.673380 0.000000 185 3
0.172911 -7.624967 0.000000 185 3
0.186290 -7.576790 0.000000 185 3
0.200644 -7.528895 0.000000 185 3
0.216076 -7.481336 0.000000 185 3
0.232700 -7.434180 0.000000 185 3
0.250644 -7.387511 0.000000 185 3
0.270050 -7.341431 0.000000 185 3
0.291074 -7.296065 0.000000 185 3
0.313885 -7.251572 0.000000 185 3
0.338663 -7.208144 0.000000 185 3
0.365593 -7.166015 0.000000 185 3
0.394854 -7.125471 0.000000 185 3
0.426607 -7.086849 0.000000 185 3
0.460978 -7.050536 0.000000 185 3
0.498029 -7.016961 0.000000 185 3
0.537733 -6.986571 0.000000 185 3
0.579960 -6.959796 0.000000 185 3
0.624461 -6.937000 0.000000 185 3
0.670886 -6.918433 0.000000 185 3
0.718815 -6.904192 0.000000 185 3
0.767808 -6.894207 0.000000 185 3
0.817452 -6.888251 0.000000 185 3
0.867400 -6.885970 0.000000 185 3
0.917390 -6.886930 0.000000 185 3
0.967252 -6.890645 0.000000 185 3
1.016894 -6.896620 0.000000 185 3
1.066291 -6.904360 0.000000 185 3
1.115470 -6.913387 0.000000 185 3
1.164490 -6.923235 0.000000 185 3
1.213435 -6.933452 0.000000 185 3
1.262396 -6.943591 0.000000 185 3
1.311463 -6.953206 0.000000 185 3
1.360712 -6.961840 0.000000 185 3
1.410193 -6.969024 0.000000 185 3
1.459917 -6.974272 0.000000 185 3
1.509838 -6.977088 0.000000 185 3
0.000000 -10.886021 0.000000 186 3
0.003162 -10.836121 0.000000 186 3
0.006382 -10.786225 0.000000 186 3
0.009726 -10.736336 0.000000 186 3
0.013201 -10.686457 0.000000 186 3
0.016815 -10.636588 0.000000 186 3
0.020575 -10.586730 0.000000 186 3
0.024492 -10.536883 0.000000 186 3
0.028574 -10.487050 0.000000 186 3
0.032833 -10.437232 0.000000 186 3
0.037281 -10.387430 0.000000 186 3
0.041930 -10.337647 0.000000 186 3
0.046794 -10.287884 0.000000 186 3
0.051889 -10.238144 0.000000 186 3
0.057230 -10.188430 0.000000 186 3
0.062837 -10.138746 0.000000 186 3
0.068728 -10.089094 0.000000 186 3
0.074928 -10.039480 0.000000 186 3
0.081459 -9.989908 0.000000 186 3
0.088349 -9.940385 0.000000 186 3
0.095628 -9.890918 0.000000 186 3
0.103330 -9.841515 0.000000 186 3
0.111491 -9.792185 0.000000 186 3
0.120152 -9.742941 0.000000 186 3
0.129361 -9.693796 0.000000 186 3
0.139169 -9.644768 0.000000 186 3
0.149635 -9.595875 0.000000 186 3
0.160824 -9.547144 0.000000 186 3
0.172811 -9.498602 0.000000 186 3
0.185679 -9.450286 0.000000 186 3
0.199522 -9.402240 0.000000 186 3
0.214447 -9.354520 0.000000 186 3
0.230573 -9.307192 0.000000 186 3
0.248035 -9.260340 0.000000 186 3
0.266982 -9.214069 0.000000 186 3
0.287581 -9.168509 0.000000 186 3
0.310010 -9.123822 0.000000 186 3
0.334463 -9.080210 0.000000 186 3
0.361136 -9.037918 0.000000 186 3
0.390220 -8.997248 0.000000 186 3
0.421887 -8.958554 0.000000 186 3
0.456263 -8.922246 0.000000 186 3
0.493404 -8.888771 0.000000 186 3
0.533268 -8.858590 0.000000 186 3
0.575693 -8.832130 0.000000 186 3
0.620395 -8.809732 0.000000 186 3
0.666991 -8.791598 0.000000 186 3
0.715038 -8.777759 0.000000 186 3
0.764088 -8.768062 0.000000 186 3
0.813743 -8.762198 0.000000 186 3
0.863683 -8.759739 0.000000 186 3
0.913681 -8.760180 0.000000 186 3
0.963602 -8.762982 0.000000 186 3
1.013389 -8.767596 0.000000 186 3
1.063042 -8.773479 0.000000 186 3
1.112602 -8.780095 0.000000 186 3
1.162134 -8.786919 0.000000 186 3
1.211709 -8.793426 0.000000 186 3
1.261387 -8.799090 0.000000 186 3
1.311203 -8.803374 0.000000 186 3
1.361147 -8.805731 0.000000 186 3
0.000000 -17.701349 0.000000 187 3
0.001982 -17.651388 0.000000 187 3
0.004000 -17.601429 0.000000 187 3
0.006091 -17.551473 0.000000 187 3
0.008261 -17.501520 0.000000 187 3
0.010512 -17.451570 0.000000 187 3
0.012852 -17.401625 0.000000 187 3
0.015283 -17.351684 0.000000 187 3
0.017813 -17.301748 0.000000 187 3
0.020447 -17.251818 0.000000 187 3
0.023191 -17.201893 0.000000 187 3
0.026053 -17.151975 0.000000 187 3
0.029041 -17.102065 0.000000 187 3
0.032162 -17.052162 0.000000 187 3
0.035426 -17.002269 0.000000 187 3
0.038844 -16.952386 0.000000 187 3
0.042425 -16.902514 0.000000 187 3
0.046182 -16.852655 0.000000 187 3
0.050129 -16.802811 0.000000 187 3
0.054280 -16.752984 0.000000 187 3
0.058650 -16.703175 0.000000 187 3
0.063259 -16.653388 0.000000 187 3
0.068125 -16.603626 0.000000 187 3
0.073271 -16.553891 0.000000 187 3
0.078722 -16.504189 0.000000 187 3
0.084504 -16.454525 0.000000 187 3
0.090650 -16.404904 0.000000 187 3
0.097193 -16.355334 0.000000 187 3
0.104172 -16.305823 0.000000 187 3
0.111633 -16.256383 0.000000 187 3
0.119625 -16.207026 0.000000 187 3
0.128207 -16.157768 0.000000 187 3
0.137443 -16.108628 0.000000 187 3
0.147409 -16.059631 0.000000 187 3
0.158190 -16.010808 0.000000 187 3
0.169888 -15.962195 0.000000 187 3
0.182614 -15.913842 0.000000 187 3
0.196503 -15.865810 0.000000 187 3
0.211705 -15.818177 0.000000 187 3
0.228395 -15.771045 0.000000 187 3
0.246773 -15.724545 0.000000 187 3
0.267062 -15.678846 0.000000 187 3
0.289510 -15.634168 0.000000 187 3
0.314382 -15.590794 0.000000 187 3
0.341948 -15.549079 0.000000 187 3
0.372456 -15.509465 0.000000 187 3
0.406101 -15.472479 0.000000 187 3
0.442972 -15.438707 0.000000 187 3
0.483004 -15.408749 0.000000 187 3
0.525944 -15.383134 0.000000 187 3
0.571362 -15.362223 0.000000 187 3
0.618699 -15.346125 0.000000 187 3
0.667368 -15.334665 0.000000 187 3
0.716839 -15.327410 0.000000 187 3
0.766704 -15.323742 0.000000 187 3
0.816698 -15.322931 0.000000 187 3
0.866682 -15.324197 0.000000 187 3
0.916616 -15.326753 0.000000 187 3
0.966523 -15.329809 0.000000 187 3
1.016446 -15.332582 0.000000 187 3
1.066417 -15.334287 0.000000 187 3
0.000000 -16.049772 0.000000 188 3
0.002235 -15.999822 0.000000 188 3
0.004507 -15.949874 0.000000 188 3
0.006857 -15.899929 0.000000 188 3
0.009289 -15.849988 0.000000 188 3
0.011808 -15.800052 0.000000 188 3
0.014418 -15.750120 0.000000 188 3
0.017124 -15.700193 0.000000 188 3
0.019932 -15.650272 0.000000 188 3
0.022847 -15.600357 0.000000 188 3
0.025876 -15.550449 0.000000 188 3
0.029025 -15.500548 0.000000 188 3
0.032302 -15.450656 0.000000 188 3
0.035714 -15.400772 0.000000 188 3
0.039271 -15.350899 0.000000 188 3
0.042981 -15.301037 0.000000 188 3
0.046855 -15.251187 0.000000 188 3
0.050903 -15.201351 0.000000 188 3
0.055137 -15.151531 0.000000 188 3
0.059572 -15.101728 0.000000 188 3
0.064220 -15.051944 0.000000 188 3
0.069097 -15.002183 0.000000 188 3
0.074222 -14.952446 0.000000 188 3
0.079612 -14.902738 0.000000 188 3
0.085289 -14.853061 0.000000 188 3
0.091276 -14.803421 0.000000 188 3
0.097599 -14.753822 0.000000 188 3
0.104287 -14.704271 0.000000 188 3
0.111370 -14.654776 0.000000 188 3
0.118884 -14.605343 0.000000 188 3
0.126870 -14.555985 0.000000 188 3
0.135372 -14.506713 0.000000 188 3
0.144438 -14.457542 0.000000 188 3
0.154127 -14.408490 0.000000 188 3
0.164500 -14.359578 0.000000 188 3
0.175629 -14.310832 0.000000 188 3
0.187596 -14.262285 0.000000 188 3
0.200492 -14.213977 0.000000 188 3
0.214420 -14.165956 0.000000 188 3
0.229497 -14.118283 0.000000 188 3
0.245856 -14.071035 0.000000 188 3
0.263643 -14.024306 0.000000 188 3
0.283023 -13.978215 0.000000 188 3
0.304176 -13.932909 0.000000 188 3
0.327293 -13.888575 0.000000 188 3
0.352577 -13.845438 0.000000 188 3
0.380225 -13.803778 0.000000 188 3
0.410421 -13.763925 0.000000 188 3
0.443306 -13.726262 0.000000 188 3
0.478962 -13.691210 0.000000 188 3
0.517374 -13.659202 0.000000 188 3
0.558416 -13.630644 0.000000 188 3
0.601841 -13.605859 0.000000 188 3
0.647299 -13.585037 0.000000 188 3
0.694377 -13.568195 0.000000 188 3
0.742651 -13.555171 0.000000 188 3
0.791734 -13.545638 0.000000 188 3
0.841310 -13.539142 0.000000 188 3
0.891150 -13.535145 0.000000 188 3
0.941107 -13.533059 0.000000 188 3
0.991101 -13.532274 0.000000 188 3
0.000000 -6.489361 0.000000 189 3
0.005088 -6.439620 0.000000 189 3
0.010279 -6.389890 0.000000 189 3
0.015688 -6.340184 0.000000 189 3
0.021327 -6.290503 0.000000 189 3
0.027213 -6.240851 0.000000 189 3
0.033361 -6.191230 0.000000 189 3
0.039790 -6.141645 0.000000 189 3
0.046519 -6.092100 0.000000 189 3
0.053569 -6.042599 0.000000 189 3
0.060964 -5.993149 0.000000 189 3
0.068730 -5.943756 0.000000 189 3
0.076894 -5.894427 0.000000 189 3
0.085489 -5.845171 0.000000 189 3
0.094548 -5.795999 0.000000 189 3
0.104109 -5.746922 0.000000 189 3
0.114215 -5.697953 0.000000 189 3
0.124912 -5.649111 0.000000 189 3
0.136252 -5.600414 0.000000 189 3
0.148293 -5.551886 0.000000 189 3
0.161099 -5.503553 0.000000 189 3
0.174741 -5.455450 0.000000 189 3
0.189300 -5.407617 0.000000 189 3
0.204865 -5.360101 0.000000 189 3
0.221534 -5.312962 0.000000 189 3
0.239417 -5.266269 0.000000 189 3
0.258636 -5.220110 0.000000 189 3
0.279323 -5.174591 0.000000 189 3
0.301624 -5.129839 0.000000 189 3
0.325691 -5.086013 0.000000 189 3
0.351687 -5.043302 0.000000 189 3
0.379772 -5.001935 0.000000 189 3
0.410103 -4.962185 0.000000 189 3
0.442814 -4.924370 0.000000 189 3
0.478005 -4.888851 0.000000 189 3
0.515719 -4.856024 0.000000 189 3
0.555923 -4.826298 0.000000 189 3
0.598493 -4.800071 0.000000 189 3
0.643203 -4.777688 0.000000 189 3
0.689738 -4.759399 0.000000 189 3
0.737718 -4.745331 0.000000 189 3
0.786736 -4.735469 0.000000 189 3
0.836397 -4.729659 0.000000 189 3
0.886356 -4.727630 0.000000 189 3
0.936336 -4.729027 0.000000 189 3
0.986141 -4.733444 0.000000 189 3
1.035647 -4.740456 0.000000 189 3
1.084797 -4.749635 0.000000 189 3
1.133587 -4.760568 0.000000 189 3
1.182053 -4.772857 0.000000 189 3
1.230261 -4.786126 0.000000 189 3
1.278294 -4.800012 0.000000 189 3
1.326248 -4.814167 0.000000 189 3
1.374226 -4.828244 0.000000 189 3
1.422326 -4.841896 0.000000 189 3
1.470640 -4.854769 0.000000 189 3
1.519246 -4.866494 0.000000 189 3
1.568196 -4.876687 0.000000 189 3
1.617510 -4.884941 0.000000 189 3
1.667161 -4.890837 0.000000 189 3
1.717064 -4.893946 0.000000 189 3
0.000000 -8.260554 0.000000 190 3
0.004033 -8.210717 0.000000 190 3
0.008147 -8.160886 0.000000 190 3
0.012431 -8.111070 0.000000 190 3
0.016895 -8.061270 0.000000 190 3
0.021552 -8.011487 0.000000 190 3
0.026415 -7.961724 0.000000 190 3
0.031496 -7.911983 0.000000 190 3
0.036812 -7.862267 0.000000 190 3
0.042379 -7.812578 0.000000 190 3
0.048215 -7.762919 0.000000 190 3
0.054340 -7.713296 0.000000 190 3
0.060776 -7.663712 0.000000 190 3
0.067547 -7.614172 0.000000 190 3
0.074680 -7.564684 0.000000 190 3
0.082205 -7.515253 0.000000 190 3
0.090154 -7.465889 0.000000 190 3
0.098564 -7.416602 0.000000 190 3
0.107476 -7.367402 0.000000 190 3
0.116935 -7.318305 0.000000 190 3
0.126993 -7.269327 0.000000 190 3
0.137706 -7.220488 0.000000 190 3
0.149140 -7.171813 0.000000 190 3
0.161366 -7.123331 0.000000 190 3
0.174467 -7.075078 0.000000 190 3
0.188535 -7.027098 0.000000 190 3
0.203674 -6.979445 0.000000 190 3
0.220003 -6.932186 0.000000 190 3
0.237652 -6.885405 0.000000 190 3
0.256771 -6.839205 0.000000 190 3
0.277524 -6.793715 0.000000 190 3
0.300092 -6.749098 0.000000 190 3
0.324668 -6.705554 0.000000 190 3
0.351454 -6.663335 0.000000 190 3
0.380652 -6.622746 0.000000 190 3
0.412447 -6.584157 0.000000 190 3
0.446983 -6.548000 0.000000 190 3
0.484338 -6.514765 0.000000 190 3
0.524488 -6.484967 0.000000 190 3
0.567283 -6.459109 0.000000 190 3
0.612431 -6.437624 0.000000 190 3
0.659518 -6.420806 0.000000 190 3
0.708047 -6.408768 0.000000 190 3
0.757504 -6.401419 0.000000 190 3
0.807418 -6.398488 0.000000 190 3
0.857407 -6.399563 0.000000 190 3
0.907196 -6.404152 0.000000 190 3
0.956619 -6.411722 0.000000 190 3
1.005605 -6.421743 0.000000 190 3
1.054153 -6.433702 0.000000 190 3
1.102320 -6.447117 0.000000 190 3
1.150197 -6.461531 0.000000 190 3
1.197901 -6.476510 0.000000 190 3
1.245560 -6.491632 0.000000 190 3
1.293304 -6.506481 0.000000 190 3
1.341260 -6.520631 0.000000 190 3
1.389537 -6.533644 0.000000 190 3
1.438217 -6.545055 0.000000 190 3
1.487342 -6.554370 0.000000 190 3
1.536891 -6.561070 0.000000 190 3
1.586764 -6.564623 0.000000 190 3
0.000000 -7.868627 0.000000 191 3
0.004265 -7.818809 0.000000 191 3
0.008614 -7.768999 0.000000 191 3
0.013139 -7.719204 0.000000 191 3
0.017852 -7.669427 0.000000 191 3
0.022764 -7.619669 0.000000 191 3
0.027887 -7.569932 0.000000 191 3
0.033237 -7.520219 0.000000 191 3
0.038828 -7.470532 0.000000 191 3
0.044676 -7.420876 0.000000 191 3
0.050801 -7.371252 0.000000 191 3
0.057221 -7.321666 0.000000 191 3
0.063959 -7.272122 0.000000 191 3
0.071039 -7.222626 0.000000 191 3
0.078487 -7.173184 0.000000 191 3
0.086332 -7.123803 0.000000 191 3
0.094606 -7.074492 0.000000 191 3
0.103346 -7.025262 0.000000 191 3
0.112590 -6.976124 0.000000 191 3
0.122383 -6.927092 0.000000 191 3
0.132773 -6.878184 0.000000 191 3
0.143816 -6.829419 0.000000 191 3
0.155572 -6.780820 0.000000 191 3
0.168111 -6.732418 0.000000 191 3
0.181508 -6.684246 0.000000 191 3
0.195849 -6.636347 0.000000 191 3
0.211231 -6.588772 0.000000 191 3
0.227761 -6.541583 0.000000 191 3
0.245558 -6.494858 0.000000 191 3
0.264755 -6.448690 0.000000 191 3
0.285498 -6.403196 0.000000 191 3
0.307946 -6.358518 0.000000 191 3
0.332267 -6.314832 0.000000 191 3
0.358637 -6.272351 0.000000 191 3
0.387231 -6.231334 0.000000 191 3
0.418211 -6.192088 0.000000 191 3
0.451711 -6.154970 0.000000 191 3
0.487816 -6.120381 0.000000 191 3
0.526541 -6.088752 0.000000 191 3
0.567802 -6.060512 0.000000 191 3
0.611412 -6.036054 0.000000 191 3
0.657074 -6.015684 0.000000 191 3
0.704411 -5.999583 0.000000 191 3
0.752997 -5.987775 0.000000 191 3
0.802409 -5.980131 0.000000 191 3
0.852268 -5.976380 0.000000 191 3
0.902268 -5.976153 0.000000 191 3
0.952186 -5.979015 0.000000 191 3
1.001884 -5.984501 0.000000 191 3
1.051297 -5.992140 0.000000 191 3
1.100418 -6.001475 0.000000 191 3
1.149284 -6.012061 0.000000 191 3
1.197964 -6.023473 0.000000 191 3
1.246546 -6.035298 0.000000 191 3
1.295126 -6.047130 0.000000 191 3
1.343801 -6.058565 0.000000 191 3
1.392659 -6.069188 0.000000 191 3
1.441770 -6.078576 0.000000 191 3
1.491172 -6.086286 0.000000 191 3
1.540860 -6.091858 0.000000 191 3
1.590772 -6.094824 0.000000 191 3
0.000000 -9.968934 0.000000 192 3
0.003400 -9.919049 0.000000 192 3
0.006866 -9.869170 0.000000 192 3
0.010470 -9.819300 0.000000 192 3
0.014220 -9.769441 0.000000 192 3
0.018126 -9.719593 0.000000 192 3
0.022197 -9.669759 0.000000 192 3
0.026445 -9.619940 0.000000 192 3
0.030880 -9.570137 0.000000 192 3
0.035515 -9.520353 0.000000 192 3
0.040365 -9.470588 0.000000 192 3
0.045444 -9.420847 0.000000 192 3
0.050770 -9.371131 0.000000 192 3
0.056360 -9.321445 0.000000 192 3
0.062235 -9.271791 0.000000 192 3
0.068417 -9.222175 0.000000 192 3
0.074929 -9.172601 0.000000 192 3
0.081801 -9.123075 0.000000 192 3
0.089061 -9.073605 0.000000 192 3
0.096743 -9.024199 0.000000 192 3
0.104885 -8.974866 0.000000 192 3
0.113528 -8.925619 0.000000 192 3
0.122720 -8.876471 0.000000 192 3
0.132512 -8.827439 0.000000 192 3
0.142965 -8.778544 0.000000 192 3
0.154145 -8.729810 0.000000 192 3
0.166128 -8.681267 0.000000 192 3
0.178999 -8.632952 0.000000 192 3
0.192855 -8.584911 0.000000 192 3
0.207807 -8.537198 0.000000 192 3
0.223977 -8.489885 0.000000 192 3
0.241506 -8.443059 0.000000 192 3
0.260551 -8.396828 0.000000 192 3
0.281285 -8.351330 0.000000 192 3
0.303901 -8.306737 0.000000 192 3
0.328602 -8.263264 0.000000 192 3
0.355600 -8.221180 0.000000 192 3
0.385102 -8.180811 0.000000 192 3
0.417292 -8.142551 0.000000 192 3
0.452305 -8.106857 0.000000 192 3
0.490194 -8.074231 0.000000 192 3
0.530899 -8.045195 0.000000 192 3
0.574220 -8.020229 0.000000 192 3
0.619817 -7.999713 0.000000 192 3
0.667238 -7.983862 0.000000 192 3
0.715973 -7.972688 0.000000 192 3
0.765524 -7.966000 0.000000 192 3
0.815458 -7.963435 0.000000 192 3
0.865446 -7.964514 0.000000 192 3
0.915272 -7.968691 0.000000 192 3
0.964819 -7.975400 0.000000 192 3
1.014060 -7.984081 0.000000 192 3
1.063027 -7.994192 0.000000 192 3
1.111797 -8.005214 0.000000 192 3
1.160473 -8.016645 0.000000 192 3
1.209169 -8.027990 0.000000 192 3
1.257996 -8.038754 0.000000 192 3
1.307051 -8.048429 0.000000 192 3
1.356398 -8.056488 0.000000 192 3
1.406049 -8.062384 0.000000 192 3
1.455949 -8.065551 0.000000 192 3
0.000000 -9.446364 0.000000 193 3
0.003622 -9.396496 0.000000 193 3
0.007312 -9.346632 0.000000 193 3
0.011146 -9.296779 0.000000 193 3
0.015131 -9.246939 0.000000 193 3
0.019278 -9.197111 0.000000 193 3
0.023595 -9.147297 0.000000 193 3
0.028094 -9.097500 0.000000 193 3
0.032786 -9.047721 0.000000 193 3
0.037684 -8.997961 0.000000 193 3
0.042802 -8.948224 0.000000 193 3
0.048154 -8.898511 0.000000 193 3
0.053758 -8.848826 0.000000 193 3
0.059631 -8.799172 0.000000 193 3
0.065792 -8.749554 0.000000 193 3
0.072265 -8.699974 0.000000 193 3
0.079071 -8.650440 0.000000 193 3
0.086238 -8.600956 0.000000 193 3
0.093795 -8.551530 0.000000 193 3
0.101773 -8.502171 0.000000 193 3
0.110209 -8.452888 0.000000 193 3
0.119141 -8.403692 0.000000 193 3
0.128614 -8.354598 0.000000 193 3
0.138677 -8.305621 0.000000 193 3
0.149385 -8.256781 0.000000 193 3
0.160800 -8.208101 0.000000 193 3
0.172989 -8.159610 0.000000 193 3
0.186031 -8.111341 0.000000 193 3
0.200012 -8.063335 0.000000 193 3
0.215029 -8.015643 0.000000 193 3
0.231191 -7.968328 0.000000 193 3
0.248619 -7.921463 0.000000 193 3
0.267448 -7.875144 0.000000 193 3
0.287825 -7.829485 0.000000 193 3
0.309913 -7.784628 0.000000 193 3
0.333881 -7.740747 0.000000 193 3
0.359908 -7.698055 0.000000 193 3
0.388171 -7.656810 0.000000 193 3
0.418833 -7.617315 0.000000 193 3
0.452028 -7.579924 0.000000 193 3
0.487840 -7.545031 0.000000 193 3
0.526278 -7.513054 0.000000 193 3
0.567258 -7.484407 0.000000 193 3
0.610587 -7.459456 0.000000 193 3
0.655973 -7.438476 0.000000 193 3
0.703043 -7.421612 0.000000 193 3
0.751388 -7.408854 0.000000 193 3
0.800604 -7.400037 0.000000 193 3
0.850336 -7.394865 0.000000 193 3
0.900299 -7.392942 0.000000 193 3
0.950291 -7.393813 0.000000 193 3
1.000190 -7.396993 0.000000 193 3
1.049940 -7.401988 0.000000 193 3
1.099539 -7.408311 0.000000 193 3
1.149022 -7.415482 0.000000 193 3
1.198449 -7.423032 0.000000 193 3
1.247888 -7.430496 0.000000 193 3
1.297408 -7.437408 0.000000 193 3
1.347060 -7.443295 0.000000 193 3
1.396868 -7.447676 0.000000 193 3
1.446811 -7.450058 0.000000 193 3
0.000000 -11.898394 0.000000 194 3
0.002910 -11.848478 0.000000 194 3
0.005873 -11.798566 0.000000 194 3
0.008949 -11.748661 0.000000 194 3
0.012143 -11.698763 0.000000 194 3
0.015462 -11.648873 0.000000 194 3
0.018914 -11.598993 0.000000 194 3
0.022508 -11.549122 0.000000 194 3
0.026252 -11.499262 0.000000 194 3
0.030155 -11.449415 0.000000 194 3
0.034228 -11.399581 0.000000 194 3
0.038482 -11.349763 0.000000 194 3
0.042930 -11.299961 0.000000 194 3
0.047584 -11.250178 0.000000 194 3
0.052461 -11.200416 0.000000 194 3
0.057575 -11.150678 0.000000 194 3
0.062945 -11.100968 0.000000 194 3
0.068589 -11.051287 0.000000 194 3
0.074530 -11.001641 0.000000 194 3
0.080792 -10.952035 0.000000 194 3
0.087399 -10.902474 0.000000 194 3
0.094382 -10.852964 0.000000 194 3
0.101773 -10.803513 0.000000 194 3
0.109609 -10.754131 0.000000 194 3
0.117929 -10.704828 0.000000 194 3
0.126778 -10.655617 0.000000 194 3
0.136208 -10.606514 0.000000 194 3
0.146276 -10.557539 0.000000 194 3
0.157046 -10.508712 0.000000 194 3
0.168591 -10.460063 0.000000 194 3
0.180993 -10.411626 0.000000 194 3
0.194345 -10.363441 0.000000 194 3
0.208751 -10.315562 0.000000 194 3
0.224332 -10.268051 0.000000 194 3
0.241219 -10.220990 0.000000 194 3
0.259564 -10.174477 0.000000 194 3
0.279532 -10.128637 0.000000 194 3
0.301306 -10.083627 0.000000 194 3
0.325081 -10.039641 0.000000 194 3
0.351060 -9.996920 0.000000 194 3
0.379444 -9.955758 0.000000 194 3
0.410418 -9.916507 0.000000 194 3
0.444122 -9.879574 0.000000 194 3
0.480632 -9.845412 0.000000 194 3
0.519923 -9.814490 0.000000 194 3
0.561852 -9.787250 0.000000 194 3
0.606144 -9.764052 0.000000 194 3
0.652419 -9.745114 0.000000 194 3
0.700229 -9.730478 0.000000 194 3
0.749118 -9.719997 0.000000 194 3
0.798675 -9.713353 0.000000 194 3
0.848569 -9.710104 0.000000 194 3
0.898568 -9.709726 0.000000 194 3
0.948531 -9.711653 0.000000 194 3
0.998397 -9.715310 0.000000 194 3
1.048165 -9.720123 0.000000 194 3
1.097872 -9.725525 0.000000 194 3
1.147576 -9.730955 0.000000 194 3
1.197336 -9.735852 0.000000 194 3
1.247191 -9.739651 0.000000 194 3
1.297146 -9.741779 0.000000 194 3
0.000000 -14.935513 0.000000 195 3
0.002348 -14.885568 0.000000 195 3
0.004739 -14.835625 0.000000 195 3
0.007217 -14.785687 0.000000 195 3
0.009787 -14.735753 0.000000 195 3
0.012455 -14.685824 0.000000 195 3
0.015226 -14.635901 0.000000 195 3
0.018107 -14.585984 0.000000 195 3
0.021103 -14.536074 0.000000 195 3
0.024223 -14.486171 0.000000 195 3
0.027473 -14.436277 0.000000 195 3
0.030863 -14.386392 0.000000 195 3
0.034401 -14.336518 0.000000 195 3
0.038098 -14.286654 0.000000 195 3
0.041963 -14.236804 0.000000 195 3
0.046010 -14.186968 0.000000 195 3
0.050250 -14.137148 0.000000 195 3
0.054698 -14.087346 0.000000 195 3
0.059370 -14.037565 0.000000 195 3
0.064282 -13.987807 0.000000 195 3
0.069454 -13.938075 0.000000 195 3
0.074907 -13.888373 0.000000 195 3
0.080663 -13.838706 0.000000 195 3
0.086749 -13.789078 0.000000 195 3
0.093194 -13.739495 0.000000 195 3
0.100029 -13.689964 0.000000 195 3
0.107290 -13.640494 0.000000 195 3
0.115017 -13.591095 0.000000 195 3
0.123257 -13.541779 0.000000 195 3
0.132060 -13.492560 0.000000 195 3
0.141484 -13.443456 0.000000 195 3
0.151595 -13.394489 0.000000 195 3
0.162466 -13.345685 0.000000 195 3
0.174184 -13.297077 0.000000 195 3
0.186843 -13.248706 0.000000 195 3
0.200556 -13.200623 0.000000 195 3
0.215445 -13.152892 0.000000 195 3
0.231655 -13.105592 0.000000 195 3
0.249344 -13.058826 0.000000 195 3
0.268694 -13.012722 0.000000 195 3
0.289903 -12.967443 0.000000 195 3
0.313186 -12.923195 0.000000 195 3
0.338768 -12.880235 0.000000 195 3
0.366872 -12.838881 0.000000 195 3
0.397702 -12.799517 0.000000 195 3
0.431410 -12.762588 0.000000 195 3
0.468068 -12.728585 0.000000 195 3
0.507630 -12.698010 0.000000 195 3
0.549908 -12.671315 0.000000 195 3
0.594570 -12.648836 0.000000 195 3
0.641177 -12.630731 0.000000 195 3
0.689237 -12.616941 0.000000 195 3
0.738279 -12.607197 0.000000 195 3
0.787900 -12.601057 0.000000 195 3
0.837804 -12.597960 0.000000 195 3
0.887800 -12.597275 0.000000 195 3
0.937788 -12.598344 0.000000 195 3
0.987742 -12.600501 0.000000 195 3
1.037675 -12.603081 0.000000 195 3
1.087620 -12.605422 0.000000 195 3
1.137600 -12.606860 0.000000 195 3
0.000000 31.810513 0.000000 196 4
0.002348 31.760568 0.000000 196 4
0.004739 31.710625 0.000000 196 4
0.007217 31.660687 0.000000 196 4
0.009787 31.610753 0.000000 196 4
0.012455 31.560824 0.000000 196 4
0.015226 31.510901 0.000000 196 4
0.018107 31.460984 0.000000 196 4
0.021103 31.411074 0.000000 196 4
0.024223 31.361171 0.000000 196 4
0.027473 31.311277 0.000000 196 4
0.030863 31.261392 0.000000 196 4
0.034401 31.211518 0.000000 196 4
0.038098 31.161654 0.000000 196 4
0.041963 31.111804 0.000000 196 4
0.046010 31.061968 0.000000 196 4
0.050250 31.012148 0.000000 196 4
0.054698 30.962346 0.000000 196 4
0.059370 30.912565 0.000000 196 4
0.064282 30.862807 0.000000 196 4
0.069454 30.813075 0.000000 196 4
0.074907 30.763373 0.000000 196 4
0.080663 30.713706 0.000000 196 4
0.086749 30.664078 0.000000 196 4
0.093194 30.614495 0.000000 196 4
0.100029 30.564964 0.000000 196 4
0.107290 30.515494 0.000000 196 4
0.115017 30.466095 0.000000 196 4
0.123257 30.416779 0.000000 196 4
0.132060 30.367560 0.000000 196 4
0.141484 30.318456 0.000000 196 4
0.151595 30.269489 0.000000 196 4
0.162466 30.220685 0.000000 196 4
0.174184 30.172077 0.000000 196 4
0.186843 30.123706 0.000000 196 4
0.200556 30.075623 0.000000 196 4
0.215445 30.027892 0.000000 196 4
0.231655 29.980592 0.000000 196 4
0.249344 29.933826 0.000000 196 4
0.268694 29.887722 0.000000 196 4
0.289903 29.842443 0.000000 196 4
0.313186 29.798195 0.000000 196 4
0.338768 29.755235 0.000000 196 4
0.366872 29.713881 0.000000 196 4
0.397702 29.674517 0.000000 196 4
0.431410 29.637588 0.000000 196 4
0.468068 29.603585 0.000000 196 4
0.507630 29.573010 0.000000 196 4
0.549908 29.546315 0.000000 196 4
0.594570 29.523836 0.000000 196 4
0.641177 29.505731 0.000000 196 4
0.689237 29.491941 0.000000 196 4
0.738279 29.482197 0.000000 196 4
0.787900 29.476057 0.000000 196 4
0.837804 29.472960 0.000000 196 4
0.887800 29.472275 0.000000 196 4
0.937788 29.473344 0.000000 196 4
0.987742 29.475501 0.000000 196 4
1.037675 29.478081 0.000000 196 4
1.087620 29.480422 0.000000 196 4
1.137600 29.481860 0.000000 196 4
0.000000 24.554644 0.000000 197 4
0.002910 24.504728 0.000000 197 4
0.005873 24.454816 0.000000 197 4
0.008949 24.404911 0.000000 197 4
0.012143 24.355013 0.000000 197 4
0.015462 24.305123 0.000000 197 4
0.018914 24.255243 0.000000 197 4
0.022508 24.205372 0.000000 197 4
0.026252 24.155512 0.000000 197 4
0.030155 24.105665 0.000000 197 4
0.034228 24.055831 0.000000 197 4
0.038482 24.006013 0.000000 197 4
0.042930 23.956211 0.000000 197 4
0.047584 23.906428 0.000000 197 4
0.052461 23.856666 0.000000 197 4
0.057575 23.806928 0.000000 197 4
0.062945 23.757218 0.000000 197 4
0.068589 23.707537 0.000000 197 4
0.074530 23.657891 0.000000 197 4
0.080792 23.608285 0.000000 197 4
0.087399 23.558724 0.000000 197 4
0.094382 23.509214 0.000000 197 4
0.101773 23.459763 0.000000 197 4
0.109609 23.410381 0.000000 197 4
0.117929 23.361078 0.000000 197 4
0.126778 23.311867 0.000000 197 4
0.136208 23.262764 0.000000 197 4
0.146276 23.213789 0.000000 197 4
0.157046 23.164962 0.000000 197 4
0.168591 23.116313 0.000000 197 4
0.180993 23.067876 0.000000 197 4
0.194345 23.019691 0.000000 197 4
0.208751 22.971812 0.000000 197 4
0.224332 22.924301 0.000000 197 4
0.241219 22.877240 0.000000 197 4
0.259564 22.830727 0.000000 197 4
0.279532 22.784887 0.000000 197 4
0.301306 22.739877 0.000000 197 4
0.325081 22.695891 0.000000 197 4
0.351060 22.653170 0.000000 197 4
0.379444 22.612008 0.000000 197 4
0.410418 22.572757 0.000000 197 4
0.444122 22.535824 0.000000 197 4
0.480632 22.501662 0.000000 197 4
0.519923 22.470740 0.000000 197 4
0.561852 22.443500 0.000000 197 4
0.606144 22.420302 0.000000 197 4
0.652419 22.401364 0.000000 197 4
0.700229 22.386728 0.000000 197 4
0.749118 22.376247 0.000000 197 4
0.798675 22.369603 0.000000 197 4
0.848569 22.366354 0.000000 197 4
0.898568 22.365976 0.000000 197 4
0.948531 22.367903 0.000000 197 4
0.998397 22.371560 0.000000 197 4
1.048165 22.376373 0.000000 197 4
1.097872 22.381775 0.000000 197 4
1.147576 22.387205 0.000000 197 4
1.197336 22.392102 0.000000 197 4
1.247191 22.395901 0.000000 197 4
1.297146 22.398029 0.000000 197 4
0.000000 18.938552 0.000000 198 4
0.003622 18.888683 0.000000 198 4
0.007312 18.838820 0.000000 198 4
0.011146 18.788967 0.000000 198 4
0.015131 18.739126 0.000000 198 4
0.019278 18.689298 0.000000 198 4
0.023595 18.639485 0.000000 198 4
0.028094 18.589688 0.000000 198 4
0.032786 18.539908 0.000000 198 4
0.037684 18.490149 0.000000 198 4
0.042802 18.440411 0.000000 198 4
0.048154 18.390699 0.000000 198 4
0.053758 18.341014 0.000000 198 4
0.059631 18.291360 0.000000 198 4
0.065792 18.241741 0.000000 198 4
0.072265 18.192162 0.000000 198 4
0.079071 18.142627 0.000000 198 4
0.086238 18.093144 0.000000 198 4
0.093795 18.043718 0.000000 198 4
0.101773 17.994358 0.000000 198 4
0.110209 17.945075 0.000000 198 4
0.119141 17.895880 0.000000 198 4
0.128614 17.846785 0.000000 198 4
0.138677 17.797808 0.000000 198 4
0.149385 17.748968 0.000000 198 4
0.160800 17.700289 0.000000 198 4
0.172989 17.651797 0.000000 198 4
0.186031 17.603528 0.000000 198 4
0.200012 17.555523 0.000000 198 4
0.215029 17.507831 0.000000 198 4
0.231191 17.460515 0.000000 198 4
0.248619 17.413651 0.000000 198 4
0.267448 17.367332 0.000000 198 4
0.287825 17.321672 0.000000 198 4
0.309913 17.276815 0.000000 198 4
0.333881 17.232934 0.000000 198 4
0.359908 17.190243 0.000000 198 4
0.388171 17.148997 0.000000 198 4
0.418833 17.109502 0.000000 198 4
0.452028 17.072111 0.000000 198 4
0.487840 17.037218 0.000000 198 4
0.526278 17.005242 0.000000 198 4
0.567258 16.976594 0.000000 198 4
0.610587 16.951643 0.000000 198 4
0.655973 16.930663 0.000000 198 4
0.703043 16.913800 0.000000 198 4
0.751388 16.901041 0.000000 198 4
0.800604 16.892225 0.000000 198 4
0.850336 16.887052 0.000000 198 4
0.900299 16.885130 0.000000 198 4
0.950291 16.886001 0.000000 198 4
1.000190 16.889181 0.000000 198 4
1.049940 16.894176 0.000000 198 4
1.099539 16.900498 0.000000 198 4
1.149022 16.907669 0.000000 198 4
1.198449 16.915219 0.000000 198 4
1.247888 16.922684 0.000000 198 4
1.297408 16.929596 0.000000 198 4
1.347060 16.935483 0.000000 198 4
1.396868 16.939863 0.000000 198 4
1.446811 16.942246 0.000000 198 4
0.000000 19.461121 0.000000 199 4
0.003400 19.411237 0.000000 199 4
0.006866 19.361357 0.000000 199 4
0.010470 19.311487 0.000000 199 4
0.014220 19.261628 0.000000 199 4
0.018126 19.211781 0.000000 199 4
0.022197 19.161947 0.000000 199 4
0.026445 19.112128 0.000000 199 4
0.030880 19.062325 0.000000 199 4
0.035515 19.012540 0.000000 199 4
0.040365 18.962776 0.000000 199 4
0.045444 18.913034 0.000000 199 4
0.050770 18.863319 0.000000 199 4
0.056360 18.813632 0.000000 199 4
0.062235 18.763979 0.000000 199 4
0.068417 18.714362 0.000000 199 4
0.074929 18.664788 0.000000 199 4
0.081801 18.615263 0.000000 199 4
0.089061 18.565793 0.000000 199 4
0.096743 18.516386 0.000000 199 4
0.104885 18.467054 0.000000 199 4
0.113528 18.417806 0.000000 199 4
0.122720 18.368658 0.000000 199 4
0.132512 18.319627 0.000000 199 4
0.142965 18.270732 0.000000 199 4
0.154145 18.221998 0.000000 199 4
0.166128 18.173455 0.000000 199 4
0.178999 18.125140 0.000000 199 4
0.192855 18.077098 0.000000 199 4
0.207807 18.029386 0.000000 199 4
0.223977 17.982073 0.000000 199 4
0.241506 17.935246 0.000000 199 4
0.260551 17.889015 0.000000 199 4
0.281285 17.843517 0.000000 199 4
0.303901 17.798924 0.000000 199 4
0.328602 17.755452 0.000000 199 4
0.355600 17.713367 0.000000 199 4
0.385102 17.672998 0.000000 199 4
0.417292 17.634739 0.000000 199 4
0.452305 17.599044 0.000000 199 4
0.490194 17.566419 0.000000 199 4
0.530899 17.537383 0.000000 199 4
0.574220 17.512417 0.000000 199 4
0.619817 17.491901 0.000000 199 4
0.667238 17.476049 0.000000 199 4
0.715973 17.464875 0.000000 199 4
0.765524 17.458187 0.000000 199 4
0.815458 17.455623 0.000000 199 4
0.865446 17.456702 0.000000 199 4
0.915272 17.460879 0.000000 199 4
0.964819 17.467588 0.000000 199 4
1.014060 17.476268 0.000000 199 4
1.063027 17.486379 0.000000 199 4
1.111797 17.497401 0.000000 199 4
1.160473 17.508832 0.000000 199 4
1.209169 17.520178 0.000000 199 4
1.257996 17.530942 0.000000 199 4
1.307051 17.540617 0.000000 199 4
1.356398 17.548676 0.000000 199 4
1.406049 17.554571 0.000000 199 4
1.455949 17.557738 0.000000 199 4
0.000000 14.987768 0.000000 200 4
0.004265 14.937950 0.000000 200 4
0.008614 14.888140 0.000000 200 4
0.013139 14.838345 0.000000 200 4
0.017852 14.788567 0.000000 200 4
0.022764 14.738809 0.000000 200 4
0.027887 14.689072 0.000000 200 4
0.033237 14.639359 0.000000 200 4
0.038828 14.589673 0.000000 200 4
0.044676 14.540016 0.000000 200 4
0.050801 14.490393 0.000000 200 4
0.057221 14.440807 0.000000 200 4
0.063959 14.391263 0.000000 200 4
0.071039 14.341766 0.000000 200 4
0.078487 14.292324 0.000000 200 4
0.086332 14.242944 0.000000 200 4
0.094606 14.193633 0.000000 200 4
0.103346 14.144403 0.000000 200 4
0.112590 14.095265 0.000000 200 4
0.122383 14.046233 0.000000 200 4
0.132773 13.997325 0.000000 200 4
0.143816 13.948559 0.000000 200 4
0.155572 13.899961 0.000000 200 4
0.168111 13.851559 0.000000 200 4
0.181508 13.803387 0.000000 200 4
0.195849 13.755488 0.000000 200 4
0.211231 13.707913 0.000000 200 4
0.227761 13.660724 0.000000 200 4
0.245558 13.613998 0.000000 200 4
0.264755 13.567831 0.000000 200 4
0.285498 13.522336 0.000000 200 4
0.307946 13.477659 0.000000 200 4
0.332267 13.433973 0.000000 200 4
0.358637 13.391492 0.000000 200 4
0.387231 13.350475 0.000000 200 4
0.418211 13.311229 0.000000 200 4
0.451711 13.274111 0.000000 200 4
0.487816 13.239522 0.000000 200 4
0.526541 13.207892 0.000000 200 4
0.567802 13.179652 0.000000 200 4
0.611412 13.155194 0.000000 200 4
0.657074 13.134825 0.000000 200 4
0.704411 13.118723 0.000000 200 4
0.752997 13.106916 0.000000 200 4
0.802409 13.099271 0.000000 200 4
0.852268 13.095521 0.000000 200 4
0.902268 13.095294 0.000000 200 4
0.952186 13.098156 0.000000 200 4
1.001884 13.103641 0.000000 200 4
1.051297 13.111281 0.000000 200 4
1.100418 13.120616 0.000000 200 4
1.149284 13.131202 0.000000 200 4
1.197964 13.142614 0.000000 200 4
1.246546 13.154439 0.000000 200 4
1.295126 13.166271 0.000000 200 4
1.343801 13.177705 0.000000 200 4
1.392659 13.188329 0.000000 200 4
1.441770 13.197717 0.000000 200 4
1.491172 13.205426 0.000000 200 4
1.540860 13.210999 0.000000 200 4
1.590772 13.213964 0.000000 200 4
0.000000 15.379695 0.000000 201 4
0.004033 15.329858 0.000000 201 4
0.008147 15.280027 0.000000 201 4
0.012431 15.230211 0.000000 201 4
0.016895 15.180411 0.000000 201 4
0.021552 15.130628 0.000000 201 4
0.026415 15.080865 0.000000 201 4
0.031496 15.031124 0.000000 201 4
0.036812 14.981407 0.000000 201 4
0.042379 14.931718 0.000000 201 4
0.048215 14.882060 0.000000 201 4
0.054340 14.832437 0.000000 201 4
0.060776 14.782852 0.000000 201 4
0.067547 14.733313 0.000000 201 4
0.074680 14.683824 0.000000 201 4
0.082205 14.634394 0.000000 201 4
0.090154 14.585030 0.000000 201 4
0.098564 14.535742 0.000000 201 4
0.107476 14.486543 0.000000 201 4
0.116935 14.437446 0.000000 201 4
0.126993 14.388468 0.000000 201 4
0.137706 14.339629 0.000000 201 4
0.149140 14.290954 0.000000 201 4
0.161366 14.242472 0.000000 201 4
0.174467 14.194219 0.000000 201 4
0.188535 14.146238 0.000000 201 4
0.203674 14.098586 0.000000 201 4
0.220003 14.051327 0.000000 201 4
0.237652 14.004545 0.000000 201 4
0.256771 13.958345 0.000000 201 4
0.277524 13.912856 0.000000 201 4
0.300092 13.868238 0.000000 201 4
0.324668 13.824695 0.000000 201 4
0.351454 13.782475 0.000000 201 4
0.380652 13.741886 0.000000 201 4
0.412447 13.703297 0.000000 201 4
0.446983 13.667141 0.000000 201 4
0.484338 13.633905 0.000000 201 4
0.524488 13.604107 0.000000 201 4
0.567283 13.578250 0.000000 201 4
0.612431 13.556765 0.000000 201 4
0.659518 13.539947 0.000000 201 4
0.708047 13.527908 0.000000 201 4
0.757504 13.520559 0.000000 201 4
0.807418 13.517628 0.000000 201 4
0.857407 13.518704 0.000000 201 4
0.907196 13.523292 0.000000 201 4
0.956619 13.530863 0.000000 201 4
1.005605 13.540883 0.000000 201 4
1.054153 13.552843 0.000000 201 4
1.102320 13.566258 0.000000 201 4
1.150197 13.580672 0.000000 201 4
1.197901 13.595650 0.000000 201 4
1.245560 13.610773 0.000000 201 4
1.293304 13.625621 0.000000 201 4
1.341260 13.639772 0.000000 201 4
1.389537 13.652785 0.000000 201 4
1.438217 13.664195 0.000000 201 4
1.487342 13.673510 0.000000 201 4
1.536891 13.680211 0.000000 201 4
1.586764 13.683764 0.000000 201 4
0.000000 11.828716 0.000000 202 4
0.005088 11.778976 0.000000 202 4
0.010279 11.729246 0.000000 202 4
0.015688 11.679539 0.000000 202 4
0.021327 11.629858 0.000000 202 4
0.027213 11.580206 0.000000 202 4
0.033361 11.530585 0.000000 202 4
0.039790 11.481000 0.000000 202 4
0.046519 11.431455 0.000000 202 4
0.053569 11.381955 0.000000 202 4
0.060964 11.332505 0.000000 202 4
0.068730 11.283111 0.000000 202 4
0.076894 11.233783 0.000000 202 4
0.085489 11.184527 0.000000 202 4
0.094548 11.135354 0.000000 202 4
0.104109 11.086277 0.000000 202 4
0.114215 11.037309 0.000000 202 4
0.124912 10.988467 0.000000 202 4
0.136252 10.939770 0.000000 202 4
0.148293 10.891241 0.000000 202 4
0.161099 10.842909 0.000000 202 4
0.174741 10.794806 0.000000 202 4
0.189300 10.746972 0.000000 202 4
0.204865 10.699457 0.000000 202 4
0.221534 10.652317 0.000000 202 4
0.239417 10.605625 0.000000 202 4
0.258636 10.559466 0.000000 202 4
0.279323 10.513946 0.000000 202 4
0.301624 10.469195 0.000000 202 4
0.325691 10.425368 0.000000 202 4
0.351687 10.382657 0.000000 202 4
0.379772 10.341291 0.000000 202 4
0.410103 10.301541 0.000000 202 4
0.442814 10.263726 0.000000 202 4
0.478005 10.228207 0.000000 202 4
0.515719 10.195379 0.000000 202 4
0.555923 10.165654 0.000000 202 4
0.598493 10.139427 0.000000 202 4
0.643203 10.117043 0.000000 202 4
0.689738 10.098754 0.000000 202 4
0.737718 10.084687 0.000000 202 4
0.786736 10.074825 0.000000 202 4
0.836397 10.069015 0.000000 202 4
0.886356 10.066985 0.000000 202 4
0.936336 10.068382 0.000000 202 4
0.986141 10.072800 0.000000 202 4
1.035647 10.079812 0.000000 202 4
1.084797 10.088991 0.000000 202 4
1.133587 10.099923 0.000000 202 4
1.182053 10.112212 0.000000 202 4
1.230261 10.125481 0.000000 202 4
1.278294 10.139368 0.000000 202 4
1.326248 10.153522 0.000000 202 4
1.374226 10.167599 0.000000 202 4
1.422326 10.181251 0.000000 202 4
1.470640 10.194124 0.000000 202 4
1.519246 10.205850 0.000000 202 4
1.568196 10.216042 0.000000 202 4
1.617510 10.224297 0.000000 202 4
1.667161 10.230193 0.000000 202 4
1.717064 10.233301 0.000000 202 4
0.000000 46.049772 0.000000 203 4
0.002235 45.999822 0.000000 203 4
0.004507 45.949874 0.000000 203 4
0.006857 45.899929 0.000000 203 4
0.009289 45.849988 0.000000 203 4
0.011808 45.800052 0.000000 203 4
0.014418 45.750120 0.000000 203 4
0.017124 45.700193 0.000000 203 4
0.019932 45.650272 0.000000 203 4
0.022847 45.600357 0.000000 203 4
0.025876 45.550449 0.000000 203 4
0.029025 45.500548 0.000000 203 4
0.032302 45.450656 0.000000 203 4
0.035714 45.400772 0.000000 203 4
0.039271 45.350899 0.000000 203 4
0.042981 45.301037 0.000000 203 4
0.046855 45.251187 0.000000 203 4
0.050903 45.201351 0.000000 203 4
0.055137 45.151531 0.000000 203 4
0.059572 45.101728 0.000000 203 4
0.064220 45.051944 0.000000 203 4
0.069097 45.002183 0.000000 203 4
0.074222 44.952446 0.000000 203 4
0.079612 44.902738 0.000000 203 4
0.085289 44.853061 0.000000 203 4
0.091276 44.803421 0.000000 203 4
0.097599 44.753822 0.000000 203 4
0.104287 44.704271 0.000000 203 4
0.111370 44.654776 0.000000 203 4
0.118884 44.605343 0.000000 203 4
0.126870 44.555985 0.000000 203 4
0.135372 44.506713 0.000000 203 4
0.144438 44.457542 0.000000 203 4
0.154127 44.408490 0.000000 203 4
0.164500 44.359578 0.000000 203 4
0.175629 44.310832 0.000000 203 4
0.187596 44.262285 0.000000 203 4
0.200492 44.213977 0.000000 203 4
0.214420 44.165956 0.000000 203 4
0.229497 44.118283 0.000000 203 4
0.245856 44.071035 0.000000 203 4
0.263643 44.024306 0.000000 203 4
0.283023 43.978215 0.000000 203 4
0.304176 43.932909 0.000000 203 4
0.327293 43.888575 0.000000 203 4
0.352577 43.845438 0.000000 203 4
0.380225 43.803778 0.000000 203 4
0.410421 43.763925 0.000000 203 4
0.443306 43.726262 0.000000 203 4
0.478962 43.691210 0.000000 203 4
0.517374 43.659202 0.000000 203 4
0.558416 43.630644 0.000000 203 4
0.601841 43.605859 0.000000 203 4
0.647299 43.585037 0.000000 203 4
0.694377 43.568195 0.000000 203 4
0.742651 43.555171 0.000000 203 4
0.791734 43.545638 0.000000 203 4
0.841310 43.539142 0.000000 203 4
0.891150 43.535145 0.000000 203 4
0.941107 43.533059 0.000000 203 4
0.991101 43.532274 0.000000 203 4
0.000000 47.701349 0.000000 204 4
0.001982 47.651388 0.000000 204 4
0.004000 47.601429 0.000000 204 4
0.006091 47.551473 0.000000 204 4
0.008261 47.501520 0.000000 204 4
0.010512 47.451570 0.000000 204 4
0.012852 47.401625 0.000000 204 4
0.015283 47.351684 0.000000 204 4
0.017813 47.301748 0.000000 204 4
0.020447 47.251818 0.000000 204 4
0.023191 47.201893 0.000000 204 4
0.026053 47.151975 0.000000 204 4
0.029041 47.102065 0.000000 204 4
0.032162 47.052162 0.000000 204 4
0.035426 47.002269 0.000000 204 4
0.038844 46.952386 0.000000 204 4
0.042425 46.902514 0.000000 204 4
0.046182 46.852655 0.000000 204 4
0.050129 46.802811 0.000000 204 4
0.054280 46.752984 0.000000 204 4
0.058650 46.703175 0.000000 204 4
0.063259 46.653388 0.000000 204 4
0.068125 46.603626 0.000000 204 4
0.073271 46.553891 0.000000 204 4
0.078722 46.504189 0.000000 204 4
0.084504 46.454525 0.000000 204 4
0.090650 46.404904 0.000000 204 4
0.097193 46.355334 0.000000 204 4
0.104172 46.305823 0.000000 204 4
0.111633 46.256383 0.000000 204 4
0.119625 46.207026 0.000000 204 4
0.128207 46.157768 0.000000 204 4
0.137443 46.108628 0.000000 204 4
0.147409 46.059631 0.000000 204 4
0.158190 46.010808 0.000000 204 4
0.169888 45.962195 0.000000 204 4
0.182614 45.913842 0.000000 204 4
0.196503 45.865810 0.000000 204 4
0.211705 45.818177 0.000000 204 4
0.228395 45.771045 0.000000 204 4
0.246773 45.724545 0.000000 204 4
0.267062 45.678846 0.000000 204 4
0.289510 45.634168 0.000000 204 4
0.314382 45.590794 0.000000 204 4
0.341948 45.549079 0.000000 204 4
0.372456 45.509465 0.000000 204 4
0.406101 45.472479 0.000000 204 4
0.442972 45.438707 0.000000 204 4
0.483004 45.408749 0.000000 204 4
0.525944 45.383134 0.000000 204 4
0.571362 45.362223 0.000000 204 4
0.618699 45.346125 0.000000 204 4
0.667368 45.334665 0.000000 204 4
0.716839 45.327410 0.000000 204 4
0.766704 45.323742 0.000000 204 4
0.816698 45.322931 0.000000 204 4
0.866682 45.324197 0.000000 204 4
0.916616 45.326753 0.000000 204 4
0.966523 45.329809 0.000000 204 4
1.016446 45.332582 0.000000 204 4
1.066417 45.334287 0.000000 204 4
0.000000 27.761021 0.000000 205 4
0.003162 27.711121 0.000000 205 4
0.006382 27.661225 0.000000 205 4
0.009726 27.611336 0.000000 205 4
0.013201 27.561457 0.000000 205 4
0.016815 27.511588 0.000000 205 4
0.020575 27.461730 0.000000 205 4
0.024492 27.411883 0.000000 205 4
0.028574 27.362050 0.000000 205 4
0.032833 27.312232 0.000000 205 4
0.037281 27.262430 0.000000 205 4
0.041930 27.212647 0.000000 205 4
0.046794 27.162884 0.000000 205 4
0.051889 27.113144 0.000000 205 4
0.057230 27.063430 0.000000 205 4
0.062837 27.013746 0.000000 205 4
0.068728 26.964094 0.000000 205 4
0.074928 26.914480 0.000000 205 4
0.081459 26.864908 0.000000 205 4
0.088349 26.815385 0.000000 205 4
0.095628 26.765918 0.000000 205 4
0.103330 26.716515 0.000000 205 4
0.111491 26.667185 0.000000 205 4
0.120152 26.617941 0.000000 205 4
0.129361 26.568796 0.000000 205 4
0.139169 26.519768 0.000000 205 4
0.149635 26.470875 0.000000 205 4
0.160824 26.422144 0.000000 205 4
0.172811 26.373602 0.000000 205 4
0.185679 26.325286 0.000000 205 4
0.199522 26.277240 0.000000 205 4
0.214447 26.229520 0.000000 205 4
0.230573 26.182192 0.000000 205 4
0.248035 26.135340 0.000000 205 4
0.266982 26.089069 0.000000 205 4
0.287581 26.043509 0.000000 205 4
0.310010 25.998822 0.000000 205 4
0.334463 25.955210 0.000000 205 4
0.361136 25.912918 0.000000 205 4
0.390220 25.872248 0.000000 205 4
0.421887 25.833554 0.000000 205 4
0.456263 25.797246 0.000000 205 4
0.493404 25.763771 0.000000 205 4
0.533268 25.733590 0.000000 205 4
0.575693 25.707130 0.000000 205 4
0.620395 25.684732 0.000000 205 4
0.666991 25.666598 0.000000 205 4
0.715038 25.652759 0.000000 205 4
0.764088 25.643062 0.000000 205 4
0.813743 25.637198 0.000000 205 4
0.863683 25.634739 0.000000 205 4
0.913681 25.635180 0.000000 205 4
0.963602 25.637982 0.000000 205 4
1.013389 25.642596 0.000000 205 4
1.063042 25.648479 0.000000 205 4
1.112602 25.655095 0.000000 205 4
1.162134 25.661919 0.000000 205 4
1.211709 25.668426 0.000000 205 4
1.261387 25.674090 0.000000 205 4
1.311203 25.678374 0.000000 205 4
1.361147 25.680731 0.000000 205 4
0.000000 21.517524 0.000000 206 4
0.003823 21.467671 0.000000 206 4
0.007720 21.417823 0.000000 206 4
0.011771 21.367987 0.000000 206 4
0.015987 21.318165 0.000000 206 4
0.020378 21.268358 0.000000 206 4
0.024954 21.218568 0.000000 206 4
0.029727 21.168797 0.000000 206 4
0.034711 21.119046 0.000000 206 4
0.039920 21.069318 0.000000 206 4
0.045370 21.019616 0.000000 206 4
0.051076 20.969942 0.000000 206 4
0.057059 20.920302 0.000000 206 4
0.063337 20.870697 0.000000 206 4
0.069934 20.821134 0.000000 206 4
0.076874 20.771618 0.000000 206 4
0.084185 20.722156 0.000000 206 4
0.091896 20.672754 0.000000 206 4
0.100041 20.623422 0.000000 206 4
0.108656 20.574170 0.000000 206 4
0.117783 20.525010 0.000000 206 4
0.127469 20.475957 0.000000 206 4
0.137763 20.427028 0.000000 206 4
0.148724 20.378244 0.000000 206 4
0.160416 20.329630 0.000000 206 4
0.172911 20.281217 0.000000 206 4
0.186290 20.233040 0.000000 206 4
0.200644 20.185145 0.000000 206 4
0.216076 20.137586 0.000000 206 4
0.232700 20.090430 0.000000 206 4
0.250644 20.043761 0.000000 206 4
0.270050 19.997681 0.000000 206 4
0.291074 19.952315 0.000000 206 4
0.313885 19.907822 0.000000 206 4
0.338663 19.864394 0.000000 206 4
0.365593 19.822265 0.000000 206 4
0.394854 19.781721 0.000000 206 4
0.426607 19.743099 0.000000 206 4
0.460978 19.706786 0.000000 206 4
0.498029 19.673211 0.000000 206 4
0.537733 19.642821 0.000000 206 4
0.579960 19.616046 0.000000 206 4
0.624461 19.593250 0.000000 206 4
0.670886 19.574683 0.000000 206 4
0.718815 19.560442 0.000000 206 4
0.767808 19.550457 0.000000 206 4
0.817452 19.544501 0.000000 206 4
0.867400 19.542220 0.000000 206 4
0.917390 19.543180 0.000000 206 4
0.967252 19.546895 0.000000 206 4
1.016894 19.552870 0.000000 206 4
1.066291 19.560610 0.000000 206 4
1.115470 19.569637 0.000000 206 4
1.164490 19.579485 0.000000 206 4
1.213435 19.589702 0.000000 206 4
1.262396 19.599841 0.000000 206 4
1.311463 19.609456 0.000000 206 4
1.360712 19.618090 0.000000 206 4
1.410193 19.625274 0.000000 206 4
1.459917 19.630522 0.000000 206 4
1.509838 19.633338 0.000000 206 4
0.000000 16.660712 0.000000 207 4
0.004660 16.610930 0.000000 207 4
0.009412 16.561156 0.000000 207 4
0.014358 16.511402 0.000000 207 4
0.019511 16.461668 0.000000 207 4
0.024883 16.411957 0.000000 207 4
0.030489 16.362273 0.000000 207 4
0.036344 16.312617 0.000000 207 4
0.042466 16.262993 0.000000 207 4
0.048872 16.213405 0.000000 207 4
0.055583 16.163857 0.000000 207 4
0.062621 16.114355 0.000000 207 4
0.070011 16.064904 0.000000 207 4
0.077778 16.015511 0.000000 207 4
0.085953 15.966184 0.000000 207 4
0.094568 15.916932 0.000000 207 4
0.103658 15.867765 0.000000 207 4
0.113264 15.818696 0.000000 207 4
0.123429 15.769741 0.000000 207 4
0.134202 15.720915 0.000000 207 4
0.145638 15.672240 0.000000 207 4
0.157797 15.623741 0.000000 207 4
0.170747 15.575447 0.000000 207 4
0.184563 15.527394 0.000000 207 4
0.199329 15.479624 0.000000 207 4
0.215140 15.432190 0.000000 207 4
0.232098 15.385154 0.000000 207 4
0.250321 15.338592 0.000000 207 4
0.269934 15.292600 0.000000 207 4
0.291079 15.247291 0.000000 207 4
0.313904 15.202805 0.000000 207 4
0.338570 15.159313 0.000000 207 4
0.365240 15.117019 0.000000 207 4
0.394077 15.076173 0.000000 207 4
0.425230 15.037064 0.000000 207 4
0.458822 15.000030 0.000000 207 4
0.494933 14.965446 0.000000 207 4
0.533573 14.933714 0.000000 207 4
0.574672 14.905238 0.000000 207 4
0.618060 14.880388 0.000000 207 4
0.663471 14.859464 0.000000 207 4
0.710560 14.842654 0.000000 207 4
0.758935 14.830007 0.000000 207 4
0.808194 14.821433 0.000000 207 4
0.857971 14.816712 0.000000 207 4
0.907956 14.815519 0.000000 207 4
0.957918 14.817464 0.000000 207 4
1.007701 14.822122 0.000000 207 4
1.057218 14.829053 0.000000 207 4
1.106443 14.837825 0.000000 207 4
1.155393 14.848018 0.000000 207 4
1.204120 14.859230 0.000000 207 4
1.252697 14.871070 0.000000 207 4
1.301214 14.883160 0.000000 207 4
1.349761 14.895126 0.000000 207 4
1.398429 14.906590 0.000000 207 4
1.447297 14.917167 0.000000 207 4
1.496426 14.926459 0.000000 207 4
1.545847 14.934051 0.000000 207 4
1.595547 14.939516 0.000000 207 4
1.645463 14.942414 0.000000 207 4
0.000000 17.183282 0.000000 208 4
0.004299 17.133467 0.000000 208 4
0.008686 17.083660 0.000000 208 4
0.013257 17.033869 0.000000 208 4
0.018024 16.984097 0.000000 208 4
0.023000 16.934345 0.000000 208 4
0.028199 16.884616 0.000000 208 4
0.033637 16.834913 0.000000 208 4
0.039329 16.785238 0.000000 208 4
0.045295 16.735595 0.000000 208 4
0.051554 16.685988 0.000000 208 4
0.058129 16.636422 0.000000 208 4
0.065045 16.586903 0.000000 208 4
0.072327 16.537436 0.000000 208 4
0.080007 16.488030 0.000000 208 4
0.088118 16.438692 0.000000 208 4
0.096695 16.389433 0.000000 208 4
0.105781 16.340265 0.000000 208 4
0.115421 16.291203 0.000000 208 4
0.125666 16.242264 0.000000 208 4
0.136574 16.193469 0.000000 208 4
0.148211 16.144842 0.000000 208 4
0.160648 16.096413 0.000000 208 4
0.173967 16.048220 0.000000 208 4
0.188263 16.000307 0.000000 208 4
0.203638 15.952730 0.000000 208 4
0.220210 15.905556 0.000000 208 4
0.238112 15.858871 0.000000 208 4
0.257492 15.812779 0.000000 208 4
0.278512 15.767412 0.000000 208 4
0.301353 15.722934 0.000000 208 4
0.326207 15.679549 0.000000 208 4
0.353273 15.637508 0.000000 208 4
0.382750 15.597122 0.000000 208 4
0.414819 15.558760 0.000000 208 4
0.449620 15.522859 0.000000 208 4
0.487225 15.489906 0.000000 208 4
0.527605 15.460421 0.000000 208 4
0.570606 15.434906 0.000000 208 4
0.615930 15.413794 0.000000 208 4
0.663160 15.397383 0.000000 208 4
0.711796 15.385785 0.000000 208 4
0.761322 15.378918 0.000000 208 4
0.811264 15.376514 0.000000 208 4
0.861237 15.378169 0.000000 208 4
0.910963 15.383397 0.000000 208 4
0.960273 15.391674 0.000000 208 4
1.009092 15.402480 0.000000 208 4
1.057417 15.415313 0.000000 208 4
1.105301 15.429703 0.000000 208 4
1.152836 15.445210 0.000000 208 4
1.200136 15.461417 0.000000 208 4
1.247332 15.477927 0.000000 208 4
1.294558 15.494349 0.000000 208 4
1.341948 15.510291 0.000000 208 4
1.389628 15.525347 0.000000 208 4
1.437701 15.539092 0.000000 208 4
1.486245 15.551072 0.000000 208 4
1.535289 15.560801 0.000000 208 4
1.584801 15.567770 0.000000 208 4
1.634665 15.571451 0.000000 208 4
0.000000 13.279388 0.000000 209 4
0.005308 13.229671 0.000000 209 4
0.010725 13.179965 0.000000 209 4
0.016374 13.130285 0.000000 209 4
0.022269 13.080634 0.000000 209 4
0.028427 13.031015 0.000000 209 4
0.034866 12.981431 0.000000 209 4
0.041606 12.931887 0.000000 209 4
0.048667 12.882388 0.000000 209 4
0.056073 12.832940 0.000000 209 4
0.063850 12.783548 0.000000 209 4
0.072027 12.734222 0.000000 209 4
0.080635 12.684968 0.000000 209 4
0.089708 12.635798 0.000000 209 4
0.099285 12.586724 0.000000 209 4
0.109407 12.537759 0.000000 209 4
0.120123 12.488921 0.000000 209 4
0.131483 12.440229 0.000000 209 4
0.143547 12.391706 0.000000 209 4
0.156379 12.343381 0.000000 209 4
0.170052 12.295286 0.000000 209 4
0.184646 12.247464 0.000000 209 4
0.200252 12.199961 0.000000 209 4
0.216970 12.152839 0.000000 209 4
0.234911 12.106169 0.000000 209 4
0.254200 12.060039 0.000000 209 4
0.274972 12.014558 0.000000 209 4
0.297374 11.969858 0.000000 209 4
0.321565 11.926099 0.000000 209 4
0.347709 11.883479 0.000000 209 4
0.375974 11.842235 0.000000 209 4
0.406519 11.802649 0.000000 209 4
0.439482 11.765054 0.000000 209 4
0.474965 11.729826 0.000000 209 4
0.513009 11.697382 0.000000 209 4
0.553574 11.668151 0.000000 209 4
0.596523 11.642549 0.000000 209 4
0.641610 11.620935 0.000000 209 4
0.688497 11.603568 0.000000 209 4
0.736779 11.590573 0.000000 209 4
0.786025 11.581923 0.000000 209 4
0.835824 11.577445 0.000000 209 4
0.885820 11.576849 0.000000 209 4
0.935735 11.579761 0.000000 209 4
0.985374 11.585759 0.000000 209 4
1.034621 11.594406 0.000000 209 4
1.083426 11.605269 0.000000 209 4
1.131796 11.617935 0.000000 209 4
1.179774 11.632010 0.000000 209 4
1.227435 11.647124 0.000000 209 4
1.274872 11.662927 0.000000 209 4
1.322190 11.679082 0.000000 209 4
1.369501 11.695259 0.000000 209 4
1.416915 11.711129 0.000000 209 4
1.464540 11.726356 0.000000 209 4
1.512471 11.740592 0.000000 209 4
1.560784 11.753469 0.000000 209 4
1.609530 11.764599 0.000000 209 4
1.658718 11.773569 0.000000 209 4
1.708310 11.779948 0.000000 209 4
1.758197 11.783300 0.000000 209 4
0.000000 35.547521 0.000000 210 4
0.007176 35.498039 0.000000 210 4
0.014428 35.448567 0.000000 210 4
0.021838 35.399119 0.000000 210 4
0.029411 35.349696 0.000000 210 4
0.037152 35.300299 0.000000 210 4
0.045069 35.250930 0.000000 210 4
0.053168 35.201590 0.000000 210 4
0.061456 35.152282 0.000000 210 4
0.069939 35.103007 0.000000 210 4
0.078626 35.053767 0.000000 210 4
0.087525 35.004566 0.000000 210 4
0.096644 34.955404 0.000000 210 4
0.105992 34.906286 0.000000 210 4
0.115580 34.857214 0.000000 210 4
0.125416 34.808191 0.000000 210 4
0.135513 34.759221 0.000000 210 4
0.145880 34.710307 0.000000 210 4
0.156532 34.661455 0.000000 210 4
0.167479 34.612668 0.000000 210 4
0.178737 34.563952 0.000000 210 4
0.190320 34.515312 0.000000 210 4
0.202243 34.466755 0.000000 210 4
0.214523 34.418286 0.000000 210 4
0.227179 34.369914 0.000000 210 4
0.240228 34.321647 0.000000 210 4
0.253692 34.273494 0.000000 210 4
0.267592 34.225465 0.000000 210 4
0.281952 34.177572 0.000000 210 4
0.296798 34.129826 0.000000 210 4
0.312156 34.082243 0.000000 210 4
0.328055 34.034839 0.000000 210 4
0.344528 33.987630 0.000000 210 4
0.361607 33.940638 0.000000 210 4
0.379330 33.893884 0.000000 210 4
0.397736 33.847395 0.000000 210 4
0.416868 33.801200 0.000000 210 4
0.436771 33.755332 0.000000 210 4
0.457495 33.709829 0.000000 210 4
0.479094 33.664735 0.000000 210 4
0.501624 33.620099 0.000000 210 4
0.525148 33.575978 0.000000 210 4
0.549730 33.532439 0.000000 210 4
0.575442 33.489556 0.000000 210 4
0.602356 33.447418 0.000000 210 4
0.630551 33.406125 0.000000 210 4
0.660106 33.365795 0.000000 210 4
0.691102 33.326562 0.000000 210 4
0.723620 33.288581 0.000000 210 4
0.757736 33.252029 0.000000 210 4
0.793520 33.217107 0.000000 210 4
0.831027 33.184043 0.000000 210 4
0.870294 33.153090 0.000000 210 4
0.911329 33.124522 0.000000 210 4
0.954107 33.098636 0.000000 210 4
0.998554 33.075735 0.000000 210 4
1.044546 33.056121 0.000000 210 4
1.091902 33.040077 0.000000 210 4
1.140383 33.027846 0.000000 210 4
1.189701 33.019618 0.000000 210 4
1.239532 33.015505 0.000000 210 4
0.000000 37.199098 0.000000 211 4
0.005102 37.149359 0.000000 211 4
0.010281 37.099628 0.000000 211 4
0.015622 37.049914 0.000000 211 4
0.021132 37.000218 0.000000 211 4
0.026819 36.950543 0.000000 211 4
0.032691 36.900889 0.000000 211 4
0.038758 36.851258 0.000000 211 4
0.045029 36.801653 0.000000 211 4
0.051515 36.752075 0.000000 211 4
0.058227 36.702528 0.000000 211 4
0.065176 36.653013 0.000000 211 4
0.072376 36.603534 0.000000 211 4
0.079840 36.554095 0.000000 211 4
0.087582 36.504698 0.000000 211 4
0.095618 36.455348 0.000000 211 4
0.103965 36.406049 0.000000 211 4
0.112640 36.356808 0.000000 211 4
0.121662 36.307628 0.000000 211 4
0.131054 36.258518 0.000000 211 4
0.140836 36.209484 0.000000 211 4
0.151032 36.160535 0.000000 211 4
0.161670 36.111680 0.000000 211 4
0.172776 36.062929 0.000000 211 4
0.184381 36.014294 0.000000 211 4
0.196518 35.965790 0.000000 211 4
0.209221 35.917430 0.000000 211 4
0.222528 35.869234 0.000000 211 4
0.236482 35.821220 0.000000 211 4
0.251126 35.773413 0.000000 211 4
0.266507 35.725837 0.000000 211 4
0.282678 35.678525 0.000000 211 4
0.299694 35.631509 0.000000 211 4
0.317614 35.584831 0.000000 211 4
0.336501 35.538535 0.000000 211 4
0.356424 35.492676 0.000000 211 4
0.377453 35.447313 0.000000 211 4
0.399664 35.402517 0.000000 211 4
0.423134 35.358368 0.000000 211 4
0.447942 35.314956 0.000000 211 4
0.474168 35.272387 0.000000 211 4
0.501892 35.230776 0.000000 211 4
0.531187 35.190257 0.000000 211 4
0.562120 35.150975 0.000000 211 4
0.594749 35.113088 0.000000 211 4
0.629113 35.076769 0.000000 211 4
0.665235 35.042197 0.000000 211 4
0.703109 35.009554 0.000000 211 4
0.742704 34.979022 0.000000 211 4
0.783958 34.950771 0.000000 211 4
0.826775 34.924950 0.000000 211 4
0.871030 34.901681 0.000000 211 4
0.916575 34.881049 0.000000 211 4
0.963240 34.863095 0.000000 211 4
1.010848 34.847814 0.000000 211 4
1.059219 34.835157 0.000000 211 4
1.108182 34.825026 0.000000 211 4
1.157580 34.817290 0.000000 211 4
1.207276 34.811783 0.000000 211 4
1.257156 34.808314 0.000000 211 4
1.307129 34.806678 0.000000 211 4
0.000000 38.850674 0.000000 212 4
0.003955 38.800831 0.000000 212 4
0.007980 38.750993 0.000000 212 4
0.012152 38.701168 0.000000 212 4
0.016479 38.651355 0.000000 212 4
0.020969 38.601557 0.000000 212 4
0.025632 38.551775 0.000000 212 4
0.030478 38.502011 0.000000 212 4
0.035518 38.452265 0.000000 212 4
0.040764 38.402541 0.000000 212 4
0.046228 38.352841 0.000000 212 4
0.051924 38.303166 0.000000 212 4
0.057867 38.253521 0.000000 212 4
0.064074 38.203907 0.000000 212 4
0.070561 38.154330 0.000000 212 4
0.077348 38.104793 0.000000 212 4
0.084457 38.055301 0.000000 212 4
0.091909 38.005859 0.000000 212 4
0.099729 37.956475 0.000000 212 4
0.107946 37.907154 0.000000 212 4
0.116589 37.857907 0.000000 212 4
0.125691 37.808742 0.000000 212 4
0.135288 37.759672 0.000000 212 4
0.145421 37.710710 0.000000 212 4
0.156133 37.661870 0.000000 212 4
0.167472 37.613173 0.000000 212 4
0.179493 37.564640 0.000000 212 4
0.192255 37.516296 0.000000 212 4
0.205824 37.468172 0.000000 212 4
0.220271 37.420305 0.000000 212 4
0.235676 37.372737 0.000000 212 4
0.252127 37.325521 0.000000 212 4
0.269721 37.278719 0.000000 212 4
0.288561 37.232404 0.000000 212 4
0.308762 37.186667 0.000000 212 4
0.330444 37.141612 0.000000 212 4
0.353734 37.097368 0.000000 212 4
0.378765 37.054084 0.000000 212 4
0.405667 37.011939 0.000000 212 4
0.434565 36.971135 0.000000 212 4
0.465571 36.931910 0.000000 212 4
0.498769 36.894521 0.000000 212 4
0.534210 36.859252 0.000000 212 4
0.571896 36.826392 0.000000 212 4
0.611768 36.796223 0.000000 212 4
0.653706 36.768997 0.000000 212 4
0.697523 36.744912 0.000000 212 4
0.742982 36.724093 0.000000 212 4
0.789811 36.706570 0.000000 212 4
0.837725 36.692280 0.000000 212 4
0.886451 36.681063 0.000000 212 4
0.935744 36.672681 0.000000 212 4
0.985401 36.666835 0.000000 212 4
1.035267 36.663178 0.000000 212 4
1.085233 36.661341 0.000000 212 4
1.135231 36.660935 0.000000 212 4
1.185227 36.661568 0.000000 212 4
1.235211 36.662847 0.000000 212 4
1.285187 36.664377 0.000000 212 4
1.335168 36.665766 0.000000 212 4
1.385161 36.666618 0.000000 212 4
0.000000 30.376688 0.000000 213 4
0.004297 30.326873 0.000000 213 4
0.008678 30.277066 0.000000 213 4
0.013232 30.227273 0.000000 213 4
0.017970 30.177498 0.000000 213 4
0.022904 30.127743 0.000000 213 4
0.028047 30.078008 0.000000 213 4
0.033410 30.028296 0.000000 213 4
0.039010 29.978611 0.000000 213 4
0.044862 29.928954 0.000000 213 4
0.050983 29.879330 0.000000 213 4
0.057392 29.829743 0.000000 213 4
0.064109 29.780196 0.000000 213 4
0.071158 29.730695 0.000000 213 4
0.078562 29.681247 0.000000 213 4
0.086350 29.631857 0.000000 213 4
0.094551 29.582534 0.000000 213 4
0.103199 29.533288 0.000000 213 4
0.112329 29.484128 0.000000 213 4
0.121984 29.435069 0.000000 213 4
0.132207 29.386126 0.000000 213 4
0.143049 29.337315 0.000000 213 4
0.154566 29.288660 0.000000 213 4
0.166819 29.240184 0.000000 213 4
0.179877 29.191920 0.000000 213 4
0.193819 29.143903 0.000000 213 4
0.208729 29.096178 0.000000 213 4
0.224704 29.048798 0.000000 213 4
0.241849 29.001830 0.000000 213 4
0.260282 28.955352 0.000000 213 4
0.280133 28.909461 0.000000 213 4
0.301540 28.864275 0.000000 213 4
0.324656 28.819939 0.000000 213 4
0.349637 28.776628 0.000000 213 4
0.376646 28.734550 0.000000 213 4
0.405838 28.693956 0.000000 213 4
0.437354 28.655140 0.000000 213 4
0.471304 28.618433 0.000000 213 4
0.507752 28.584205 0.000000 213 4
0.546691 28.552840 0.000000 213 4
0.588030 28.524714 0.000000 213 4
0.631588 28.500164 0.000000 213 4
0.677093 28.479444 0.000000 213 4
0.724204 28.462695 0.000000 213 4
0.772546 28.449927 0.000000 213 4
0.821746 28.441014 0.000000 213 4
0.871464 28.435712 0.000000 213 4
0.921422 28.433685 0.000000 213 4
0.971415 28.434537 0.000000 213 4
1.021306 28.437842 0.000000 213 4
1.071022 28.443161 0.000000 213 4
1.120544 28.450059 0.000000 213 4
1.169892 28.458110 0.000000 213 4
1.219113 28.466899 0.000000 213 4
1.268274 28.476021 0.000000 213 4
1.317448 28.485073 0.000000 213 4
1.366706 28.493653 0.000000 213 4
1.416110 28.501352 0.000000 213 4
1.465699 28.507751 0.000000 213 4
1.515480 28.512422 0.000000 213 4
1.565417 28.514926 0.000000 213 4
0.000000 23.711528 0.000000 214 4
0.004832 23.661762 0.000000 214 4
0.009762 23.612006 0.000000 214 4
0.014899 23.562270 0.000000 214 4
0.020256 23.512558 0.000000 214 4
0.025846 23.462872 0.000000 214 4
0.031687 23.413214 0.000000 214 4
0.037794 23.363588 0.000000 214 4
0.044187 23.313999 0.000000 214 4
0.050886 23.264450 0.000000 214 4
0.057913 23.214946 0.000000 214 4
0.065293 23.165493 0.000000 214 4
0.073053 23.116099 0.000000 214 4
0.081223 23.066771 0.000000 214 4
0.089836 23.017519 0.000000 214 4
0.098928 22.968352 0.000000 214 4
0.108541 22.919285 0.000000 214 4
0.118717 22.870332 0.000000 214 4
0.129509 22.821510 0.000000 214 4
0.140971 22.772842 0.000000 214 4
0.153167 22.724352 0.000000 214 4
0.166164 22.676071 0.000000 214 4
0.180042 22.628035 0.000000 214 4
0.194888 22.580290 0.000000 214 4
0.210798 22.532889 0.000000 214 4
0.227882 22.485898 0.000000 214 4
0.246260 22.439398 0.000000 214 4
0.266065 22.393488 0.000000 214 4
0.287444 22.348289 0.000000 214 4
0.310556 22.303951 0.000000 214 4
0.335569 22.260657 0.000000 214 4
0.362654 22.218629 0.000000 214 4
0.391984 22.178135 0.000000 214 4
0.423713 22.139492 0.000000 214 4
0.457968 22.103069 0.000000 214 4
0.494819 22.069276 0.000000 214 4
0.534265 22.038551 0.000000 214 4
0.576205 22.011330 0.000000 214 4
0.620431 21.988004 0.000000 214 4
0.666628 21.968876 0.000000 214 4
0.714401 21.954120 0.000000 214 4
0.763314 21.943753 0.000000 214 4
0.812939 21.937637 0.000000 214 4
0.862893 21.935499 0.000000 214 4
0.912871 21.936971 0.000000 214 4
0.962654 21.941623 0.000000 214 4
1.012107 21.949002 0.000000 214 4
1.061166 21.958654 0.000000 214 4
1.109829 21.970141 0.000000 214 4
1.158135 21.983045 0.000000 214 4
1.206157 21.996970 0.000000 214 4
1.253988 22.011538 0.000000 214 4
1.301733 22.026384 0.000000 214 4
1.349503 22.041150 0.000000 214 4
1.397407 22.055474 0.000000 214 4
1.445546 22.068986 0.000000 214 4
1.494006 22.081302 0.000000 214 4
1.542845 22.092015 0.000000 214 4
1.592085 22.100699 0.000000 214 4
1.641698 22.106905 0.000000 214 4
1.691591 22.110179 0.000000 214 4
0.000000 18.480405 0.000000 215 4
0.005566 18.430716 0.000000 215 4
0.011248 18.381040 0.000000 215 4
0.017177 18.331393 0.000000 215 4
0.023370 18.281777 0.000000 215 4
0.029843 18.232198 0.000000 215 4
0.036617 18.182659 0.000000 215 4
0.043712 18.133165 0.000000 215 4
0.051153 18.083722 0.000000 215 4
0.058965 18.034336 0.000000 215 4
0.067177 17.985015 0.000000 215 4
0.075818 17.935767 0.000000 215 4
0.084925 17.886604 0.000000 215 4
0.094535 17.837536 0.000000 215 4
0.104689 17.788578 0.000000 215 4
0.115436 17.739746 0.000000 215 4
0.126827 17.691061 0.000000 215 4
0.138919 17.642546 0.000000 215 4
0.151778 17.594227 0.000000 215 4
0.165476 17.546140 0.000000 215 4
0.180093 17.498325 0.000000 215 4
0.195719 17.450829 0.000000 215 4
0.212454 17.403713 0.000000 215 4
0.230410 17.357048 0.000000 215 4
0.249710 17.310923 0.000000 215 4
0.270489 17.265445 0.000000 215 4
0.292895 17.220747 0.000000 215 4
0.317087 17.176989 0.000000 215 4
0.343231 17.134369 0.000000 215 4
0.371495 17.093124 0.000000 215 4
0.402040 17.053538 0.000000 215 4
0.435008 17.015947 0.000000 215 4
0.470503 16.980732 0.000000 215 4
0.508571 16.948315 0.000000 215 4
0.549174 16.919136 0.000000 215 4
0.592175 16.893624 0.000000 215 4
0.637329 16.872150 0.000000 215 4
0.684291 16.854988 0.000000 215 4
0.732648 16.842275 0.000000 215 4
0.781958 16.833993 0.000000 215 4
0.831796 16.829975 0.000000 215 4
0.881796 16.829931 0.000000 215 4
0.931669 16.833484 0.000000 215 4
0.981215 16.840212 0.000000 215 4
1.030311 16.849674 0.000000 215 4
1.078908 16.861438 0.000000 215 4
1.127008 16.875089 0.000000 215 4
1.174658 16.890239 0.000000 215 4
1.221931 16.906525 0.000000 215 4
1.268924 16.923603 0.000000 215 4
1.315744 16.941150 0.000000 215 4
1.362506 16.958850 0.000000 215 4
1.409328 16.976393 0.000000 215 4
1.456324 16.993462 0.000000 215 4
1.503603 17.009732 0.000000 215 4
1.551258 17.024863 0.000000 215 4
1.599366 17.038489 0.000000 215 4
1.647970 17.050221 0.000000 215 4
1.697074 17.059645 0.000000 215 4
1.746625 17.066329 0.000000 215 4
1.796502 17.069831 0.000000 215 4
0.000000 14.382873 0.000000 216 4
0.006524 14.333300 0.000000 216 4
0.013188 14.283746 0.000000 216 4
0.020148 14.234233 0.000000 216 4
0.027425 14.184766 0.000000 216 4
0.035040 14.135349 0.000000 216 4
0.043017 14.085989 0.000000 216 4
0.051383 14.036694 0.000000 216 4
0.060167 13.987472 0.000000 216 4
0.069400 13.938332 0.000000 216 4
0.079118 13.889285 0.000000 216 4
0.089359 13.840345 0.000000 216 4
0.100165 13.791527 0.000000 216 4
0.111584 13.742848 0.000000 216 4
0.123667 13.694330 0.000000 216 4
0.136474 13.645998 0.000000 216 4
0.150067 13.597881 0.000000 216 4
0.164518 13.550015 0.000000 216 4
0.179906 13.502442 0.000000 216 4
0.196319 13.455213 0.000000 216 4
0.213855 13.408389 0.000000 216 4
0.232619 13.362043 0.000000 216 4
0.252731 13.316266 0.000000 216 4
0.274318 13.271166 0.000000 216 4
0.297518 13.226875 0.000000 216 4
0.322479 13.183551 0.000000 216 4
0.349351 13.141386 0.000000 216 4
0.378287 13.100609 0.000000 216 4
0.409428 13.061491 0.000000 216 4
0.442897 13.024346 0.000000 216 4
0.478781 12.989527 0.000000 216 4
0.517113 12.957423 0.000000 216 4
0.557853 12.928435 0.000000 216 4
0.600873 12.902954 0.000000 216 4
0.645952 12.881324 0.000000 216 4
0.692782 12.863803 0.000000 216 4
0.740989 12.850536 0.000000 216 4
0.790172 12.841533 0.000000 216 4
0.839935 12.836672 0.000000 216 4
0.889926 12.835720 0.000000 216 4
0.939857 12.838357 0.000000 216 4
0.989513 12.844211 0.000000 216 4
1.038754 12.852888 0.000000 216 4
1.087506 12.863991 0.000000 216 4
1.135746 12.877138 0.000000 216 4
1.183497 12.891967 0.000000 216 4
1.230810 12.908137 0.000000 216 4
1.277760 12.925333 0.000000 216 4
1.324437 12.943255 0.000000 216 4
1.370943 12.961619 0.000000 216 4
1.417382 12.980151 0.000000 216 4
1.463862 12.998578 0.000000 216 4
1.510491 13.016627 0.000000 216 4
1.557370 13.034016 0.000000 216 4
1.604592 13.050451 0.000000 216 4
1.652236 13.065618 0.000000 216 4
1.700360 13.079184 0.000000 216 4
1.748994 13.090792 0.000000 216 4
1.798127 13.100064 0.000000 216 4
1.847697 13.106605 0.000000 216 4
1.897581 13.110018 0.000000 216 4
0.000000 14.087964 0.000000 217 4
0.010167 14.136920 0.000000 217 4
0.020591 14.185821 0.000000 217 4
0.031562 14.234603 0.000000 217 4
0.043124 14.283247 0.000000 217 4
0.055326 14.331736 0.000000 217 4
0.068222 14.380044 0.000000 217 4
0.081871 14.428145 0.000000 217 4
0.096341 14.476006 0.000000 217 4
0.111704 14.523587 0.000000 217 4
0.128043 14.570842 0.000000 217 4
0.145448 14.617714 0.000000 217 4
0.164021 14.664137 0.000000 217 4
0.183873 14.710027 0.000000 217 4
0.205126 14.755285 0.000000 217 4
0.227914 14.799791 0.000000 217 4
0.252379 14.843396 0.000000 217 4
0.278673 14.885924 0.000000 217 4
0.306953 14.927158 0.000000 217 4
0.337374 14.966839 0.000000 217 4
0.370076 15.004662 0.000000 217 4
0.405179 15.040268 0.000000 217 4
0.442755 15.073253 0.000000 217 4
0.482812 15.103177 0.000000 217 4
0.525270 15.129584 0.000000 217 4
0.569946 15.152035 0.000000 217 4
0.616547 15.170156 0.000000 217 4
0.664684 15.183676 0.000000 217 4
0.713906 15.192466 0.000000 217 4
0.763738 15.196551 0.000000 217 4
0.813736 15.196106 0.000000 217 4
0.863517 15.191423 0.000000 217 4
0.912780 15.182873 0.000000 217 4
0.961317 15.170867 0.000000 217 4
1.009002 15.155827 0.000000 217 4
1.055775 15.138156 0.000000 217 4
1.101634 15.118232 0.000000 217 4
1.146614 15.096397 0.000000 217 4
1.190780 15.072957 0.000000 217 4
1.234213 15.048188 0.000000 217 4
1.277010 15.022333 0.000000 217 4
1.319270 14.995612 0.000000 217 4
1.361101 14.968222 0.000000 217 4
1.402610 14.940348 0.000000 217 4
1.443907 14.912159 0.000000 217 4
1.485100 14.883820 0.000000 217 4
1.526301 14.855491 0.000000 217 4
1.567617 14.827332 0.000000 217 4
1.609160 14.799507 0.000000 217 4
1.651037 14.772189 0.000000 217 4
1.693357 14.745562 0.000000 217 4
1.736226 14.719826 0.000000 217 4
1.779743 14.695205 0.000000 217 4
1.824004 14.671946 0.000000 217 4
1.869088 14.650325 0.000000 217 4
1.915056 14.630656 0.000000 217 4
1.961942 14.613284 0.000000 217 4
2.009734 14.598590 0.000000 217 4
2.058368 14.586982 0.000000 217 4
2.107707 14.578880 0.000000 217 4
2.157531 14.574693 0.000000 217 4
0.000000 20.022635 0.000000 218 4
0.011376 20.071324 0.000000 218 4
0.023036 20.119945 0.000000 218 4
0.035300 20.168418 0.000000 218 4
0.048216 20.216721 0.000000 218 4
0.061836 20.264830 0.000000 218 4
0.076217 20.312717 0.000000 218 4
0.091423 20.360349 0.000000 218 4
0.107523 20.407686 0.000000 218 4
0.124593 20.454682 0.000000 218 4
0.142719 20.501280 0.000000 218 4
0.161993 20.547416 0.000000 218 4
0.182515 20.593011 0.000000 218 4
0.204395 20.637969 0.000000 218 4
0.227751 20.682179 0.000000 218 4
0.252707 20.725505 0.000000 218 4
0.279395 20.767787 0.000000 218 4
0.307946 20.808834 0.000000 218 4
0.338490 20.848420 0.000000 218 4
0.371145 20.886284 0.000000 218 4
0.406008 20.922124 0.000000 218 4
0.443143 20.955606 0.000000 218 4
0.482562 20.986365 0.000000 218 4
0.524215 21.014024 0.000000 218 4
0.567974 21.038215 0.000000 218 4
0.613626 21.058608 0.000000 218 4
0.660882 21.074943 0.000000 218 4
0.709394 21.087054 0.000000 218 4
0.758775 21.094892 0.000000 218 4
0.808643 21.098526 0.000000 218 4
0.858641 21.098131 0.000000 218 4
0.908468 21.093964 0.000000 218 4
0.957883 21.086340 0.000000 218 4
1.006717 21.075604 0.000000 218 4
1.054860 21.062105 0.000000 218 4
1.102259 21.046188 0.000000 218 4
1.148901 21.028175 0.000000 218 4
1.194810 21.008365 0.000000 218 4
1.240031 20.987033 0.000000 218 4
1.284628 20.964426 0.000000 218 4
1.328678 20.940770 0.000000 218 4
1.372265 20.916272 0.000000 218 4
1.415479 20.891121 0.000000 218 4
1.458412 20.865494 0.000000 218 4
1.501159 20.839557 0.000000 218 4
1.543816 20.813473 0.000000 218 4
1.586478 20.787398 0.000000 218 4
1.629243 20.761490 0.000000 218 4
1.672205 20.735912 0.000000 218 4
1.715459 20.710830 0.000000 218 4
1.759098 20.686424 0.000000 218 4
1.803210 20.662885 0.000000 218 4
1.847879 20.640420 0.000000 218 4
1.893180 20.619259 0.000000 218 4
1.939176 20.599652 0.000000 218 4
1.985910 20.581877 0.000000 218 4
2.033400 20.566236 0.000000 218 4
2.081631 20.553055 0.000000 218 4
2.130543 20.542678 0.000000 218 4
2.180018 20.535456 0.000000 218 4
2.229880 20.531731 0.000000 218 4
0.000000 28.348423 0.000000 219 4
0.016537 28.395609 0.000000 219 4
0.033461 28.442658 0.000000 219 4
0.051202 28.489405 0.000000 219 4
0.069816 28.535811 0.000000 219 4
0.089359 28.581833 0.000000 219 4
0.109895 28.627421 0.000000 219 4
0.131490 28.672518 0.000000 219 4
0.154212 28.717056 0.000000 219 4
0.178135 28.760962 0.000000 219 4
0.203333 28.804148 0.000000 219 4
0.229882 28.846517 0.000000 219 4
0.257860 28.887957 0.000000 219 4
0.287341 28.928341 0.000000 219 4
0.318395 28.967528 0.000000 219 4
0.351084 29.005362 0.000000 219 4
0.385460 29.041671 0.000000 219 4
0.421558 29.076268 0.000000 219 4
0.459391 29.108957 0.000000 219 4
0.498950 29.139537 0.000000 219 4
0.540194 29.167803 0.000000 219 4
0.583048 29.193562 0.000000 219 4
0.627405 29.216637 0.000000 219 4
0.673125 29.236877 0.000000 219 4
0.720040 29.254168 0.000000 219 4
0.767961 29.268438 0.000000 219 4
0.816684 29.279666 0.000000 219 4
0.866005 29.287875 0.000000 219 4
0.915728 29.293136 0.000000 219 4
0.965669 29.295563 0.000000 219 4
1.015668 29.295299 0.000000 219 4
1.065590 29.292516 0.000000 219 4
1.115328 29.287400 0.000000 219 4
1.164799 29.280149 0.000000 219 4
1.213948 29.270962 0.000000 219 4
1.262740 29.260039 0.000000 219 4
1.311161 29.247572 0.000000 219 4
1.359213 29.233749 0.000000 219 4
1.406910 29.218749 0.000000 219 4
1.454278 29.202741 0.000000 219 4
1.501352 29.185888 0.000000 219 4
1.548173 29.168344 0.000000 219 4
1.594787 29.150258 0.000000 219 4
1.641244 29.131771 0.000000 219 4
1.687595 29.113022 0.000000 219 4
1.733896 29.094146 0.000000 219 4
1.780200 29.075279 0.000000 219 4
1.826561 29.056555 0.000000 219 4
1.873034 29.038109 0.000000 219 4
1.919671 29.020080 0.000000 219 4
1.966520 29.002613 0.000000 219 4
2.013628 28.985854 0.000000 219 4
2.061035 28.969960 0.000000 219 4
2.108773 28.955093 0.000000 219 4
2.156869 28.941425 0.000000 219 4
2.205335 28.929136 0.000000 219 4
2.254172 28.918413 0.000000 219 4
2.303362 28.909451 0.000000 219 4
2.352869 28.902448 0.000000 219 4
2.402634 28.897606 0.000000 219 4
2.452572 28.895119 0.000000 219 4
0.000000 30.000000 0.000000 220 4
0.050000 30.000000 0.000000 220 4
0.100000 30.000000 0.000000 220 4
0.150000 30.000000 0.000000 220 4
0.200000 30.000000 0.000000 220 4
0.250000 30.000000 0.000000 220 4
0.300000 30.000000 0.000000 220 4
0.350000 30.000000 0.000000 220 4
0.400000 30.000000 0.000000 220 4
0.450000 30.000000 0.000000 220 4
0.500000 30.000000 0.000000 220 4
0.550000 30.000000 0.000000 220 4
0.600000 30.000000 0.000000 220 4
0.650000 30.000000 0.000000 220 4
0.700000 30.000000 0.000000 220 4
0.750000 30.000000 0.000000 220 4
0.800000 30.000000 0.000000 220 4
0.850000 30.000000 0.000000 220 4
0.900000 30.000000 0.000000 220 4
0.950000 30.000000 0.000000 220 4
1.000000 30.000000 0.000000 220 4
1.050000 30.000000 0.000000 220 4
1.100000 30.000000 0.000000 220 4
1.150000 30.000000 0.000000 220 4
1.200000 30.000000 0.000000 220 4
1.250000 30.000000 0.000000 220 4
1.300000 30.000000 0.000000 220 4
1.350000 30.000000 0.000000 220 4
1.400000 30.000000 0.000000 220 4
1.450000 30.000000 0.000000 220 4
1.500000 30.000000 0.000000 220 4
1.550000 30.000000 0.000000 220 4
1.600000 30.000000 0.000000 220 4
1.650000 30.000000 0.000000 220 4
1.700000 30.000000 0.000000 220 4
1.750000 30.000000 0.000000 220 4
1.800000 30.000000 0.000000 220 4
1.850000 30.000000 0.000000 220 4
1.900000 30.000000 0.000000 220 4
1.950000 30.000000 0.000000 220 4
2.000000 30.000000 0.000000 220 4
2.050000 30.000000 0.000000 220 4
2.100000 30.000000 0.000000 220 4
2.150000 30.000000 0.000000 220 4
2.200000 30.000000 0.000000 220 4
2.250000 30.000000 0.000000 220 4
2.300000 30.000000 0.000000 220 4
2.350000 30.000000 0.000000 220 4
2.400000 30.000000 0.000000 220 4
2.450000 30.000000 0.000000 220 4
2.500000 30.000000 0.000000 220 4
2.550000 30.000000 0.000000 220 4
2.600000 30.000000 0.000000 220 4
2.650000 30.000000 0.000000 220 4
2.700000 30.000000 0.000000 220 4
2.750000 30.000000 0.000000 220 4
2.800000 30.000000 0.000000 220 4
2.850000 30.000000 0.000000 220 4
2.900000 30.000000 0.000000 220 4
2.950000 30.000000 0.000000 220 4
3.000000 30.000000 0.000000 220 4
0.000000 31.651577 0.000000 221 4
0.016537 31.604391 0.000000 221 4
0.033461 31.557342 0.000000 221 4
0.051202 31.510595 0.000000 221 4
0.069816 31.464189 0.000000 221 4
0.089359 31.418167 0.000000 221 4
0.109895 31.372579 0.000000 221 4
0.131490 31.327482 0.000000 221 4
0.154212 31.282944 0.000000 221 4
0.178135 31.239038 0.000000 221 4
0.203333 31.195852 0.000000 221 4
0.229882 31.153483 0.000000 221 4
0.257860 31.112043 0.000000 221 4
0.287341 31.071659 0.000000 221 4
0.318395 31.032472 0.000000 221 4
0.351084 30.994638 0.000000 221 4
0.385460 30.958329 0.000000 221 4
0.421558 30.923732 0.000000 221 4
0.459391 30.891043 0.000000 221 4
0.498950 30.860463 0.000000 221 4
0.540194 30.832197 0.000000 221 4
0.583048 30.806438 0.000000 221 4
0.627405 30.783363 0.000000 221 4
0.673125 30.763123 0.000000 221 4
0.720040 30.745832 0.000000 221 4
0.767961 30.731562 0.000000 221 4
0.816684 30.720334 0.000000 221 4
0.866005 30.712125 0.000000 221 4
0.915728 30.706864 0.000000 221 4
0.965669 30.704437 0.000000 221 4
1.015668 30.704701 0.000000 221 4
1.065590 30.707484 0.000000 221 4
1.115328 30.712600 0.000000 221 4
1.164799 30.719851 0.000000 221 4
1.213948 30.729038 0.000000 221 4
1.262740 30.739961 0.000000 221 4
1.311161 30.752428 0.000000 221 4
1.359213 30.766251 0.000000 221 4
1.406910 30.781251 0.000000 221 4
1.454278 30.797259 0.000000 221 4
1.501352 30.814112 0.000000 221 4
1.548173 30.831656 0.000000 221 4
1.594787 30.849742 0.000000 221 4
1.641244 30.868229 0.000000 221 4
1.687595 30.886978 0.000000 221 4
1.733896 30.905854 0.000000 221 4
1.780200 30.924721 0.000000 221 4
1.826561 30.943445 0.000000 221 4
1.873034 30.961891 0.000000 221 4
1.919671 30.979920 0.000000 221 4
1.966520 30.997387 0.000000 221 4
2.013628 31.014146 0.000000 221 4
2.061035 31.030040 0.000000 221 4
2.108773 31.044907 0.000000 221 4
2.156869 31.058575 0.000000 221 4
2.205335 31.070864 0.000000 221 4
2.254172 31.081587 0.000000 221 4
2.303362 31.090549 0.000000 221 4
2.352869 31.097552 0.000000 221 4
2.402634 31.102394 0.000000 221 4
2.452572 31.104881 0.000000 221 4
0.000000 24.977365 0.000000 222 4
0.011376 24.928676 0.000000 222 4
0.023036 24.880055 0.000000 222 4
0.035300 24.831582 0.000000 222 4
0.048216 24.783279 0.000000 222 4
0.061836 24.735170 0.000000 222 4
0.076217 24.687283 0.000000 222 4
0.091423 24.639651 0.000000 222 4
0.107523 24.592314 0.000000 222 4
0.124593 24.545318 0.000000 222 4
0.142719 24.498720 0.000000 222 4
0.161993 24.452584 0.000000 222 4
0.182515 24.406989 0.000000 222 4
0.204395 24.362031 0.000000 222 4
0.227751 24.317821 0.000000 222 4
0.252707 24.274495 0.000000 222 4
0.279395 24.232213 0.000000 222 4
0.307946 24.191166 0.000000 222 4
0.338490 24.151580 0.000000 222 4
0.371145 24.113716 0.000000 222 4
0.406008 24.077876 0.000000 222 4
0.443143 24.044394 0.000000 222 4
0.482562 24.013635 0.000000 222 4
0.524215 23.985976 0.000000 222 4
0.567974 23.961785 0.000000 222 4
0.613626 23.941392 0.000000 222 4
0.660882 23.925057 0.000000 222 4
0.709394 23.912946 0.000000 222 4
0.758775 23.905108 0.000000 222 4
0.808643 23.901474 0.000000 222 4
0.858641 23.901869 0.000000 222 4
0.908468 23.906036 0.000000 222 4
0.957883 23.913660 0.000000 222 4
1.006717 23.924396 0.000000 222 4
1.054860 23.937895 0.000000 222 4
1.102259 23.953812 0.000000 222 4
1.148901 23.971825 0.000000 222 4
1.194810 23.991635 0.000000 222 4
1.240031 24.012967 0.000000 222 4
1.284628 24.035574 0.000000 222 4
1.328678 24.059230 0.000000 222 4
1.372265 24.083728 0.000000 222 4
1.415479 24.108879 0.000000 222 4
1.458412 24.134506 0.000000 222 4
1.501159 24.160443 0.000000 222 4
1.543816 24.186527 0.000000 222 4
1.586478 24.212602 0.000000 222 4
1.629243 24.238510 0.000000 222 4
1.672205 24.264088 0.000000 222 4
1.715459 24.289170 0.000000 222 4
1.759098 24.313576 0.000000 222 4
1.803210 24.337115 0.000000 222 4
1.847879 24.359580 0.000000 222 4
1.893180 24.380741 0.000000 222 4
1.939176 24.400348 0.000000 222 4
1.985910 24.418123 0.000000 222 4
2.033400 24.433764 0.000000 222 4
2.081631 24.446945 0.000000 222 4
2.130543 24.457322 0.000000 222 4
2.180018 24.464544 0.000000 222 4
2.229880 24.468269 0.000000 222 4
0.000000 19.662036 0.000000 223 4
0.010167 19.613080 0.000000 223 4
0.020591 19.564179 0.000000 223 4
0.031562 19.515397 0.000000 223 4
0.043124 19.466753 0.000000 223 4
0.055326 19.418264 0.000000 223 4
0.068222 19.369956 0.000000 223 4
0.081871 19.321855 0.000000 223 4
0.096341 19.273994 0.000000 223 4
0.111704 19.226413 0.000000 223 4
0.128043 19.179158 0.000000 223 4
0.145448 19.132286 0.000000 223 4
0.164021 19.085863 0.000000 223 4
0.183873 19.039973 0.000000 223 4
0.205126 18.994715 0.000000 223 4
0.227914 18.950209 0.000000 223 4
0.252379 18.906604 0.000000 223 4
0.278673 18.864076 0.000000 223 4
0.306953 18.822842 0.000000 223 4
0.337374 18.783161 0.000000 223 4
0.370076 18.745338 0.000000 223 4
0.405179 18.709732 0.000000 223 4
0.442755 18.676747 0.000000 223 4
0.482812 18.646823 0.000000 223 4
0.525270 18.620416 0.000000 223 4
0.569946 18.597965 0.000000 223 4
0.616547 18.579844 0.000000 223 4
0.664684 18.566324 0.000000 223 4
0.713906 18.557534 0.000000 223 4
0.763738 18.553449 0.000000 223 4
0.813736 18.553894 0.000000 223 4
0.863517 18.558577 0.000000 223 4
0.912780 18.567127 0.000000 223 4
0.961317 18.579133 0.000000 223 4
1.009002 18.594173 0.000000 223 4
1.055775 18.611844 0.000000 223 4
1.101634 18.631768 0.000000 223 4
1.146614 18.653603 0.000000 223 4
1.190780 18.677043 0.000000 223 4
1.234213 18.701812 0.000000 223 4
1.277010 18.727667 0.000000 223 4
1.319270 18.754388 0.000000 223 4
1.361101 18.781778 0.000000 223 4
1.402610 18.809652 0.000000 223 4
1.443907 18.837841 0.000000 223 4
1.485100 18.866180 0.000000 223 4
1.526301 18.894509 0.000000 223 4
1.567617 18.922668 0.000000 223 4
1.609160 18.950493 0.000000 223 4
1.651037 18.977811 0.000000 223 4
1.693357 19.004438 0.000000 223 4
1.736226 19.030174 0.000000 223 4
1.779743 19.054795 0.000000 223 4
1.824004 19.078054 0.000000 223 4
1.869088 19.099675 0.000000 223 4
1.915056 19.119344 0.000000 223 4
1.961942 19.136716 0.000000 223 4
2.009734 19.151410 0.000000 223 4
2.058368 19.163018 0.000000 223 4
2.107707 19.171120 0.000000 223 4
2.157531 19.175307 0.000000 223 4
0.000000 4.601502 0.000000 224 4
0.006524 4.651075 0.000000 224 4
0.013188 4.700629 0.000000 224 4
0.020148 4.750142 0.000000 224 4
0.027425 4.799609 0.000000 224 4
0.035040 4.849026 0.000000 224 4
0.043017 4.898386 0.000000 224 4
0.051383 4.947681 0.000000 224 4
0.060167 4.996903 0.000000 224 4
0.069400 5.046043 0.000000 224 4
0.079118 5.095090 0.000000 224 4
0.089359 5.144030 0.000000 224 4
0.100165 5.192848 0.000000 224 4
0.111584 5.241527 0.000000 224 4
0.123667 5.290045 0.000000 224 4
0.136474 5.338377 0.000000 224 4
0.150067 5.386494 0.000000 224 4
0.164518 5.434360 0.000000 224 4
0.179906 5.481933 0.000000 224 4
0.196319 5.529162 0.000000 224 4
0.213855 5.575986 0.000000 224 4
0.232619 5.622332 0.000000 224 4
0.252731 5.668109 0.000000 224 4
0.274318 5.713209 0.000000 224 4
0.297518 5.757500 0.000000 224 4
0.322479 5.800824 0.000000 224 4
0.349351 5.842989 0.000000 224 4
0.378287 5.883766 0.000000 224 4
0.409428 5.922884 0.000000 224 4
0.442897 5.960029 0.000000 224 4
0.478781 5.994848 0.000000 224 4
0.517113 6.026952 0.000000 224 4
0.557853 6.055940 0.000000 224 4
0.600873 6.081421 0.000000 224 4
0.645952 6.103051 0.000000 224 4
0.692782 6.120572 0.000000 224 4
0.740989 6.133839 0.000000 224 4
0.790172 6.142842 0.000000 224 4
0.839935 6.147703 0.000000 224 4
0.889926 6.148655 0.000000 224 4
0.939857 6.146018 0.000000 224 4
0.989513 6.140164 0.000000 224 4
1.038754 6.131487 0.000000 224 4
1.087506 6.120384 0.000000 224 4
1.135746 6.107237 0.000000 224 4
1.183497 6.092408 0.000000 224 4
1.230810 6.076238 0.000000 224 4
1.277760 6.059042 0.000000 224 4
1.324437 6.041120 0.000000 224 4
1.370943 6.022756 0.000000 224 4
1.417382 6.004224 0.000000 224 4
1.463862 5.985797 0.000000 224 4
1.510491 5.967748 0.000000 224 4
1.557370 5.950359 0.000000 224 4
1.604592 5.933924 0.000000 224 4
1.652236 5.918757 0.000000 224 4
1.700360 5.905191 0.000000 224 4
1.748994 5.893583 0.000000 224 4
1.798127 5.884311 0.000000 224 4
1.847697 5.877770 0.000000 224 4
1.897581 5.874357 0.000000 224 4
0.000000 6.832095 0.000000 225 4
0.005566 6.881784 0.000000 225 4
0.011248 6.931460 0.000000 225 4
0.017177 6.981107 0.000000 225 4
0.023370 7.030723 0.000000 225 4
0.029843 7.080302 0.000000 225 4
0.036617 7.129841 0.000000 225 4
0.043712 7.179335 0.000000 225 4
0.051153 7.228778 0.000000 225 4
0.058965 7.278164 0.000000 225 4
0.067177 7.327485 0.000000 225 4
0.075818 7.376733 0.000000 225 4
0.084925 7.425896 0.000000 225 4
0.094535 7.474964 0.000000 225 4
0.104689 7.523922 0.000000 225 4
0.115436 7.572754 0.000000 225 4
0.126827 7.621439 0.000000 225 4
0.138919 7.669954 0.000000 225 4
0.151778 7.718273 0.000000 225 4
0.165476 7.766360 0.000000 225 4
0.180093 7.814175 0.000000 225 4
0.195719 7.861671 0.000000 225 4
0.212454 7.908787 0.000000 225 4
0.230410 7.955452 0.000000 225 4
0.249710 8.001577 0.000000 225 4
0.270489 8.047055 0.000000 225 4
0.292895 8.091753 0.000000 225 4
0.317087 8.135511 0.000000 225 4
0.343231 8.178131 0.000000 225 4
0.371495 8.219376 0.000000 225 4
0.402040 8.258962 0.000000 225 4
0.435008 8.296553 0.000000 225 4
0.470503 8.331768 0.000000 225 4
0.508571 8.364185 0.000000 225 4
0.549174 8.393364 0.000000 225 4
0.592175 8.418876 0.000000 225 4
0.637329 8.440350 0.000000 225 4
0.684291 8.457512 0.000000 225 4
0.732648 8.470225 0.000000 225 4
0.781958 8.478507 0.000000 225 4
0.831796 8.482525 0.000000 225 4
0.881796 8.482569 0.000000 225 4
0.931669 8.479016 0.000000 225 4
0.981215 8.472288 0.000000 225 4
1.030311 8.462826 0.000000 225 4
1.078908 8.451062 0.000000 225 4
1.127008 8.437411 0.000000 225 4
1.174658 8.422261 0.000000 225 4
1.221931 8.405975 0.000000 225 4
1.268924 8.388897 0.000000 225 4
1.315744 8.371350 0.000000 225 4
1.362506 8.353650 0.000000 225 4
1.409328 8.336107 0.000000 225 4
1.456324 8.319038 0.000000 225 4
1.503603 8.302768 0.000000 225 4
1.551258 8.287637 0.000000 225 4
1.599366 8.274011 0.000000 225 4
1.647970 8.262279 0.000000 225 4
1.697074 8.252855 0.000000 225 4
1.746625 8.246171 0.000000 225 4
1.796502 8.242669 0.000000 225 4
0.000000 10.038472 0.000000 226 4
0.004832 10.088238 0.000000 226 4
0.009762 10.137994 0.000000 226 4
0.014899 10.187730 0.000000 226 4
0.020256 10.237442 0.000000 226 4
0.025846 10.287128 0.000000 226 4
0.031687 10.336786 0.000000 226 4
0.037794 10.386412 0.000000 226 4
0.044187 10.436001 0.000000 226 4
0.050886 10.485550 0.000000 226 4
0.057913 10.535054 0.000000 226 4
0.065293 10.584507 0.000000 226 4
0.073053 10.633901 0.000000 226 4
0.081223 10.683229 0.000000 226 4
0.089836 10.732481 0.000000 226 4
0.098928 10.781648 0.000000 226 4
0.108541 10.830715 0.000000 226 4
0.118717 10.879668 0.000000 226 4
0.129509 10.928490 0.000000 226 4
0.140971 10.977158 0.000000 226 4
0.153167 11.025648 0.000000 226 4
0.166164 11.073929 0.000000 226 4
0.180042 11.121965 0.000000 226 4
0.194888 11.169710 0.000000 226 4
0.210798 11.217111 0.000000 226 4
0.227882 11.264102 0.000000 226 4
0.246260 11.310602 0.000000 226 4
0.266065 11.356512 0.000000 226 4
0.287444 11.401711 0.000000 226 4
0.310556 11.446049 0.000000 226 4
0.335569 11.489343 0.000000 226 4
0.362654 11.531371 0.000000 226 4
0.391984 11.571865 0.000000 226 4
0.423713 11.610508 0.000000 226 4
0.457968 11.646931 0.000000 226 4
0.494819 11.680724 0.000000 226 4
0.534265 11.711449 0.000000 226 4
0.576205 11.738670 0.000000 226 4
0.620431 11.761996 0.000000 226 4
0.666628 11.781124 0.000000 226 4
0.714401 11.795880 0.000000 226 4
0.763314 11.806247 0.000000 226 4
0.812939 11.812363 0.000000 226 4
0.862893 11.814501 0.000000 226 4
0.912871 11.813029 0.000000 226 4
0.962654 11.808377 0.000000 226 4
1.012107 11.800998 0.000000 226 4
1.061166 11.791346 0.000000 226 4
1.109829 11.779859 0.000000 226 4
1.158135 11.766955 0.000000 226 4
1.206157 11.753030 0.000000 226 4
1.253988 11.738462 0.000000 226 4
1.301733 11.723616 0.000000 226 4
1.349503 11.708850 0.000000 226 4
1.397407 11.694526 0.000000 226 4
1.445546 11.681014 0.000000 226 4
1.494006 11.668698 0.000000 226 4
1.542845 11.657985 0.000000 226 4
1.592085 11.649301 0.000000 226 4
1.641698 11.643095 0.000000 226 4
1.691591 11.639821 0.000000 226 4
0.000000 14.623312 0.000000 227 4
0.004297 14.673127 0.000000 227 4
0.008678 14.722934 0.000000 227 4
0.013232 14.772727 0.000000 227 4
0.017970 14.822502 0.000000 227 4
0.022904 14.872257 0.000000 227 4
0.028047 14.921992 0.000000 227 4
0.033410 14.971704 0.000000 227 4
0.039010 15.021389 0.000000 227 4
0.044862 15.071046 0.000000 227 4
0.050983 15.120670 0.000000 227 4
0.057392 15.170257 0.000000 227 4
0.064109 15.219804 0.000000 227 4
0.071158 15.269305 0.000000 227 4
0.078562 15.318753 0.000000 227 4
0.086350 15.368143 0.000000 227 4
0.094551 15.417466 0.000000 227 4
0.103199 15.466712 0.000000 227 4
0.112329 15.515872 0.000000 227 4
0.121984 15.564931 0.000000 227 4
0.132207 15.613874 0.000000 227 4
0.143049 15.662685 0.000000 227 4
0.154566 15.711340 0.000000 227 4
0.166819 15.759816 0.000000 227 4
0.179877 15.808080 0.000000 227 4
0.193819 15.856097 0.000000 227 4
0.208729 15.903822 0.000000 227 4
0.224704 15.951202 0.000000 227 4
0.241849 15.998170 0.000000 227 4
0.260282 16.044648 0.000000 227 4
0.280133 16.090539 0.000000 227 4
0.301540 16.135725 0.000000 227 4
0.324656 16.180061 0.000000 227 4
0.349637 16.223372 0.000000 227 4
0.376646 16.265450 0.000000 227 4
0.405838 16.306044 0.000000 227 4
0.437354 16.344860 0.000000 227 4
0.471304 16.381567 0.000000 227 4
0.507752 16.415795 0.000000 227 4
0.546691 16.447160 0.000000 227 4
0.588030 16.475286 0.000000 227 4
0.631588 16.499836 0.000000 227 4
0.677093 16.520556 0.000000 227 4
0.724204 16.537305 0.000000 227 4
0.772546 16.550073 0.000000 227 4
0.821746 16.558986 0.000000 227 4
0.871464 16.564288 0.000000 227 4
0.921422 16.566315 0.000000 227 4
0.971415 16.565463 0.000000 227 4
1.021306 16.562158 0.000000 227 4
1.071022 16.556839 0.000000 227 4
1.120544 16.549941 0.000000 227 4
1.169892 16.541890 0.000000 227 4
1.219113 16.533101 0.000000 227 4
1.268274 16.523979 0.000000 227 4
1.317448 16.514927 0.000000 227 4
1.366706 16.506347 0.000000 227 4
1.416110 16.498648 0.000000 227 4
1.465699 16.492249 0.000000 227 4
1.515480 16.487578 0.000000 227 4
1.565417 16.485074 0.000000 227 4
0.000000 21.149326 0.000000 228 4
0.003955 21.199169 0.000000 228 4
0.007980 21.249007 0.000000 228 4
0.012152 21.298832 0.000000 228 4
0.016479 21.348645 0.000000 228 4
0.020969 21.398443 0.000000 228 4
0.025632 21.448225 0.000000 228 4
0.030478 21.497989 0.000000 228 4
0.035518 21.547735 0.000000 228 4
0.040764 21.597459 0.000000 228 4
0.046228 21.647159 0.000000 228 4
0.051924 21.696834 0.000000 228 4
0.057867 21.746479 0.000000 228 4
0.064074 21.796093 0.000000 228 4
0.070561 21.845670 0.000000 228 4
0.077348 21.895207 0.000000 228 4
0.084457 21.944699 0.000000 228 4
0.091909 21.994141 0.000000 228 4
0.099729 22.043525 0.000000 228 4
0.107946 22.092846 0.000000 228 4
0.116589 22.142093 0.000000 228 4
0.125691 22.191258 0.000000 228 4
0.135288 22.240328 0.000000 228 4
0.145421 22.289290 0.000000 228 4
0.156133 22.338130 0.000000 228 4
0.167472 22.386827 0.000000 228 4
0.179493 22.435360 0.000000 228 4
0.192255 22.483704 0.000000 228 4
0.205824 22.531828 0.000000 228 4
0.220271 22.579695 0.000000 228 4
0.235676 22.627263 0.000000 228 4
0.252127 22.674479 0.000000 228 4
0.269721 22.721281 0.000000 228 4
0.288561 22.767596 0.000000 228 4
0.308762 22.813333 0.000000 228 4
0.330444 22.858388 0.000000 228 4
0.353734 22.902632 0.000000 228 4
0.378765 22.945916 0.000000 228 4
0.405667 22.988061 0.000000 228 4
0.434565 23.028865 0.000000 228 4
0.465571 23.068090 0.000000 228 4
0.498769 23.105479 0.000000 228 4
0.534210 23.140748 0.000000 228 4
0.571896 23.173608 0.000000 228 4
0.611768 23.203777 0.000000 228 4
0.653706 23.231003 0.000000 228 4
0.697523 23.255088 0.000000 228 4
0.742982 23.275907 0.000000 228 4
0.789811 23.293430 0.000000 228 4
0.837725 23.307720 0.000000 228 4
0.886451 23.318937 0.000000 228 4
0.935744 23.327319 0.000000 228 4
0.985401 23.333165 0.000000 228 4
1.035267 23.336822 0.000000 228 4
1.085233 23.338659 0.000000 228 4
1.135231 23.339065 0.000000 228 4
1.185227 23.338432 0.000000 228 4
1.235211 23.337153 0.000000 228 4
1.285187 23.335623 0.000000 228 4
1.335168 23.334234 0.000000 228 4
1.385161 23.333382 0.000000 228 4
0.000000 22.800902 0.000000 229 4
0.005102 22.850641 0.000000 229 4
0.010281 22.900372 0.000000 229 4
0.015622 22.950086 0.000000 229 4
0.021132 22.999782 0.000000 229 4
0.026819 23.049457 0.000000 229 4
0.032691 23.099111 0.000000 229 4
0.038758 23.148742 0.000000 229 4
0.045029 23.198347 0.000000 229 4
0.051515 23.247925 0.000000 229 4
0.058227 23.297472 0.000000 229 4
0.065176 23.346987 0.000000 229 4
0.072376 23.396466 0.000000 229 4
0.079840 23.445905 0.000000 229 4
0.087582 23.495302 0.000000 229 4
0.095618 23.544652 0.000000 229 4
0.103965 23.593951 0.000000 229 4
0.112640 23.643192 0.000000 229 4
0.121662 23.692372 0.000000 229 4
0.131054 23.741482 0.000000 229 4
0.140836 23.790516 0.000000 229 4
0.151032 23.839465 0.000000 229 4
0.161670 23.888320 0.000000 229 4
0.172776 23.937071 0.000000 229 4
0.184381 23.985706 0.000000 229 4
0.196518 24.034210 0.000000 229 4
0.209221 24.082570 0.000000 229 4
0.222528 24.130766 0.000000 229 4
0.236482 24.178780 0.000000 229 4
0.251126 24.226587 0.000000 229 4
0.266507 24.274163 0.000000 229 4
0.282678 24.321475 0.000000 229 4
0.299694 24.368491 0.000000 229 4
0.317614 24.415169 0.000000 229 4
0.336501 24.461465 0.000000 229 4
0.356424 24.507324 0.000000 229 4
0.377453 24.552687 0.000000 229 4
0.399664 24.597483 0.000000 229 4
0.423134 24.641632 0.000000 229 4
0.447942 24.685044 0.000000 229 4
0.474168 24.727613 0.000000 229 4
0.501892 24.769224 0.000000 229 4
0.531187 24.809743 0.000000 229 4
0.562120 24.849025 0.000000 229 4
0.594749 24.886912 0.000000 229 4
0.629113 24.923231 0.000000 229 4
0.665235 24.957803 0.000000 229 4
0.703109 24.990446 0.000000 229 4
0.742704 25.020978 0.000000 229 4
0.783958 25.049229 0.000000 229 4
0.826775 25.075050 0.000000 229 4
0.871030 25.098319 0.000000 229 4
0.916575 25.118951 0.000000 229 4
0.963240 25.136905 0.000000 229 4
1.010848 25.152186 0.000000 229 4
1.059219 25.164843 0.000000 229 4
1.108182 25.174974 0.000000 229 4
1.157580 25.182710 0.000000 229 4
1.207276 25.188217 0.000000 229 4
1.257156 25.191686 0.000000 229 4
1.307129 25.193322 0.000000 229 4
0.000000 24.452479 0.000000 230 4
0.007176 24.501961 0.000000 230 4
0.014428 24.551433 0.000000 230 4
0.021838 24.600881 0.000000 230 4
0.029411 24.650304 0.000000 230 4
0.037152 24.699701 0.000000 230 4
0.045069 24.749070 0.000000 230 4
0.053168 24.798410 0.000000 230 4
0.061456 24.847718 0.000000 230 4
0.069939 24.896993 0.000000 230 4
0.078626 24.946233 0.000000 230 4
0.087525 24.995434 0.000000 230 4
0.096644 25.044596 0.000000 230 4
0.105992 25.093714 0.000000 230 4
0.115580 25.142786 0.000000 230 4
0.125416 25.191809 0.000000 230 4
0.135513 25.240779 0.000000 230 4
0.145880 25.289693 0.000000 230 4
0.156532 25.338545 0.000000 230 4
0.167479 25.387332 0.000000 230 4
0.178737 25.436048 0.000000 230 4
0.190320 25.484688 0.000000 230 4
0.202243 25.533245 0.000000 230 4
0.214523 25.581714 0.000000 230 4
0.227179 25.630086 0.000000 230 4
0.240228 25.678353 0.000000 230 4
0.253692 25.726506 0.000000 230 4
0.267592 25.774535 0.000000 230 4
0.281952 25.822428 0.000000 230 4
0.296798 25.870174 0.000000 230 4
0.312156 25.917757 0.000000 230 4
0.328055 25.965161 0.000000 230 4
0.344528 26.012370 0.000000 230 4
0.361607 26.059362 0.000000 230 4
0.379330 26.106116 0.000000 230 4
0.397736 26.152605 0.000000 230 4
0.416868 26.198800 0.000000 230 4
0.436771 26.244668 0.000000 230 4
0.457495 26.290171 0.000000 230 4
0.479094 26.335265 0.000000 230 4
0.501624 26.379901 0.000000 230 4
0.525148 26.424022 0.000000 230 4
0.549730 26.467561 0.000000 230 4
0.575442 26.510444 0.000000 230 4
0.602356 26.552582 0.000000 230 4
0.630551 26.593875 0.000000 230 4
0.660106 26.634205 0.000000 230 4
0.691102 26.673438 0.000000 230 4
0.723620 26.711419 0.000000 230 4
0.757736 26.747971 0.000000 230 4
0.793520 26.782893 0.000000 230 4
0.831027 26.815957 0.000000 230 4
0.870294 26.846910 0.000000 230 4
0.911329 26.875478 0.000000 230 4
0.954107 26.901364 0.000000 230 4
0.998554 26.924265 0.000000 230 4
1.044546 26.943879 0.000000 230 4
1.091902 26.959923 0.000000 230 4
1.140383 26.972154 0.000000 230 4
1.189701 26.980382 0.000000 230 4
1.239532 26.984495 0.000000 230 4
0.000000 0.958893 0.000000 231 4
0.005308 1.008611 0.000000 231 4
0.010725 1.058316 0.000000 231 4
0.016374 1.107996 0.000000 231 4
0.022269 1.157647 0.000000 231 4
0.028427 1.207267 0.000000 231 4
0.034866 1.256850 0.000000 231 4
0.041606 1.306394 0.000000 231 4
0.048667 1.355893 0.000000 231 4
0.056073 1.405341 0.000000 231 4
0.063850 1.454733 0.000000 231 4
0.072027 1.504060 0.000000 231 4
0.080635 1.553313 0.000000 231 4
0.089708 1.602483 0.000000 231 4
0.099285 1.651557 0.000000 231 4
0.109407 1.700522 0.000000 231 4
0.120123 1.749360 0.000000 231 4
0.131483 1.798053 0.000000 231 4
0.143547 1.846575 0.000000 231 4
0.156379 1.894901 0.000000 231 4
0.170052 1.942995 0.000000 231 4
0.184646 1.990818 0.000000 231 4
0.200252 2.038320 0.000000 231 4
0.216970 2.085442 0.000000 231 4
0.234911 2.132112 0.000000 231 4
0.254200 2.178242 0.000000 231 4
0.274972 2.223723 0.000000 231 4
0.297374 2.268424 0.000000 231 4
0.321565 2.312182 0.000000 231 4
0.347709 2.354802 0.000000 231 4
0.375974 2.396047 0.000000 231 4
0.406519 2.435632 0.000000 231 4
0.439482 2.473228 0.000000 231 4
0.474965 2.508455 0.000000 231 4
0.513009 2.540900 0.000000 231 4
0.553574 2.570131 0.000000 231 4
0.596523 2.595733 0.000000 231 4
0.641610 2.617346 0.000000 231 4
0.688497 2.634713 0.000000 231 4
0.736779 2.647708 0.000000 231 4
0.786025 2.656358 0.000000 231 4
0.835824 2.660836 0.000000 231 4
0.885820 2.661432 0.000000 231 4
0.935735 2.658520 0.000000 231 4
0.985374 2.652523 0.000000 231 4
1.034621 2.643876 0.000000 231 4
1.083426 2.633012 0.000000 231 4
1.131796 2.620346 0.000000 231 4
1.179774 2.606272 0.000000 231 4
1.227435 2.591157 0.000000 231 4
1.274872 2.575354 0.000000 231 4
1.322190 2.559199 0.000000 231 4
1.369501 2.543022 0.000000 231 4
1.416915 2.527152 0.000000 231 4
1.464540 2.511925 0.000000 231 4
1.512471 2.497690 0.000000 231 4
1.560784 2.484812 0.000000 231 4
1.609530 2.473683 0.000000 231 4
1.658718 2.464713 0.000000 231 4
1.708310 2.458333 0.000000 231 4
1.758197 2.454981 0.000000 231 4
0.000000 1.801093 0.000000 232 4
0.004299 1.850908 0.000000 232 4
0.008686 1.900715 0.000000 232 4
0.013257 1.950506 0.000000 232 4
0.018024 2.000278 0.000000 232 4
0.023000 2.050030 0.000000 232 4
0.028199 2.099759 0.000000 232 4
0.033637 2.149462 0.000000 232 4
0.039329 2.199137 0.000000 232 4
0.045295 2.248780 0.000000 232 4
0.051554 2.298387 0.000000 232 4
0.058129 2.347953 0.000000 232 4
0.065045 2.397472 0.000000 232 4
0.072327 2.446939 0.000000 232 4
0.080007 2.496345 0.000000 232 4
0.088118 2.545683 0.000000 232 4
0.096695 2.594942 0.000000 232 4
0.105781 2.644110 0.000000 232 4
0.115421 2.693172 0.000000 232 4
0.125666 2.742111 0.000000 232 4
0.136574 2.790906 0.000000 232 4
0.148211 2.839533 0.000000 232 4
0.160648 2.887962 0.000000 232 4
0.173967 2.936155 0.000000 232 4
0.188263 2.984068 0.000000 232 4
0.203638 3.031645 0.000000 232 4
0.220210 3.078819 0.000000 232 4
0.238112 3.125504 0.000000 232 4
0.257492 3.171596 0.000000 232 4
0.278512 3.216963 0.000000 232 4
0.301353 3.261441 0.000000 232 4
0.326207 3.304826 0.000000 232 4
0.353273 3.346867 0.000000 232 4
0.382750 3.387253 0.000000 232 4
0.414819 3.425615 0.000000 232 4
0.449620 3.461516 0.000000 232 4
0.487225 3.494469 0.000000 232 4
0.527605 3.523954 0.000000 232 4
0.570606 3.549469 0.000000 232 4
0.615930 3.570581 0.000000 232 4
0.663160 3.586992 0.000000 232 4
0.711796 3.598590 0.000000 232 4
0.761322 3.605457 0.000000 232 4
0.811264 3.607861 0.000000 232 4
0.861237 3.606206 0.000000 232 4
0.910963 3.600978 0.000000 232 4
0.960273 3.592701 0.000000 232 4
1.009092 3.581895 0.000000 232 4
1.057417 3.569062 0.000000 232 4
1.105301 3.554672 0.000000 232 4
1.152836 3.539165 0.000000 232 4
1.200136 3.522958 0.000000 232 4
1.247332 3.506448 0.000000 232 4
1.294558 3.490026 0.000000 232 4
1.341948 3.474084 0.000000 232 4
1.389628 3.459028 0.000000 232 4
1.437701 3.445283 0.000000 232 4
1.486245 3.433303 0.000000 232 4
1.535289 3.423574 0.000000 232 4
1.584801 3.416605 0.000000 232 4
1.634665 3.412924 0.000000 232 4
0.000000 2.323663 0.000000 233 4
0.004660 2.373445 0.000000 233 4
0.009412 2.423219 0.000000 233 4
0.014358 2.472973 0.000000 233 4
0.019511 2.522707 0.000000 233 4
0.024883 2.572418 0.000000 233 4
0.030489 2.622102 0.000000 233 4
0.036344 2.671758 0.000000 233 4
0.042466 2.721382 0.000000 233 4
0.048872 2.770970 0.000000 233 4
0.055583 2.820518 0.000000 233 4
0.062621 2.870020 0.000000 233 4
0.070011 2.919471 0.000000 233 4
0.077778 2.968864 0.000000 233 4
0.085953 3.018191 0.000000 233 4
0.094568 3.067443 0.000000 233 4
0.103658 3.116610 0.000000 233 4
0.113264 3.165679 0.000000 233 4
0.123429 3.214634 0.000000 233 4
0.134202 3.263460 0.000000 233 4
0.145638 3.312135 0.000000 233 4
0.157797 3.360634 0.000000 233 4
0.170747 3.408928 0.000000 233 4
0.184563 3.456981 0.000000 233 4
0.199329 3.504751 0.000000 233 4
0.215140 3.552185 0.000000 233 4
0.232098 3.599221 0.000000 233 4
0.250321 3.645783 0.000000 233 4
0.269934 3.691775 0.000000 233 4
0.291079 3.737084 0.000000 233 4
0.313904 3.781570 0.000000 233 4
0.338570 3.825062 0.000000 233 4
0.365240 3.867356 0.000000 233 4
0.394077 3.908202 0.000000 233 4
0.425230 3.947311 0.000000 233 4
0.458822 3.984345 0.000000 233 4
0.494933 4.018929 0.000000 233 4
0.533573 4.050661 0.000000 233 4
0.574672 4.079137 0.000000 233 4
0.618060 4.103987 0.000000 233 4
0.663471 4.124911 0.000000 233 4
0.710560 4.141721 0.000000 233 4
0.758935 4.154368 0.000000 233 4
0.808194 4.162942 0.000000 233 4
0.857971 4.167663 0.000000 233 4
0.907956 4.168856 0.000000 233 4
0.957918 4.166911 0.000000 233 4
1.007701 4.162253 0.000000 233 4
1.057218 4.155322 0.000000 233 4
1.106443 4.146550 0.000000 233 4
1.155393 4.136357 0.000000 233 4
1.204120 4.125145 0.000000 233 4
1.252697 4.113305 0.000000 233 4
1.301214 4.101215 0.000000 233 4
1.349761 4.089249 0.000000 233 4
1.398429 4.077785 0.000000 233 4
1.447297 4.067208 0.000000 233 4
1.496426 4.057916 0.000000 233 4
1.545847 4.050324 0.000000 233 4
1.595547 4.044859 0.000000 233 4
1.645463 4.041961 0.000000 233 4
0.000000 3.794976 0.000000 234 4
0.003823 3.844829 0.000000 234 4
0.007720 3.894677 0.000000 234 4
0.011771 3.944513 0.000000 234 4
0.015987 3.994335 0.000000 234 4
0.020378 4.044142 0.000000 234 4
0.024954 4.093932 0.000000 234 4
0.029727 4.143703 0.000000 234 4
0.034711 4.193454 0.000000 234 4
0.039920 4.243182 0.000000 234 4
0.045370 4.292884 0.000000 234 4
0.051076 4.342558 0.000000 234 4
0.057059 4.392198 0.000000 234 4
0.063337 4.441803 0.000000 234 4
0.069934 4.491366 0.000000 234 4
0.076874 4.540882 0.000000 234 4
0.084185 4.590344 0.000000 234 4
0.091896 4.639746 0.000000 234 4
0.100041 4.689078 0.000000 234 4
0.108656 4.738330 0.000000 234 4
0.117783 4.787490 0.000000 234 4
0.127469 4.836543 0.000000 234 4
0.137763 4.885472 0.000000 234 4
0.148724 4.934256 0.000000 234 4
0.160416 4.982870 0.000000 234 4
0.172911 5.031283 0.000000 234 4
0.186290 5.079460 0.000000 234 4
0.200644 5.127355 0.000000 234 4
0.216076 5.174914 0.000000 234 4
0.232700 5.222070 0.000000 234 4
0.250644 5.268739 0.000000 234 4
0.270050 5.314819 0.000000 234 4
0.291074 5.360185 0.000000 234 4
0.313885 5.404678 0.000000 234 4
0.338663 5.448106 0.000000 234 4
0.365593 5.490235 0.000000 234 4
0.394854 5.530779 0.000000 234 4
0.426607 5.569401 0.000000 234 4
0.460978 5.605714 0.000000 234 4
0.498029 5.639289 0.000000 234 4
0.537733 5.669679 0.000000 234 4
0.579960 5.696454 0.000000 234 4
0.624461 5.719250 0.000000 234 4
0.670886 5.737817 0.000000 234 4
0.718815 5.752058 0.000000 234 4
0.767808 5.762043 0.000000 234 4
0.817452 5.767999 0.000000 234 4
0.867400 5.770280 0.000000 234 4
0.917390 5.769320 0.000000 234 4
0.967252 5.765605 0.000000 234 4
1.016894 5.759630 0.000000 234 4
1.066291 5.751890 0.000000 234 4
1.115470 5.742863 0.000000 234 4
1.164490 5.733015 0.000000 234 4
1.213435 5.722798 0.000000 234 4
1.262396 5.712659 0.000000 234 4
1.311463 5.703044 0.000000 234 4
1.360712 5.694410 0.000000 234 4
1.410193 5.687226 0.000000 234 4
1.459917 5.681978 0.000000 234 4
1.509838 5.679162 0.000000 234 4
0.000000 5.988979 0.000000 235 4
0.003162 6.038879 0.000000 235 4
0.006382 6.088775 0.000000 235 4
0.009726 6.138664 0.000000 235 4
0.013201 6.188543 0.000000 235 4
0.016815 6.238412 0.000000 235 4
0.020575 6.288270 0.000000 235 4
0.024492 6.338117 0.000000 235 4
0.028574 6.387950 0.000000 235 4
0.032833 6.437768 0.000000 235 4
0.037281 6.487570 0.000000 235 4
0.041930 6.537353 0.000000 235 4
0.046794 6.587116 0.000000 235 4
0.051889 6.636856 0.000000 235 4
0.057230 6.686570 0.000000 235 4
0.062837 6.736254 0.000000 235 4
0.068728 6.785906 0.000000 235 4
0.074928 6.835520 0.000000 235 4
0.081459 6.885092 0.000000 235 4
0.088349 6.934615 0.000000 235 4
0.095628 6.984082 0.000000 235 4
0.103330 7.033485 0.000000 235 4
0.111491 7.082815 0.000000 235 4
0.120152 7.132059 0.000000 235 4
0.129361 7.181204 0.000000 235 4
0.139169 7.230232 0.000000 235 4
0.149635 7.279125 0.000000 235 4
0.160824 7.327856 0.000000 235 4
0.172811 7.376398 0.000000 235 4
0.185679 7.424714 0.000000 235 4
0.199522 7.472760 0.000000 235 4
0.214447 7.520480 0.000000 235 4
0.230573 7.567808 0.000000 235 4
0.248035 7.614660 0.000000 235 4
0.266982 7.660931 0.000000 235 4
0.287581 7.706491 0.000000 235 4
0.310010 7.751178 0.000000 235 4
0.334463 7.794790 0.000000 235 4
0.361136 7.837082 0.000000 235 4
0.390220 7.877752 0.000000 235 4
0.421887 7.916446 0.000000 235 4
0.456263 7.952754 0.000000 235 4
0.493404 7.986229 0.000000 235 4
0.533268 8.016410 0.000000 235 4
0.575693 8.042870 0.000000 235 4
0.620395 8.065268 0.000000 235 4
0.666991 8.083402 0.000000 235 4
0.715038 8.097241 0.000000 235 4
0.764088 8.106938 0.000000 235 4
0.813743 8.112802 0.000000 235 4
0.863683 8.115261 0.000000 235 4
0.913681 8.114820 0.000000 235 4
0.963602 8.112018 0.000000 235 4
1.013389 8.107404 0.000000 235 4
1.063042 8.101521 0.000000 235 4
1.112602 8.094905 0.000000 235 4
1.162134 8.088081 0.000000 235 4
1.211709 8.081574 0.000000 235 4
1.261387 8.075910 0.000000 235 4
1.311203 8.071626 0.000000 235 4
1.361147 8.069269 0.000000 235 4
0.000000 12.298651 0.000000 236 4
0.001982 12.348612 0.000000 236 4
0.004000 12.398571 0.000000 236 4
0.006091 12.448527 0.000000 236 4
0.008261 12.498480 0.000000 236 4
0.010512 12.548430 0.000000 236 4
0.012852 12.598375 0.000000 236 4
0.015283 12.648316 0.000000 236 4
0.017813 12.698252 0.000000 236 4
0.020447 12.748182 0.000000 236 4
0.023191 12.798107 0.000000 236 4
0.026053 12.848025 0.000000 236 4
0.029041 12.897935 0.000000 236 4
0.032162 12.947838 0.000000 236 4
0.035426 12.997731 0.000000 236 4
0.038844 13.047614 0.000000 236 4
0.042425 13.097486 0.000000 236 4
0.046182 13.147345 0.000000 236 4
0.050129 13.197189 0.000000 236 4
0.054280 13.247016 0.000000 236 4
0.058650 13.296825 0.000000 236 4
0.063259 13.346612 0.000000 236 4
0.068125 13.396374 0.000000 236 4
0.073271 13.446109 0.000000 236 4
0.078722 13.495811 0.000000 236 4
0.084504 13.545475 0.000000 236 4
0.090650 13.595096 0.000000 236 4
0.097193 13.644666 0.000000 236 4
0.104172 13.694177 0.000000 236 4
0.111633 13.743617 0.000000 236 4
0.119625 13.792974 0.000000 236 4
0.128207 13.842232 0.000000 236 4
0.137443 13.891372 0.000000 236 4
0.147409 13.940369 0.000000 236 4
0.158190 13.989192 0.000000 236 4
0.169888 14.037805 0.000000 236 4
0.182614 14.086158 0.000000 236 4
0.196503 14.134190 0.000000 236 4
0.211705 14.181823 0.000000 236 4
0.228395 14.228955 0.000000 236 4
0.246773 14.275455 0.000000 236 4
0.267062 14.321154 0.000000 236 4
0.289510 14.365832 0.000000 236 4
0.314382 14.409206 0.000000 236 4
0.341948 14.450921 0.000000 236 4
0.372456 14.490535 0.000000 236 4
0.406101 14.527521 0.000000 236 4
0.442972 14.561293 0.000000 236 4
0.483004 14.591251 0.000000 236 4
0.525944 14.616866 0.000000 236 4
0.571362 14.637777 0.000000 236 4
0.618699 14.653875 0.000000 236 4
0.667368 14.665335 0.000000 236 4
0.716839 14.672590 0.000000 236 4
0.766704 14.676258 0.000000 236 4
0.816698 14.677069 0.000000 236 4
0.866682 14.675803 0.000000 236 4
0.916616 14.673247 0.000000 236 4
0.966523 14.670191 0.000000 236 4
1.016446 14.667418 0.000000 236 4
1.066417 14.665713 0.000000 236 4
0.000000 13.950228 0.000000 237 4
0.002235 14.000178 0.000000 237 4
0.004507 14.050126 0.000000 237 4
0.006857 14.100071 0.000000 237 4
0.009289 14.150012 0.000000 237 4
0.011808 14.199948 0.000000 237 4
0.014418 14.249880 0.000000 237 4
0.017124 14.299807 0.000000 237 4
0.019932 14.349728 0.000000 237 4
0.022847 14.399643 0.000000 237 4
0.025876 14.449551 0.000000 237 4
0.029025 14.499452 0.000000 237 4
0.032302 14.549344 0.000000 237 4
0.035714 14.599228 0.000000 237 4
0.039271 14.649101 0.000000 237 4
0.042981 14.698963 0.000000 237 4
0.046855 14.748813 0.000000 237 4
0.050903 14.798649 0.000000 237 4
0.055137 14.848469 0.000000 237 4
0.059572 14.898272 0.000000 237 4
0.064220 14.948056 0.000000 237 4
0.069097 14.997817 0.000000 237 4
0.074222 15.047554 0.000000 237 4
0.079612 15.097262 0.000000 237 4
0.085289 15.146939 0.000000 237 4
0.091276 15.196579 0.000000 237 4
0.097599 15.246178 0.000000 237 4
0.104287 15.295729 0.000000 237 4
0.111370 15.345224 0.000000 237 4
0.118884 15.394657 0.000000 237 4
0.126870 15.444015 0.000000 237 4
0.135372 15.493287 0.000000 237 4
0.144438 15.542458 0.000000 237 4
0.154127 15.591510 0.000000 237 4
0.164500 15.640422 0.000000 237 4
0.175629 15.689168 0.000000 237 4
0.187596 15.737715 0.000000 237 4
0.200492 15.786023 0.000000 237 4
0.214420 15.834044 0.000000 237 4
0.229497 15.881717 0.000000 237 4
0.245856 15.928965 0.000000 237 4
0.263643 15.975694 0.000000 237 4
0.283023 16.021785 0.000000 237 4
0.304176 16.067091 0.000000 237 4
0.327293 16.111425 0.000000 237 4
0.352577 16.154562 0.000000 237 4
0.380225 16.196222 0.000000 237 4
0.410421 16.236075 0.000000 237 4
0.443306 16.273738 0.000000 237 4
0.478962 16.308790 0.000000 237 4
0.517374 16.340798 0.000000 237 4
0.558416 16.369356 0.000000 237 4
0.601841 16.394141 0.000000 237 4
0.647299 16.414963 0.000000 237 4
0.694377 16.431805 0.000000 237 4
0.742651 16.444829 0.000000 237 4
0.791734 16.454362 0.000000 237 4
0.841310 16.460858 0.000000 237 4
0.891150 16.464855 0.000000 237 4
0.941107 16.466941 0.000000 237 4
0.991101 16.467726 0.000000 237 4
0.000000 -1.150005 0.000000 238 4
0.005088 -1.100265 0.000000 238 4
0.010279 -1.050535 0.000000 238 4
0.015688 -1.000828 0.000000 238 4
0.021327 -0.951147 0.000000 238 4
0.027213 -0.901495 0.000000 238 4
0.033361 -0.851874 0.000000 238 4
0.039790 -0.802290 0.000000 238 4
0.046519 -0.752744 0.000000 238 4
0.053569 -0.703244 0.000000 238 4
0.060964 -0.653794 0.000000 238 4
0.068730 -0.604401 0.000000 238 4
0.076894 -0.555072 0.000000 238 4
0.085489 -0.505816 0.000000 238 4
0.094548 -0.456643 0.000000 238 4
0.104109 -0.407566 0.000000 238 4
0.114215 -0.358598 0.000000 238 4
0.124912 -0.309756 0.000000 238 4
0.136252 -0.261059 0.000000 238 4
0.148293 -0.212530 0.000000 238 4
0.161099 -0.164198 0.000000 238 4
0.174741 -0.116095 0.000000 238 4
0.189300 -0.068262 0.000000 238 4
0.204865 -0.020746 0.000000 238 4
0.221534 0.026394 0.000000 238 4
0.239417 0.073086 0.000000 238 4
0.258636 0.119245 0.000000 238 4
0.279323 0.164765 0.000000 238 4
0.301624 0.209516 0.000000 238 4
0.325691 0.253343 0.000000 238 4
0.351687 0.296054 0.000000 238 4
0.379772 0.337420 0.000000 238 4
0.410103 0.377170 0.000000 238 4
0.442814 0.414985 0.000000 238 4
0.478005 0.450504 0.000000 238 4
0.515719 0.483332 0.000000 238 4
0.555923 0.513057 0.000000 238 4
0.598493 0.539284 0.000000 238 4
0.643203 0.561668 0.000000 238 4
0.689738 0.579957 0.000000 238 4
0.737718 0.594024 0.000000 238 4
0.786736 0.603886 0.000000 238 4
0.836397 0.609696 0.000000 238 4
0.886356 0.611725 0.000000 238 4
0.936336 0.610329 0.000000 238 4
0.986141 0.605911 0.000000 238 4
1.035647 0.598899 0.000000 238 4
1.084797 0.589720 0.000000 238 4
1.133587 0.578788 0.000000 238 4
1.182053 0.566499 0.000000 238 4
1.230261 0.553230 0.000000 238 4
1.278294 0.539343 0.000000 238 4
1.326248 0.525189 0.000000 238 4
1.374226 0.511112 0.000000 238 4
1.422326 0.497460 0.000000 238 4
1.470640 0.484587 0.000000 238 4
1.519246 0.472861 0.000000 238 4
1.568196 0.462669 0.000000 238 4
1.617510 0.454414 0.000000 238 4
1.667161 0.448518 0.000000 238 4
1.717064 0.445410 0.000000 238 4
0.000000 -1.141413 0.000000 239 4
0.004033 -1.091576 0.000000 239 4
0.008147 -1.041746 0.000000 239 4
0.012431 -0.991930 0.000000 239 4
0.016895 -0.942129 0.000000 239 4
0.021552 -0.892347 0.000000 239 4
0.026415 -0.842584 0.000000 239 4
0.031496 -0.792843 0.000000 239 4
0.036812 -0.743126 0.000000 239 4
0.042379 -0.693437 0.000000 239 4
0.048215 -0.643779 0.000000 239 4
0.054340 -0.594155 0.000000 239 4
0.060776 -0.544571 0.000000 239 4
0.067547 -0.495032 0.000000 239 4
0.074680 -0.445543 0.000000 239 4
0.082205 -0.396113 0.000000 239 4
0.090154 -0.346749 0.000000 239 4
0.098564 -0.297461 0.000000 239 4
0.107476 -0.248262 0.000000 239 4
0.116935 -0.199165 0.000000 239 4
0.126993 -0.150187 0.000000 239 4
0.137706 -0.101348 0.000000 239 4
0.149140 -0.052673 0.000000 239 4
0.161366 -0.004191 0.000000 239 4
0.174467 0.044063 0.000000 239 4
0.188535 0.092043 0.000000 239 4
0.203674 0.139696 0.000000 239 4
0.220003 0.186954 0.000000 239 4
0.237652 0.233736 0.000000 239 4
0.256771 0.279936 0.000000 239 4
0.277524 0.325426 0.000000 239 4
0.300092 0.370043 0.000000 239 4
0.324668 0.413586 0.000000 239 4
0.351454 0.455806 0.000000 239 4
0.380652 0.496395 0.000000 239 4
0.412447 0.534984 0.000000 239 4
0.446983 0.571140 0.000000 239 4
0.484338 0.604376 0.000000 239 4
0.524488 0.634174 0.000000 239 4
0.567283 0.660031 0.000000 239 4
0.612431 0.681517 0.000000 239 4
0.659518 0.698334 0.000000 239 4
0.708047 0.710373 0.000000 239 4
0.757504 0.717722 0.000000 239 4
0.807418 0.720653 0.000000 239 4
0.857407 0.719577 0.000000 239 4
0.907196 0.714989 0.000000 239 4
0.956619 0.707419 0.000000 239 4
1.005605 0.697398 0.000000 239 4
1.054153 0.685438 0.000000 239 4
1.102320 0.672023 0.000000 239 4
1.150197 0.657609 0.000000 239 4
1.197901 0.642631 0.000000 239 4
1.245560 0.627509 0.000000 239 4
1.293304 0.612660 0.000000 239 4
1.341260 0.598509 0.000000 239 4
1.389537 0.585496 0.000000 239 4
1.438217 0.574086 0.000000 239 4
1.487342 0.564771 0.000000 239 4
1.536891 0.558070 0.000000 239 4
1.586764 0.554517 0.000000 239 4
0.000000 -0.749487 0.000000 240 4
0.004265 -0.699669 0.000000 240 4
0.008614 -0.649858 0.000000 240 4
0.013139 -0.600063 0.000000 240 4
0.017852 -0.550286 0.000000 240 4
0.022764 -0.500528 0.000000 240 4
0.027887 -0.450791 0.000000 240 4
0.033237 -0.401078 0.000000 240 4
0.038828 -0.351392 0.000000 240 4
0.044676 -0.301735 0.000000 240 4
0.050801 -0.252111 0.000000 240 4
0.057221 -0.202525 0.000000 240 4
0.063959 -0.152981 0.000000 240 4
0.071039 -0.103485 0.000000 240 4
0.078487 -0.054043 0.000000 240 4
0.086332 -0.004662 0.000000 240 4
0.094606 0.044648 0.000000 240 4
0.103346 0.093879 0.000000 240 4
0.112590 0.143017 0.000000 240 4
0.122383 0.192048 0.000000 240 4
0.132773 0.240957 0.000000 240 4
0.143816 0.289722 0.000000 240 4
0.155572 0.338320 0.000000 240 4
0.168111 0.386723 0.000000 240 4
0.181508 0.434894 0.000000 240 4
0.195849 0.482794 0.000000 240 4
0.211231 0.530369 0.000000 240 4
0.227761 0.577557 0.000000 240 4
0.245558 0.624283 0.000000 240 4
0.264755 0.670451 0.000000 240 4
0.285498 0.715945 0.000000 240 4
0.307946 0.760622 0.000000 240 4
0.332267 0.804309 0.000000 240 4
0.358637 0.846789 0.000000 240 4
0.387231 0.887806 0.000000 240 4
0.418211 0.927052 0.000000 240 4
0.451711 0.964171 0.000000 240 4
0.487816 0.998759 0.000000 240 4
0.526541 1.030389 0.000000 240 4
0.567802 1.058629 0.000000 240 4
0.611412 1.083087 0.000000 240 4
0.657074 1.103456 0.000000 240 4
0.704411 1.119558 0.000000 240 4
0.752997 1.131365 0.000000 240 4
0.802409 1.139010 0.000000 240 4
0.852268 1.142760 0.000000 240 4
0.902268 1.142987 0.000000 240 4
0.952186 1.140126 0.000000 240 4
1.001884 1.134640 0.000000 240 4
1.051297 1.127000 0.000000 240 4
1.100418 1.117666 0.000000 240 4
1.149284 1.107079 0.000000 240 4
1.197964 1.095667 0.000000 240 4
1.246546 1.083843 0.000000 240 4
1.295126 1.072010 0.000000 240 4
1.343801 1.060576 0.000000 240 4
1.392659 1.049952 0.000000 240 4
1.441770 1.040564 0.000000 240 4
1.491172 1.032855 0.000000 240 4
1.540860 1.027283 0.000000 240 4
1.590772 1.024317 0.000000 240 4
0.000000 -0.476746 0.000000 241 4
0.003400 -0.426862 0.000000 241 4
0.006866 -0.376982 0.000000 241 4
0.010470 -0.327112 0.000000 241 4
0.014220 -0.277253 0.000000 241 4
0.018126 -0.227406 0.000000 241 4
0.022197 -0.177572 0.000000 241 4
0.026445 -0.127753 0.000000 241 4
0.030880 -0.077950 0.000000 241 4
0.035515 -0.028165 0.000000 241 4
0.040365 0.021599 0.000000 241 4
0.045444 0.071341 0.000000 241 4
0.050770 0.121056 0.000000 241 4
0.056360 0.170743 0.000000 241 4
0.062235 0.220396 0.000000 241 4
0.068417 0.270013 0.000000 241 4
0.074929 0.319587 0.000000 241 4
0.081801 0.369112 0.000000 241 4
0.089061 0.418582 0.000000 241 4
0.096743 0.467989 0.000000 241 4
0.104885 0.517321 0.000000 241 4
0.113528 0.566569 0.000000 241 4
0.122720 0.615717 0.000000 241 4
0.132512 0.664748 0.000000 241 4
0.142965 0.713643 0.000000 241 4
0.154145 0.762377 0.000000 241 4
0.166128 0.810920 0.000000 241 4
0.178999 0.859235 0.000000 241 4
0.192855 0.907277 0.000000 241 4
0.207807 0.954989 0.000000 241 4
0.223977 1.002302 0.000000 241 4
0.241506 1.049129 0.000000 241 4
0.260551 1.095360 0.000000 241 4
0.281285 1.140858 0.000000 241 4
0.303901 1.185451 0.000000 241 4
0.328602 1.228923 0.000000 241 4
0.355600 1.271008 0.000000 241 4
0.385102 1.311377 0.000000 241 4
0.417292 1.349636 0.000000 241 4
0.452305 1.385331 0.000000 241 4
0.490194 1.417956 0.000000 241 4
0.530899 1.446992 0.000000 241 4
0.574220 1.471958 0.000000 241 4
0.619817 1.492474 0.000000 241 4
0.667238 1.508326 0.000000 241 4
0.715973 1.519500 0.000000 241 4
0.765524 1.526188 0.000000 241 4
0.815458 1.528752 0.000000 241 4
0.865446 1.527673 0.000000 241 4
0.915272 1.523496 0.000000 241 4
0.964819 1.516787 0.000000 241 4
1.014060 1.508107 0.000000 241 4
1.063027 1.497996 0.000000 241 4
1.111797 1.486974 0.000000 241 4
1.160473 1.475543 0.000000 241 4
1.209169 1.464197 0.000000 241 4
1.257996 1.453433 0.000000 241 4
1.307051 1.443758 0.000000 241 4
1.356398 1.435699 0.000000 241 4
1.406049 1.429804 0.000000 241 4
1.455949 1.426637 0.000000 241 4
0.000000 0.045823 0.000000 242 4
0.003622 0.095692 0.000000 242 4
0.007312 0.145555 0.000000 242 4
0.011146 0.195408 0.000000 242 4
0.015131 0.245249 0.000000 242 4
0.019278 0.295077 0.000000 242 4
0.023595 0.344890 0.000000 242 4
0.028094 0.394687 0.000000 242 4
0.032786 0.444467 0.000000 242 4
0.037684 0.494226 0.000000 242 4
0.042802 0.543964 0.000000 242 4
0.048154 0.593676 0.000000 242 4
0.053758 0.643361 0.000000 242 4
0.059631 0.693015 0.000000 242 4
0.065792 0.742634 0.000000 242 4
0.072265 0.792213 0.000000 242 4
0.079071 0.841748 0.000000 242 4
0.086238 0.891231 0.000000 242 4
0.093795 0.940657 0.000000 242 4
0.101773 0.990017 0.000000 242 4
0.110209 1.039300 0.000000 242 4
0.119141 1.088495 0.000000 242 4
0.128614 1.137590 0.000000 242 4
0.138677 1.186567 0.000000 242 4
0.149385 1.235407 0.000000 242 4
0.160800 1.284086 0.000000 242 4
0.172989 1.332578 0.000000 242 4
0.186031 1.380847 0.000000 242 4
0.200012 1.428852 0.000000 242 4
0.215029 1.476544 0.000000 242 4
0.231191 1.523860 0.000000 242 4
0.248619 1.570724 0.000000 242 4
0.267448 1.617043 0.000000 242 4
0.287825 1.662703 0.000000 242 4
0.309913 1.707560 0.000000 242 4
0.333881 1.751441 0.000000 242 4
0.359908 1.794132 0.000000 242 4
0.388171 1.835378 0.000000 242 4
0.418833 1.874873 0.000000 242 4
0.452028 1.912264 0.000000 242 4
0.487840 1.947157 0.000000 242 4
0.526278 1.979133 0.000000 242 4
0.567258 2.007781 0.000000 242 4
0.610587 2.032732 0.000000 242 4
0.655973 2.053712 0.000000 242 4
0.703043 2.070575 0.000000 242 4
0.751388 2.083334 0.000000 242 4
0.800604 2.092150 0.000000 242 4
0.850336 2.097323 0.000000 242 4
0.900299 2.099245 0.000000 242 4
0.950291 2.098374 0.000000 242 4
1.000190 2.095194 0.000000 242 4
1.049940 2.090199 0.000000 242 4
1.099539 2.083877 0.000000 242 4
1.149022 2.076706 0.000000 242 4
1.198449 2.069156 0.000000 242 4
1.247888 2.061691 0.000000 242 4
1.297408 2.054779 0.000000 242 4
1.347060 2.048892 0.000000 242 4
1.396868 2.044512 0.000000 242 4
1.446811 2.042129 0.000000 242 4
0.000000 0.757856 0.000000 243 4
0.002910 0.807772 0.000000 243 4
0.005873 0.857684 0.000000 243 4
0.008949 0.907589 0.000000 243 4
0.012143 0.957487 0.000000 243 4
0.015462 1.007377 0.000000 243 4
0.018914 1.057257 0.000000 243 4
0.022508 1.107128 0.000000 243 4
0.026252 1.156988 0.000000 243 4
0.030155 1.206835 0.000000 243 4
0.034228 1.256669 0.000000 243 4
0.038482 1.306487 0.000000 243 4
0.042930 1.356289 0.000000 243 4
0.047584 1.406072 0.000000 243 4
0.052461 1.455834 0.000000 243 4
0.057575 1.505572 0.000000 243 4
0.062945 1.555282 0.000000 243 4
0.068589 1.604963 0.000000 243 4
0.074530 1.654609 0.000000 243 4
0.080792 1.704215 0.000000 243 4
0.087399 1.753776 0.000000 243 4
0.094382 1.803286 0.000000 243 4
0.101773 1.852737 0.000000 243 4
0.109609 1.902119 0.000000 243 4
0.117929 1.951422 0.000000 243 4
0.126778 2.000633 0.000000 243 4
0.136208 2.049736 0.000000 243 4
0.146276 2.098711 0.000000 243 4
0.157046 2.147538 0.000000 243 4
0.168591 2.196187 0.000000 243 4
0.180993 2.244624 0.000000 243 4
0.194345 2.292809 0.000000 243 4
0.208751 2.340688 0.000000 243 4
0.224332 2.388199 0.000000 243 4
0.241219 2.435260 0.000000 243 4
0.259564 2.481773 0.000000 243 4
0.279532 2.527613 0.000000 243 4
0.301306 2.572623 0.000000 243 4
0.325081 2.616609 0.000000 243 4
0.351060 2.659330 0.000000 243 4
0.379444 2.700492 0.000000 243 4
0.410418 2.739743 0.000000 243 4
0.444122 2.776676 0.000000 243 4
0.480632 2.810838 0.000000 243 4
0.519923 2.841760 0.000000 243 4
0.561852 2.869000 0.000000 243 4
0.606144 2.892198 0.000000 243 4
0.652419 2.911136 0.000000 243 4
0.700229 2.925772 0.000000 243 4
0.749118 2.936253 0.000000 243 4
0.798675 2.942897 0.000000 243 4
0.848569 2.946146 0.000000 243 4
0.898568 2.946524 0.000000 243 4
0.948531 2.944597 0.000000 243 4
0.998397 2.940940 0.000000 243 4
1.048165 2.936127 0.000000 243 4
1.097872 2.930725 0.000000 243 4
1.147576 2.925295 0.000000 243 4
1.197336 2.920398 0.000000 243 4
1.247191 2.916599 0.000000 243 4
1.297146 2.914471 0.000000 243 4
0.000000 1.939487 0.000000 244 4
0.002348 1.989432 0.000000 244 4
0.004739 2.039375 0.000000 244 4
0.007217 2.089313 0.000000 244 4
0.009787 2.139247 0.000000 244 4
0.012455 2.189176 0.000000 244 4
0.015226 2.239099 0.000000 244 4
0.018107 2.289016 0.000000 244 4
0.021103 2.338926 0.000000 244 4
0.024223 2.388829 0.000000 244 4
0.027473 2.438723 0.000000 244 4
0.030863 2.488608 0.000000 244 4
0.034401 2.538482 0.000000 244 4
0.038098 2.588346 0.000000 244 4
0.041963 2.638196 0.000000 244 4
0.046010 2.688032 0.000000 244 4
0.050250 2.737852 0.000000 244 4
0.054698 2.787654 0.000000 244 4
0.059370 2.837435 0.000000 244 4
0.064282 2.887193 0.000000 244 4
0.069454 2.936925 0.000000 244 4
0.074907 2.986627 0.000000 244 4
0.080663 3.036294 0.000000 244 4
0.086749 3.085922 0.000000 244 4
0.093194 3.135505 0.000000 244 4
0.100029 3.185036 0.000000 244 4
0.107290 3.234506 0.000000 244 4
0.115017 3.283905 0.000000 244 4
0.123257 3.333221 0.000000 244 4
0.132060 3.382440 0.000000 244 4
0.141484 3.431544 0.000000 244 4
0.151595 3.480511 0.000000 244 4
0.162466 3.529315 0.000000 244 4
0.174184 3.577923 0.000000 244 4
0.186843 3.626294 0.000000 244 4
0.200556 3.674377 0.000000 244 4
0.215445 3.722108 0.000000 244 4
0.231655 3.769408 0.000000 244 4
0.249344 3.816174 0.000000 244 4
0.268694 3.862278 0.000000 244 4
0.289903 3.907557 0.000000 244 4
0.313186 3.951805 0.000000 244 4
0.338768 3.994765 0.000000 244 4
0.366872 4.036119 0.000000 244 4
0.397702 4.075483 0.000000 244 4
0.431410 4.112412 0.000000 244 4
0.468068 4.146415 0.000000 244 4
0.507630 4.176990 0.000000 244 4
0.549908 4.203685 0.000000 244 4
0.594570 4.226164 0.000000 244 4
0.641177 4.244269 0.000000 244 4
0.689237 4.258059 0.000000 244 4
0.738279 4.267803 0.000000 244 4
0.787900 4.273943 0.000000 244 4
0.837804 4.277040 0.000000 244 4
0.887800 4.277725 0.000000 244 4
0.937788 4.276656 0.000000 244 4
0.987742 4.274499 0.000000 244 4
1.037675 4.271919 0.000000 244 4
1.087620 4.269578 0.000000 244 4
1.137600 4.268140 0.000000 244 4
0.000000 48.685513 0.000000 245 5
0.002348 48.635568 0.000000 245 5
0.004739 48.585625 0.000000 245 5
0.007217 48.535687 0.000000 245 5
0.009787 48.485753 0.000000 245 5
0.012455 48.435824 0.000000 245 5
0.015226 48.385901 0.000000 245 5
0.018107 48.335984 0.000000 245 5
0.021103 48.286074 0.000000 245 5
0.024223 48.236171 0.000000 245 5
0.027473 48.186277 0.000000 245 5
0.030863 48.136392 0.000000 245 5
0.034401 48.086518 0.000000 245 5
0.038098 48.036654 0.000000 245 5
0.041963 47.986804 0.000000 245 5
0.046010 47.936968 0.000000 245 5
0.050250 47.887148 0.000000 245 5
0.054698 47.837346 0.000000 245 5
0.059370 47.787565 0.000000 245 5
0.064282 47.737807 0.000000 245 5
0.069454 47.688075 0.000000 245 5
0.074907 47.638373 0.000000 245 5
0.080663 47.588706 0.000000 245 5
0.086749 47.539078 0.000000 245 5
0.093194 47.489495 0.000000 245 5
0.100029 47.439964 0.000000 245 5
0.107290 47.390494 0.000000 245 5
0.115017 47.341095 0.000000 245 5
0.123257 47.291779 0.000000 245 5
0.132060 47.242560 0.000000 245 5
0.141484 47.193456 0.000000 245 5
0.151595 47.144489 0.000000 245 5
0.162466 47.095685 0.000000 245 5
0.174184 47.047077 0.000000 245 5
0.186843 46.998706 0.000000 245 5
0.200556 46.950623 0.000000 245 5
0.215445 46.902892 0.000000 245 5
0.231655 46.855592 0.000000 245 5
0.249344 46.808826 0.000000 245 5
0.268694 46.762722 0.000000 245 5
0.289903 46.717443 0.000000 245 5
0.313186 46.673195 0.000000 245 5
0.338768 46.630235 0.000000 245 5
0.366872 46.588881 0.000000 245 5
0.397702 46.549517 0.000000 245 5
0.431410 46.512588 0.000000 245 5
0.468068 46.478585 0.000000 245 5
0.507630 46.448010 0.000000 245 5
0.549908 46.421315 0.000000 245 5
0.594570 46.398836 0.000000 245 5
0.641177 46.380731 0.000000 245 5
0.689237 46.366941 0.000000 245 5
0.738279 46.357197 0.000000 245 5
0.787900 46.351057 0.000000 245 5
0.837804 46.347960 0.000000 245 5
0.887800 46.347275 0.000000 245 5
0.937788 46.348344 0.000000 245 5
0.987742 46.350501 0.000000 245 5
1.037675 46.353081 0.000000 245 5
1.087620 46.355422 0.000000 245 5
1.137600 46.356860 0.000000 245 5
0.000000 37.210894 0.000000 246 5
0.002910 37.160978 0.000000 246 5
0.005873 37.111066 0.000000 246 5
0.008949 37.061161 0.000000 246 5
0.012143 37.011263 0.000000 246 5
0.015462 36.961373 0.000000 246 5
0.018914 36.911493 0.000000 246 5
0.022508 36.861622 0.000000 246 5
0.026252 36.811762 0.000000 246 5
0.030155 36.761915 0.000000 246 5
0.034228 36.712081 0.000000 246 5
0.038482 36.662263 0.000000 246 5
0.042930 36.612461 0.000000 246 5
0.047584 36.562678 0.000000 246 5
0.052461 36.512916 0.000000 246 5
0.057575 36.463178 0.000000 246 5
0.062945 36.413468 0.000000 246 5
0.068589 36.363787 0.000000 246 5
0.074530 36.314141 0.000000 246 5
0.080792 36.264535 0.000000 246 5
0.087399 36.214974 0.000000 246 5
0.094382 36.165464 0.000000 246 5
0.101773 36.116013 0.000000 246 5
0.109609 36.066631 0.000000 246 5
0.117929 36.017328 0.000000 246 5
0.126778 35.968117 0.000000 246 5
0.136208 35.919014 0.000000 246 5
0.146276 35.870039 0.000000 246 5
0.157046 35.821212 0.000000 246 5
0.168591 35.772563 0.000000 246 5
0.180993 35.724126 0.000000 246 5
0.194345 35.675941 0.000000 246 5
0.208751 35.628062 0.000000 246 5
0.224332 35.580551 0.000000 246 5
0.241219 35.533490 0.000000 246 5
0.259564 35.486977 0.000000 246 5
0.279532 35.441137 0.000000 246 5
0.301306 35.396127 0.000000 246 5
0.325081 35.352141 0.000000 246 5
0.351060 35.309420 0.000000 246 5
0.379444 35.268258 0.000000 246 5
0.410418 35.229007 0.000000 246 5
0.444122 35.192074 0.000000 246 5
0.480632 35.157912 0.000000 246 5
0.519923 35.126990 0.000000 246 5
0.561852 35.099750 0.000000 246 5
0.606144 35.076552 0.000000 246 5
0.652419 35.057614 0.000000 246 5
0.700229 35.042978 0.000000 246 5
0.749118 35.032497 0.000000 246 5
0.798675 35.025853 0.000000 246 5
0.848569 35.022604 0.000000 246 5
0.898568 35.022226 0.000000 246 5
0.948531 35.024153 0.000000 246 5
0.998397 35.027810 0.000000 246 5
1.048165 35.032623 0.000000 246 5
1.097872 35.038025 0.000000 246 5
1.147576 35.043455 0.000000 246 5
1.197336 35.048352 0.000000 246 5
1.247191 35.052151 0.000000 246 5
1.297146 35.054279 0.000000 246 5
0.000000 28.430739 0.000000 247 5
0.003622 28.380871 0.000000 247 5
0.007312 28.331007 0.000000 247 5
0.011146 28.281154 0.000000 247 5
0.015131 28.231314 0.000000 247 5
0.019278 28.181486 0.000000 247 5
0.023595 28.131672 0.000000 247 5
0.028094 28.081875 0.000000 247 5
0.032786 28.032096 0.000000 247 5
0.037684 27.982336 0.000000 247 5
0.042802 27.932599 0.000000 247 5
0.048154 27.882886 0.000000 247 5
0.053758 27.833201 0.000000 247 5
0.059631 27.783547 0.000000 247 5
0.065792 27.733929 0.000000 247 5
0.072265 27.684349 0.000000 247 5
0.079071 27.634815 0.000000 247 5
0.086238 27.585331 0.000000 247 5
0.093795 27.535905 0.000000 247 5
0.101773 27.486546 0.000000 247 5
0.110209 27.437263 0.000000 247 5
0.119141 27.388067 0.000000 247 5
0.128614 27.338973 0.000000 247 5
0.138677 27.289996 0.000000 247 5
0.149385 27.241156 0.000000 247 5
0.160800 27.192476 0.000000 247 5
0.172989 27.143985 0.000000 247 5
0.186031 27.095716 0.000000 247 5
0.200012 27.047710 0.000000 247 5
0.215029 27.000018 0.000000 247 5
0.231191 26.952703 0.000000 247 5
0.248619 26.905838 0.000000 247 5
0.267448 26.859519 0.000000 247 5
0.287825 26.813860 0.000000 247 5
0.309913 26.769003 0.000000 247 5
0.333881 26.725122 0.000000 247 5
0.359908 26.682430 0.000000 247 5
0.388171 26.641185 0.000000 247 5
0.418833 26.601690 0.000000 247 5
0.452028 26.564299 0.000000 247 5
0.487840 26.529406 0.000000 247 5
0.526278 26.497429 0.000000 247 5
0.567258 26.468782 0.000000 247 5
0.610587 26.443831 0.000000 247 5
0.655973 26.422851 0.000000 247 5
0.703043 26.405987 0.000000 247 5
0.751388 26.393229 0.000000 247 5
0.800604 26.384412 0.000000 247 5
0.850336 26.379240 0.000000 247 5
0.900299 26.377317 0.000000 247 5
0.950291 26.378188 0.000000 247 5
1.000190 26.381368 0.000000 247 5
1.049940 26.386363 0.000000 247 5
1.099539 26.392686 0.000000 247 5
1.149022 26.399857 0.000000 247 5
1.198449 26.407407 0.000000 247 5
1.247888 26.414871 0.000000 247 5
1.297408 26.421783 0.000000 247 5
1.347060 26.427670 0.000000 247 5
1.396868 26.432051 0.000000 247 5
1.446811 26.434433 0.000000 247 5
0.000000 28.953309 0.000000 248 5
0.003400 28.903424 0.000000 248 5
0.006866 28.853545 0.000000 248 5
0.010470 28.803675 0.000000 248 5
0.014220 28.753816 0.000000 248 5
0.018126 28.703968 0.000000 248 5
0.022197 28.654134 0.000000 248 5
0.026445 28.604315 0.000000 248 5
0.030880 28.554512 0.000000 248 5
0.035515 28.504728 0.000000 248 5
0.040365 28.454963 0.000000 248 5
0.045444 28.405222 0.000000 248 5
0.050770 28.355506 0.000000 248 5
0.056360 28.305820 0.000000 248 5
0.062235 28.256166 0.000000 248 5
0.068417 28.206550 0.000000 248 5
0.074929 28.156976 0.000000 248 5
0.081801 28.107450 0.000000 248 5
0.089061 28.057980 0.000000 248 5
0.096743 28.008574 0.000000 248 5
0.104885 27.959241 0.000000 248 5
0.113528 27.909994 0.000000 248 5
0.122720 27.860846 0.000000 248 5
0.132512 27.811814 0.000000 248 5
0.142965 27.762919 0.000000 248 5
0.154145 27.714185 0.000000 248 5
0.166128 27.665642 0.000000 248 5
0.178999 27.617327 0.000000 248 5
0.192855 27.569286 0.000000 248 5
0.207807 27.521573 0.000000 248 5
0.223977 27.474260 0.000000 248 5
0.241506 27.427434 0.000000 248 5
0.260551 27.381203 0.000000 248 5
0.281285 27.335705 0.000000 248 5
0.303901 27.291112 0.000000 248 5
0.328602 27.247639 0.000000 248 5
0.355600 27.205555 0.000000 248 5
0.385102 27.165186 0.000000 248 5
0.417292 27.126926 0.000000 248 5
0.452305 27.091232 0.000000 248 5
0.490194 27.058606 0.000000 248 5
0.530899 27.029570 0.000000 248 5
0.574220 27.004604 0.000000 248 5
0.619817 26.984088 0.000000 248 5
0.667238 26.968237 0.000000 248 5
0.715973 26.957063 0.000000 248 5
0.765524 26.950375 0.000000 248 5
0.815458 26.947810 0.000000 248 5
0.865446 26.948889 0.000000 248 5
0.915272 26.953066 0.000000 248 5
0.964819 26.959775 0.000000 248 5
1.014060 26.968456 0.000000 248 5
1.063027 26.978567 0.000000 248 5
1.111797 26.989589 0.000000 248 5
1.160473 27.001020 0.000000 248 5
1.209169 27.012365 0.000000 248 5
1.257996 27.023129 0.000000 248 5
1.307051 27.032804 0.000000 248 5
1.356398 27.040863 0.000000 248 5
1.406049 27.046759 0.000000 248 5
1.455949 27.049926 0.000000 248 5
0.000000 22.106908 0.000000 249 5
0.004265 22.057091 0.000000 249 5
0.008614 22.007280 0.000000 249 5
0.013139 21.957485 0.000000 249 5
0.017852 21.907708 0.000000 249 5
0.022764 21.857950 0.000000 249 5
0.027887 21.808213 0.000000 249 5
0.033237 21.758500 0.000000 249 5
0.038828 21.708814 0.000000 249 5
0.044676 21.659157 0.000000 249 5
0.050801 21.609533 0.000000 249 5
0.057221 21.559947 0.000000 249 5
0.063959 21.510403 0.000000 249 5
0.071039 21.460907 0.000000 249 5
0.078487 21.411465 0.000000 249 5
0.086332 21.362084 0.000000 249 5
0.094606 21.312774 0.000000 249 5
0.103346 21.263543 0.000000 249 5
0.112590 21.214405 0.000000 249 5
0.122383 21.165374 0.000000 249 5
0.132773 21.116465 0.000000 249 5
0.143816 21.067700 0.000000 249 5
0.155572 21.019102 0.000000 249 5
0.168111 20.970699 0.000000 249 5
0.181508 20.922527 0.000000 249 5
0.195849 20.874628 0.000000 249 5
0.211231 20.827053 0.000000 249 5
0.227761 20.779864 0.000000 249 5
0.245558 20.733139 0.000000 249 5
0.264755 20.686971 0.000000 249 5
0.285498 20.641477 0.000000 249 5
0.307946 20.596799 0.000000 249 5
0.332267 20.553113 0.000000 249 5
0.358637 20.510633 0.000000 249 5
0.387231 20.469616 0.000000 249 5
0.418211 20.430369 0.000000 249 5
0.451711 20.393251 0.000000 249 5
0.487816 20.358662 0.000000 249 5
0.526541 20.327033 0.000000 249 5
0.567802 20.298793 0.000000 249 5
0.611412 20.274335 0.000000 249 5
0.657074 20.253965 0.000000 249 5
0.704411 20.237864 0.000000 249 5
0.752997 20.226057 0.000000 249 5
0.802409 20.218412 0.000000 249 5
0.852268 20.214662 0.000000 249 5
0.902268 20.214435 0.000000 249 5
0.952186 20.217296 0.000000 249 5
1.001884 20.222782 0.000000 249 5
1.051297 20.230422 0.000000 249 5
1.100418 20.239756 0.000000 249 5
1.149284 20.250342 0.000000 249 5
1.197964 20.261754 0.000000 249 5
1.246546 20.273579 0.000000 249 5
1.295126 20.285412 0.000000 249 5
1.343801 20.296846 0.000000 249 5
1.392659 20.307470 0.000000 249 5
1.441770 20.316857 0.000000 249 5
1.491172 20.324567 0.000000 249 5
1.540860 20.330139 0.000000 249 5
1.590772 20.333105 0.000000 249 5
0.000000 22.498835 0.000000 250 5
0.004033 22.448998 0.000000 250 5
0.008147 22.399168 0.000000 250 5
0.012431 22.349352 0.000000 250 5
0.016895 22.299551 0.000000 250 5
0.021552 22.249769 0.000000 250 5
0.026415 22.200006 0.000000 250 5
0.031496 22.150265 0.000000 250 5
0.036812 22.100548 0.000000 250 5
0.042379 22.050859 0.000000 250 5
0.048215 22.001201 0.000000 250 5
0.054340 21.951577 0.000000 250 5
0.060776 21.901993 0.000000 250 5
0.067547 21.852454 0.000000 250 5
0.074680 21.802965 0.000000 250 5
0.082205 21.753535 0.000000 250 5
0.090154 21.704170 0.000000 250 5
0.098564 21.654883 0.000000 250 5
0.107476 21.605683 0.000000 250 5
0.116935 21.556586 0.000000 250 5
0.126993 21.507608 0.000000 250 5
0.137706 21.458770 0.000000 250 5
0.149140 21.410095 0.000000 250 5
0.161366 21.361612 0.000000 250 5
0.174467 21.313359 0.000000 250 5
0.188535 21.265379 0.000000 250 5
0.203674 21.217726 0.000000 250 5
0.220003 21.170467 0.000000 250 5
0.237652 21.123686 0.000000 250 5
0.256771 21.077486 0.000000 250 5
0.277524 21.031996 0.000000 250 5
0.300092 20.987379 0.000000 250 5
0.324668 20.943835 0.000000 250 5
0.351454 20.901616 0.000000 250 5
0.380652 20.861027 0.000000 250 5
0.412447 20.822438 0.000000 250 5
0.446983 20.786282 0.000000 250 5
0.484338 20.753046 0.000000 250 5
0.524488 20.723248 0.000000 250 5
0.567283 20.697391 0.000000 250 5
0.612431 20.675905 0.000000 250 5
0.659518 20.659087 0.000000 250 5
0.708047 20.647049 0.000000 250 5
0.757504 20.639700 0.000000 250 5
0.807418 20.636769 0.000000 250 5
0.857407 20.637845 0.000000 250 5
0.907196 20.642433 0.000000 250 5
0.956619 20.650003 0.000000 250 5
1.005605 20.660024 0.000000 250 5
1.054153 20.671984 0.000000 250 5
1.102320 20.685399 0.000000 250 5
1.150197 20.699813 0.000000 250 5
1.197901 20.714791 0.000000 250 5
1.245560 20.729913 0.000000 250 5
1.293304 20.744762 0.000000 250 5
1.341260 20.758913 0.000000 250 5
1.389537 20.771925 0.000000 250 5
1.438217 20.783336 0.000000 250 5
1.487342 20.792651 0.000000 250 5
1.536891 20.799352 0.000000 250 5
1.586764 20.802904 0.000000 250 5
0.000000 17.168072 0.000000 251 5
0.005088 17.118331 0.000000 251 5
0.010279 17.068601 0.000000 251 5
0.015688 17.018895 0.000000 251 5
0.021327 16.969214 0.000000 251 5
0.027213 16.919561 0.000000 251 5
0.033361 16.869941 0.000000 251 5
0.039790 16.820356 0.000000 251 5
0.046519 16.770811 0.000000 251 5
0.053569 16.721310 0.000000 251 5
0.060964 16.671860 0.000000 251 5
0.068730 16.622467 0.000000 251 5
0.076894 16.573138 0.000000 251 5
0.085489 16.523882 0.000000 251 5
0.094548 16.474710 0.000000 251 5
0.104109 16.425632 0.000000 251 5
0.114215 16.376664 0.000000 251 5
0.124912 16.327822 0.000000 251 5
0.136252 16.279125 0.000000 251 5
0.148293 16.230596 0.000000 251 5
0.161099 16.182264 0.000000 251 5
0.174741 16.134161 0.000000 251 5
0.189300 16.086328 0.000000 251 5
0.204865 16.038812 0.000000 251 5
0.221534 15.991673 0.000000 251 5
0.239417 15.944980 0.000000 251 5
0.258636 15.898821 0.000000 251 5
0.279323 15.853302 0.000000 251 5
0.301624 15.808550 0.000000 251 5
0.325691 15.764724 0.000000 251 5
0.351687 15.722013 0.000000 251 5
0.379772 15.680646 0.000000 251 5
0.410103 15.640896 0.000000 251 5
0.442814 15.603081 0.000000 251 5
0.478005 15.567562 0.000000 251 5
0.515719 15.534735 0.000000 251 5
0.555923 15.505009 0.000000 251 5
0.598493 15.478782 0.000000 251 5
0.643203 15.456398 0.000000 251 5
0.689738 15.438110 0.000000 251 5
0.737718 15.424042 0.000000 251 5
0.786736 15.414180 0.000000 251 5
0.836397 15.408370 0.000000 251 5
0.886356 15.406341 0.000000 251 5
0.936336 15.407738 0.000000 251 5
0.986141 15.412155 0.000000 251 5
1.035647 15.419167 0.000000 251 5
1.084797 15.428346 0.000000 251 5
1.133587 15.439279 0.000000 251 5
1.182053 15.451568 0.000000 251 5
1.230261 15.464837 0.000000 251 5
1.278294 15.478723 0.000000 251 5
1.326248 15.492878 0.000000 251 5
1.374226 15.506955 0.000000 251 5
1.422326 15.520607 0.000000 251 5
1.470640 15.533480 0.000000 251 5
1.519246 15.545205 0.000000 251 5
1.568196 15.555398 0.000000 251 5
1.617510 15.563652 0.000000 251 5
1.667161 15.569548 0.000000 251 5
1.717064 15.572657 0.000000 251 5
0.000000 76.049772 0.000000 252 5
0.002235 75.999822 0.000000 252 5
0.004507 75.949874 0.000000 252 5
0.006857 75.899929 0.000000 252 5
0.009289 75.849988 0.000000 252 5
0.011808 75.800052 0.000000 252 5
0.014418 75.750120 0.000000 252 5
0.017124 75.700193 0.000000 252 5
0.019932 75.650272 0.000000 252 5
0.022847 75.600357 0.000000 252 5
0.025876 75.550449 0.000000 252 5
0.029025 75.500548 0.000000 252 5
0.032302 75.450656 0.000000 252 5
0.035714 75.400772 0.000000 252 5
0.039271 75.350899 0.000000 252 5
0.042981 75.301037 0.000000 252 5
0.046855 75.251187 0.000000 252 5
0.050903 75.201351 0.000000 252 5
0.055137 75.151531 0.000000 252 5
0.059572 75.101728 0.000000 252 5
0.064220 75.051944 0.000000 252 5
0.069097 75.002183 0.000000 252 5
0.074222 74.952446 0.000000 252 5
0.079612 74.902738 0.000000 252 5
0.085289 74.853061 0.000000 252 5
0.091276 74.803421 0.000000 252 5
0.097599 74.753822 0.000000 252 5
0.104287 74.704271 0.000000 252 5
0.111370 74.654776 0.000000 252 5
0.118884 74.605343 0.000000 252 5
0.126870 74.555985 0.000000 252 5
0.135372 74.506713 0.000000 252 5
0.144438 74.457542 0.000000 252 5
0.154127 74.408490 0.000000 252 5
0.164500 74.359578 0.000000 252 5
0.175629 74.310832 0.000000 252 5
0.187596 74.262285 0.000000 252 5
0.200492 74.213977 0.000000 252 5
0.214420 74.165956 0.000000 252 5
0.229497 74.118283 0.000000 252 5
0.245856 74.071035 0.000000 252 5
0.263643 74.024306 0.000000 252 5
0.283023 73.978215 0.000000 252 5
0.304176 73.932909 0.000000 252 5
0.327293 73.888575 0.000000 252 5
0.352577 73.845438 0.000000 252 5
0.380225 73.803778 0.000000 252 5
0.410421 73.763925 0.000000 252 5
0.443306 73.726262 0.000000 252 5
0.478962 73.691210 0.000000 252 5
0.517374 73.659202 0.000000 252 5
0.558416 73.630644 0.000000 252 5
0.601841 73.605859 0.000000 252 5
0.647299 73.585037 0.000000 252 5
0.694377 73.568195 0.000000 252 5
0.742651 73.555171 0.000000 252 5
0.791734 73.545638 0.000000 252 5
0.841310 73.539142 0.000000 252 5
0.891150 73.535145 0.000000 252 5
0.941107 73.533059 0.000000 252 5
0.991101 73.532274 0.000000 252 5
0.000000 77.701349 0.000000 253 5
0.001982 77.651388 0.000000 253 5
0.004000 77.601429 0.000000 253 5
0.006091 77.551473 0.000000 253 5
0.008261 77.501520 0.000000 253 5
0.010512 77.451570 0.000000 253 5
0.012852 77.401625 0.000000 253 5
0.015283 77.351684 0.000000 253 5
0.017813 77.301748 0.000000 253 5
0.020447 77.251818 0.000000 253 5
0.023191 77.201893 0.000000 253 5
0.026053 77.151975 0.000000 253 5
0.029041 77.102065 0.000000 253 5
0.032162 77.052162 0.000000 253 5
0.035426 77.002269 0.000000 253 5
0.038844 76.952386 0.000000 253 5
0.042425 76.902514 0.000000 253 5
0.046182 76.852655 0.000000 253 5
0.050129 76.802811 0.000000 253 5
0.054280 76.752984 0.000000 253 5
0.058650 76.703175 0.000000 253 5
0.063259 76.653388 0.000000 253 5
0.068125 76.603626 0.000000 253 5
0.073271 76.553891 0.000000 253 5
0.078722 76.504189 0.000000 253 5
0.084504 76.454525 0.000000 253 5
0.090650 76.404904 0.000000 253 5
0.097193 76.355334 0.000000 253 5
0.104172 76.305823 0.000000 253 5
0.111633 76.256383 0.000000 253 5
0.119625 76.207026 0.000000 253 5
0.128207 76.157768 0.000000 253 5
0.137443 76.108628 0.000000 253 5
0.147409 76.059631 0.000000 253 5
0.158190 76.010808 0.000000 253 5
0.169888 75.962195 0.000000 253 5
0.182614 75.913842 0.000000 253 5
0.196503 75.865810 0.000000 253 5
0.211705 75.818177 0.000000 253 5
0.228395 75.771045 0.000000 253 5
0.246773 75.724545 0.000000 253 5
0.267062 75.678846 0.000000 253 5
0.289510 75.634168 0.000000 253 5
0.314382 75.590794 0.000000 253 5
0.341948 75.549079 0.000000 253 5
0.372456 75.509465 0.000000 253 5
0.406101 75.472479 0.000000 253 5
0.442972 75.438707 0.000000 253 5
0.483004 75.408749 0.000000 253 5
0.525944 75.383134 0.000000 253 5
0.571362 75.362223 0.000000 253 5
0.618699 75.346125 0.000000 253 5
0.667368 75.334665 0.000000 253 5
0.716839 75.327410 0.000000 253 5
0.766704 75.323742 0.000000 253 5
0.816698 75.322931 0.000000 253 5
0.866682 75.324197 0.000000 253 5
0.916616 75.326753 0.000000 253 5
0.966523 75.329809 0.000000 253 5
1.016446 75.332582 0.000000 253 5
1.066417 75.334287 0.000000 253 5
0.000000 44.636021 0.000000 254 5
0.003162 44.586121 0.000000 254 5
0.006382 44.536225 0.000000 254 5
0.009726 44.486336 0.000000 254 5
0.013201 44.436457 0.000000 254 5
0.016815 44.386588 0.000000 254 5
0.020575 44.336730 0.000000 254 5
0.024492 44.286883 0.000000 254 5
0.028574 44.237050 0.000000 254 5
0.032833 44.187232 0.000000 254 5
0.037281 44.137430 0.000000 254 5
0.041930 44.087647 0.000000 254 5
0.046794 44.037884 0.000000 254 5
0.051889 43.988144 0.000000 254 5
0.057230 43.938430 0.000000 254 5
0.062837 43.888746 0.000000 254 5
0.068728 43.839094 0.000000 254 5
0.074928 43.789480 0.000000 254 5
0.081459 43.739908 0.000000 254 5
0.088349 43.690385 0.000000 254 5
0.095628 43.640918 0.000000 254 5
0.103330 43.591515 0.000000 254 5
0.111491 43.542185 0.000000 254 5
0.120152 43.492941 0.000000 254 5
0.129361 43.443796 0.000000 254 5
0.139169 43.394768 0.000000 254 5
0.149635 43.345875 0.000000 254 5
0.160824 43.297144 0.000000 254 5
0.172811 43.248602 0.000000 254 5
0.185679 43.200286 0.000000 254 5
0.199522 43.152240 0.000000 254 5
0.214447 43.104520 0.000000 254 5
0.230573 43.057192 0.000000 254 5
0.248035 43.010340 0.000000 254 5
0.266982 42.964069 0.000000 254 5
0.287581 42.918509 0.000000 254 5
0.310010 42.873822 0.000000 254 5
0.334463 42.830210 0.000000 254 5
0.361136 42.787918 0.000000 254 5
0.390220 42.747248 0.000000 254 5
0.421887 42.708554 0.000000 254 5
0.456263 42.672246 0.000000 254 5
0.493404 42.638771 0.000000 254 5
0.533268 42.608590 0.000000 254 5
0.575693 42.582130 0.000000 254 5
0.620395 42.559732 0.000000 254 5
0.666991 42.541598 0.000000 254 5
0.715038 42.527759 0.000000 254 5
0.764088 42.518062 0.000000 254 5
0.813743 42.512198 0.000000 254 5
0.863683 42.509739 0.000000 254 5
0.913681 42.510180 0.000000 254 5
0.963602 42.512982 0.000000 254 5
1.013389 42.517596 0.000000 254 5
1.063042 42.523479 0.000000 254 5
1.112602 42.530095 0.000000 254 5
1.162134 42.536919 0.000000 254 5
1.211709 42.543426 0.000000 254 5
1.261387 42.549090 0.000000 254 5
1.311203 42.553374 0.000000 254 5
1.361147 42.555731 0.000000 254 5
0.000000 34.173774 0.000000 255 5
0.003823 34.123921 0.000000 255 5
0.007720 34.074073 0.000000 255 5
0.011771 34.024237 0.000000 255 5
0.015987 33.974415 0.000000 255 5
0.020378 33.924608 0.000000 255 5
0.024954 33.874818 0.000000 255 5
0.029727 33.825047 0.000000 255 5
0.034711 33.775296 0.000000 255 5
0.039920 33.725568 0.000000 255 5
0.045370 33.675866 0.000000 255 5
0.051076 33.626192 0.000000 255 5
0.057059 33.576552 0.000000 255 5
0.063337 33.526947 0.000000 255 5
0.069934 33.477384 0.000000 255 5
0.076874 33.427868 0.000000 255 5
0.084185 33.378406 0.000000 255 5
0.091896 33.329004 0.000000 255 5
0.100041 33.279672 0.000000 255 5
0.108656 33.230420 0.000000 255 5
0.117783 33.181260 0.000000 255 5
0.127469 33.132207 0.000000 255 5
0.137763 33.083278 0.000000 255 5
0.148724 33.034494 0.000000 255 5
0.160416 32.985880 0.000000 255 5
0.172911 32.937467 0.000000 255 5
0.186290 32.889290 0.000000 255 5
0.200644 32.841395 0.000000 255 5
0.216076 32.793836 0.000000 255 5
0.232700 32.746680 0.000000 255 5
0.250644 32.700011 0.000000 255 5
0.270050 32.653931 0.000000 255 5
0.291074 32.608565 0.000000 255 5
0.313885 32.564072 0.000000 255 5
0.338663 32.520644 0.000000 255 5
0.365593 32.478515 0.000000 255 5
0.394854 32.437971 0.000000 255 5
0.426607 32.399349 0.000000 255 5
0.460978 32.363036 0.000000 255 5
0.498029 32.329461 0.000000 255 5
0.537733 32.299071 0.000000 255 5
0.579960 32.272296 0.000000 255 5
0.624461 32.249500 0.000000 255 5
0.670886 32.230933 0.000000 255 5
0.718815 32.216692 0.000000 255 5
0.767808 32.206707 0.000000 255 5
0.817452 32.200751 0.000000 255 5
0.867400 32.198470 0.000000 255 5
0.917390 32.199430 0.000000 255 5
0.967252 32.203145 0.000000 255 5
1.016894 32.209120 0.000000 255 5
1.066291 32.216860 0.000000 255 5
1.115470 32.225887 0.000000 255 5
1.164490 32.235735 0.000000 255 5
1.213435 32.245952 0.000000 255 5
1.262396 32.256091 0.000000 255 5
1.311463 32.265706 0.000000 255 5
1.360712 32.274340 0.000000 255 5
1.410193 32.281524 0.000000 255 5
1.459917 32.286772 0.000000 255 5
1.509838 32.289588 0.000000 255 5
0.000000 26.152900 0.000000 256 5
0.004660 26.103118 0.000000 256 5
0.009412 26.053344 0.000000 256 5
0.014358 26.003589 0.000000 256 5
0.019511 25.953855 0.000000 256 5
0.024883 25.904145 0.000000 256 5
0.030489 25.854460 0.000000 256 5
0.036344 25.804804 0.000000 256 5
0.042466 25.755180 0.000000 256 5
0.048872 25.705592 0.000000 256 5
0.055583 25.656045 0.000000 256 5
0.062621 25.606543 0.000000 256 5
0.070011 25.557092 0.000000 256 5
0.077778 25.507699 0.000000 256 5
0.085953 25.458372 0.000000 256 5
0.094568 25.409119 0.000000 256 5
0.103658 25.359953 0.000000 256 5
0.113264 25.310884 0.000000 256 5
0.123429 25.261928 0.000000 256 5
0.134202 25.213103 0.000000 256 5
0.145638 25.164428 0.000000 256 5
0.157797 25.115929 0.000000 256 5
0.170747 25.067635 0.000000 256 5
0.184563 25.019582 0.000000 256 5
0.199329 24.971812 0.000000 256 5
0.215140 24.924377 0.000000 256 5
0.232098 24.877341 0.000000 256 5
0.250321 24.830780 0.000000 256 5
0.269934 24.784787 0.000000 256 5
0.291079 24.739478 0.000000 256 5
0.313904 24.694993 0.000000 256 5
0.338570 24.651500 0.000000 256 5
0.365240 24.609207 0.000000 256 5
0.394077 24.568360 0.000000 256 5
0.425230 24.529252 0.000000 256 5
0.458822 24.492217 0.000000 256 5
0.494933 24.457633 0.000000 256 5
0.533573 24.425901 0.000000 256 5
0.574672 24.397425 0.000000 256 5
0.618060 24.372576 0.000000 256 5
0.663471 24.351652 0.000000 256 5
0.710560 24.334841 0.000000 256 5
0.758935 24.322195 0.000000 256 5
0.808194 24.313621 0.000000 256 5
0.857971 24.308899 0.000000 256 5
0.907956 24.307706 0.000000 256 5
0.957918 24.309652 0.000000 256 5
1.007701 24.314309 0.000000 256 5
1.057218 24.321240 0.000000 256 5
1.106443 24.330012 0.000000 256 5
1.155393 24.340206 0.000000 256 5
1.204120 24.351417 0.000000 256 5
1.252697 24.363257 0.000000 256 5
1.301214 24.375348 0.000000 256 5
1.349761 24.387313 0.000000 256 5
1.398429 24.398777 0.000000 256 5
1.447297 24.409354 0.000000 256 5
1.496426 24.418646 0.000000 256 5
1.545847 24.426239 0.000000 256 5
1.595547 24.431703 0.000000 256 5
1.645463 24.434602 0.000000 256 5
0.000000 26.675469 0.000000 257 5
0.004299 26.625654 0.000000 257 5
0.008686 26.575847 0.000000 257 5
0.013257 26.526057 0.000000 257 5
0.018024 26.476284 0.000000 257 5
0.023000 26.426533 0.000000 257 5
0.028199 26.376804 0.000000 257 5
0.033637 26.327100 0.000000 257 5
0.039329 26.277425 0.000000 257 5
0.045295 26.227782 0.000000 257 5
0.051554 26.178176 0.000000 257 5
0.058129 26.128610 0.000000 257 5
0.065045 26.079090 0.000000 257 5
0.072327 26.029624 0.000000 257 5
0.080007 25.980217 0.000000 257 5
0.088118 25.930879 0.000000 257 5
0.096695 25.881620 0.000000 257 5
0.105781 25.832453 0.000000 257 5
0.115421 25.783391 0.000000 257 5
0.125666 25.734452 0.000000 257 5
0.136574 25.685656 0.000000 257 5
0.148211 25.637029 0.000000 257 5
0.160648 25.588601 0.000000 257 5
0.173967 25.540407 0.000000 257 5
0.188263 25.492495 0.000000 257 5
0.203638 25.444917 0.000000 257 5
0.220210 25.397743 0.000000 257 5
0.238112 25.351058 0.000000 257 5
0.257492 25.304967 0.000000 257 5
0.278512 25.259600 0.000000 257 5
0.301353 25.215122 0.000000 257 5
0.326207 25.171737 0.000000 257 5
0.353273 25.129696 0.000000 257 5
0.382750 25.089309 0.000000 257 5
0.414819 25.050948 0.000000 257 5
0.449620 25.015046 0.000000 257 5
0.487225 24.982094 0.000000 257 5
0.527605 24.952608 0.000000 257 5
0.570606 24.927094 0.000000 257 5
0.615930 24.905982 0.000000 257 5
0.663160 24.889570 0.000000 257 5
0.711796 24.877973 0.000000 257 5
0.761322 24.871106 0.000000 257 5
0.811264 24.868701 0.000000 257 5
0.861237 24.870357 0.000000 257 5
0.910963 24.875584 0.000000 257 5
0.960273 24.883862 0.000000 257 5
1.009092 24.894667 0.000000 257 5
1.057417 24.907500 0.000000 257 5
1.105301 24.921891 0.000000 257 5
1.152836 24.937397 0.000000 257 5
1.200136 24.953604 0.000000 257 5
1.247332 24.970115 0.000000 257 5
1.294558 24.986537 0.000000 257 5
1.341948 25.002478 0.000000 257 5
1.389628 25.017535 0.000000 257 5
1.437701 25.031279 0.000000 257 5
1.486245 25.043259 0.000000 257 5
1.535289 25.052989 0.000000 257 5
1.584801 25.059957 0.000000 257 5
1.634665 25.063638 0.000000 257 5
0.000000 20.398529 0.000000 258 5
0.005308 20.348811 0.000000 258 5
0.010725 20.299106 0.000000 258 5
0.016374 20.249426 0.000000 258 5
0.022269 20.199775 0.000000 258 5
0.028427 20.150155 0.000000 258 5
0.034866 20.100572 0.000000 258 5
0.041606 20.051028 0.000000 258 5
0.048667 20.001529 0.000000 258 5
0.056073 19.952080 0.000000 258 5
0.063850 19.902689 0.000000 258 5
0.072027 19.853362 0.000000 258 5
0.080635 19.804109 0.000000 258 5
0.089708 19.754939 0.000000 258 5
0.099285 19.705864 0.000000 258 5
0.109407 19.656900 0.000000 258 5
0.120123 19.608062 0.000000 258 5
0.131483 19.559369 0.000000 258 5
0.143547 19.510846 0.000000 258 5
0.156379 19.462521 0.000000 258 5
0.170052 19.414427 0.000000 258 5
0.184646 19.366604 0.000000 258 5
0.200252 19.319102 0.000000 258 5
0.216970 19.271980 0.000000 258 5
0.234911 19.225310 0.000000 258 5
0.254200 19.179180 0.000000 258 5
0.274972 19.133699 0.000000 258 5
0.297374 19.088998 0.000000 258 5
0.321565 19.045240 0.000000 258 5
0.347709 19.002620 0.000000 258 5
0.375974 18.961375 0.000000 258 5
0.406519 18.921790 0.000000 258 5
0.439482 18.884194 0.000000 258 5
0.474965 18.848967 0.000000 258 5
0.513009 18.816522 0.000000 258 5
0.553574 18.787291 0.000000 258 5
0.596523 18.761689 0.000000 258 5
0.641610 18.740076 0.000000 258 5
0.688497 18.722709 0.000000 258 5
0.736779 18.709714 0.000000 258 5
0.786025 18.701064 0.000000 258 5
0.835824 18.696586 0.000000 258 5
0.885820 18.695990 0.000000 258 5
0.935735 18.698901 0.000000 258 5
0.985374 18.704899 0.000000 258 5
1.034621 18.713546 0.000000 258 5
1.083426 18.724410 0.000000 258 5
1.131796 18.737075 0.000000 258 5
1.179774 18.751150 0.000000 258 5
1.227435 18.766265 0.000000 258 5
1.274872 18.782068 0.000000 258 5
1.322190 18.798223 0.000000 258 5
1.369501 18.814400 0.000000 258 5
1.416915 18.830270 0.000000 258 5
1.464540 18.845497 0.000000 258 5
1.512471 18.859732 0.000000 258 5
1.560784 18.872610 0.000000 258 5
1.609530 18.883739 0.000000 258 5
1.658718 18.892709 0.000000 258 5
1.708310 18.899089 0.000000 258 5
1.758197 18.902441 0.000000 258 5
0.000000 65.547521 0.000000 259 5
0.007176 65.498039 0.000000 259 5
0.014428 65.448567 0.000000 259 5
0.021838 65.399119 0.000000 259 5
0.029411 65.349696 0.000000 259 5
0.037152 65.300299 0.000000 259 5
0.045069 65.250930 0.000000 259 5
0.053168 65.201590 0.000000 259 5
0.061456 65.152282 0.000000 259 5
0.069939 65.103007 0.000000 259 5
0.078626 65.053767 0.000000 259 5
0.087525 65.004566 0.000000 259 5
0.096644 64.955404 0.000000 259 5
0.105992 64.906286 0.000000 259 5
0.115580 64.857214 0.000000 259 5
0.125416 64.808191 0.000000 259 5
0.135513 64.759221 0.000000 259 5
0.145880 64.710307 0.000000 259 5
0.156532 64.661455 0.000000 259 5
0.167479 64.612668 0.000000 259 5
0.178737 64.563952 0.000000 259 5
0.190320 64.515312 0.000000 259 5
0.202243 64.466755 0.000000 259 5
0.214523 64.418286 0.000000 259 5
0.227179 64.369914 0.000000 259 5
0.240228 64.321647 0.000000 259 5
0.253692 64.273494 0.000000 259 5
0.267592 64.225465 0.000000 259 5
0.281952 64.177572 0.000000 259 5
0.296798 64.129826 0.000000 259 5
0.312156 64.082243 0.000000 259 5
0.328055 64.034839 0.000000 259 5
0.344528 63.987630 0.000000 259 5
0.361607 63.940638 0.000000 259 5
0.379330 63.893884 0.000000 259 5
0.397736 63.847395 0.000000 259 5
0.416868 63.801200 0.000000 259 5
0.436771 63.755332 0.000000 259 5
0.457495 63.709829 0.000000 259 5
0.479094 63.664735 0.000000 259 5
0.501624 63.620099 0.000000 259 5
0.525148 63.575978 0.000000 259 5
0.549730 63.532439 0.000000 259 5
0.575442 63.489556 0.000000 259 5
0.602356 63.447418 0.000000 259 5
0.630551 63.406125 0.000000 259 5
0.660106 63.365795 0.000000 259 5
0.691102 63.326562 0.000000 259 5
0.723620 63.288581 0.000000 259 5
0.757736 63.252029 0.000000 259 5
0.793520 63.217107 0.000000 259 5
0.831027 63.184043 0.000000 259 5
0.870294 63.153090 0.000000 259 5
0.911329 63.124522 0.000000 259 5
0.954107 63.098636 0.000000 259 5
0.998554 63.075735 0.000000 259 5
1.044546 63.056121 0.000000 259 5
1.091902 63.040077 0.000000 259 5
1.140383 63.027846 0.000000 259 5
1.189701 63.019618 0.000000 259 5
1.239532 63.015505 0.000000 259 5
0.000000 67.199098 0.000000 260 5
0.005102 67.149359 0.000000 260 5
0.010281 67.099628 0.000000 260 5
0.015622 67.049914 0.000000 260 5
0.021132 67.000218 0.000000 260 5
0.026819 66.950543 0.000000 260 5
0.032691 66.900889 0.000000 260 5
0.038758 66.851258 0.000000 260 5
0.045029 66.801653 0.000000 260 5
0.051515 66.752075 0.000000 260 5
0.058227 66.702528 0.000000 260 5
0.065176 66.653013 0.000000 260 5
0.072376 66.603534 0.000000 260 5
0.079840 66.554095 0.000000 260 5
0.087582 66.504698 0.000000 260 5
0.095618 66.455348 0.000000 260 5
0.103965 66.406049 0.000000 260 5
0.112640 66.356808 0.000000 260 5
0.121662 66.307628 0.000000 260 5
0.131054 66.258518 0.000000 260 5
0.140836 66.209484 0.000000 260 5
0.151032 66.160535 0.000000 260 5
0.161670 66.111680 0.000000 260 5
0.172776 66.062929 0.000000 260 5
0.184381 66.014294 0.000000 260 5
0.196518 65.965790 0.000000 260 5
0.209221 65.917430 0.000000 260 5
0.222528 65.869234 0.000000 260 5
0.236482 65.821220 0.000000 260 5
0.251126 65.773413 0.000000 260 5
0.266507 65.725837 0.000000 260 5
0.282678 65.678525 0.000000 260 5
0.299694 65.631509 0.000000 260 5
0.317614 65.584831 0.000000 260 5
0.336501 65.538535 0.000000 260 5
0.356424 65.492676 0.000000 260 5
0.377453 65.447313 0.000000 260 5
0.399664 65.402517 0.000000 260 5
0.423134 65.358368 0.000000 260 5
0.447942 65.314956 0.000000 260 5
0.474168 65.272387 0.000000 260 5
0.501892 65.230776 0.000000 260 5
0.531187 65.190257 0.000000 260 5
0.562120 65.150975 0.000000 260 5
0.594749 65.113088 0.000000 260 5
0.629113 65.076769 0.000000 260 5
0.665235 65.042197 0.000000 260 5
0.703109 65.009554 0.000000 260 5
0.742704 64.979022 0.000000 260 5
0.783958 64.950771 0.000000 260 5
0.826775 64.924950 0.000000 260 5
0.871030 64.901681 0.000000 260 5
0.916575 64.881049 0.000000 260 5
0.963240 64.863095 0.000000 260 5
1.010848 64.847814 0.000000 260 5
1.059219 64.835157 0.000000 260 5
1.108182 64.825026 0.000000 260 5
1.157580 64.817290 0.000000 260 5
1.207276 64.811783 0.000000 260 5
1.257156 64.808314 0.000000 260 5
1.307129 64.806678 0.000000 260 5
0.000000 68.850674 0.000000 261 5
0.003955 68.800831 0.000000 261 5
0.007980 68.750993 0.000000 261 5
0.012152 68.701168 0.000000 261 5
0.016479 68.651355 0.000000 261 5
0.020969 68.601557 0.000000 261 5
0.025632 68.551775 0.000000 261 5
0.030478 68.502011 0.000000 261 5
0.035518 68.452265 0.000000 261 5
0.040764 68.402541 0.000000 261 5
0.046228 68.352841 0.000000 261 5
0.051924 68.303166 0.000000 261 5
0.057867 68.253521 0.000000 261 5
0.064074 68.203907 0.000000 261 5
0.070561 68.154330 0.000000 261 5
0.077348 68.104793 0.000000 261 5
0.084457 68.055301 0.000000 261 5
0.091909 68.005859 0.000000 261 5
0.099729 67.956475 0.000000 261 5
0.107946 67.907154 0.000000 261 5
0.116589 67.857907 0.000000 261 5
0.125691 67.808742 0.000000 261 5
0.135288 67.759672 0.000000 261 5
0.145421 67.710710 0.000000 261 5
0.156133 67.661870 0.000000 261 5
0.167472 67.613173 0.000000 261 5
0.179493 67.564640 0.000000 261 5
0.192255 67.516296 0.000000 261 5
0.205824 67.468172 0.000000 261 5
0.220271 67.420305 0.000000 261 5
0.235676 67.372737 0.000000 261 5
0.252127 67.325521 0.000000 261 5
0.269721 67.278719 0.000000 261 5
0.288561 67.232404 0.000000 261 5
0.308762 67.186667 0.000000 261 5
0.330444 67.141612 0.000000 261 5
0.353734 67.097368 0.000000 261 5
0.378765 67.054084 0.000000 261 5
0.405667 67.011939 0.000000 261 5
0.434565 66.971135 0.000000 261 5
0.465571 66.931910 0.000000 261 5
0.498769 66.894521 0.000000 261 5
0.534210 66.859252 0.000000 261 5
0.571896 66.826392 0.000000 261 5
0.611768 66.796223 0.000000 261 5
0.653706 66.768997 0.000000 261 5
0.697523 66.744912 0.000000 261 5
0.742982 66.724093 0.000000 261 5
0.789811 66.706570 0.000000 261 5
0.837725 66.692280 0.000000 261 5
0.886451 66.681063 0.000000 261 5
0.935744 66.672681 0.000000 261 5
0.985401 66.666835 0.000000 261 5
1.035267 66.663178 0.000000 261 5
1.085233 66.661341 0.000000 261 5
1.135231 66.660935 0.000000 261 5
1.185227 66.661568 0.000000 261 5
1.235211 66.662847 0.000000 261 5
1.285187 66.664377 0.000000 261 5
1.335168 66.665766 0.000000 261 5
1.385161 66.666618 0.000000 261 5
0.000000 52.876688 0.000000 262 5
0.004297 52.826873 0.000000 262 5
0.008678 52.777066 0.000000 262 5
0.013232 52.727273 0.000000 262 5
0.017970 52.677498 0.000000 262 5
0.022904 52.627743 0.000000 262 5
0.028047 52.578008 0.000000 262 5
0.033410 52.528296 0.000000 262 5
0.039010 52.478611 0.000000 262 5
0.044862 52.428954 0.000000 262 5
0.050983 52.379330 0.000000 262 5
0.057392 52.329743 0.000000 262 5
0.064109 52.280196 0.000000 262 5
0.071158 52.230695 0.000000 262 5
0.078562 52.181247 0.000000 262 5
0.086350 52.131857 0.000000 262 5
0.094551 52.082534 0.000000 262 5
0.103199 52.033288 0.000000 262 5
0.112329 51.984128 0.000000 262 5
0.121984 51.935069 0.000000 262 5
0.132207 51.886126 0.000000 262 5
0.143049 51.837315 0.000000 262 5
0.154566 51.788660 0.000000 262 5
0.166819 51.740184 0.000000 262 5
0.179877 51.691920 0.000000 262 5
0.193819 51.643903 0.000000 262 5
0.208729 51.596178 0.000000 262 5
0.224704 51.548798 0.000000 262 5
0.241849 51.501830 0.000000 262 5
0.260282 51.455352 0.000000 262 5
0.280133 51.409461 0.000000 262 5
0.301540 51.364275 0.000000 262 5
0.324656 51.319939 0.000000 262 5
0.349637 51.276628 0.000000 262 5
0.376646 51.234550 0.000000 262 5
0.405838 51.193956 0.000000 262 5
0.437354 51.155140 0.000000 262 5
0.471304 51.118433 0.000000 262 5
0.507752 51.084205 0.000000 262 5
0.546691 51.052840 0.000000 262 5
0.588030 51.024714 0.000000 262 5
0.631588 51.000164 0.000000 262 5
0.677093 50.979444 0.000000 262 5
0.724204 50.962695 0.000000 262 5
0.772546 50.949927 0.000000 262 5
0.821746 50.941014 0.000000 262 5
0.871464 50.935712 0.000000 262 5
0.921422 50.933685 0.000000 262 5
0.971415 50.934537 0.000000 262 5
1.021306 50.937842 0.000000 262 5
1.071022 50.943161 0.000000 262 5
1.120544 50.950059 0.000000 262 5
1.169892 50.958110 0.000000 262 5
1.219113 50.966899 0.000000 262 5
1.268274 50.976021 0.000000 262 5
1.317448 50.985073 0.000000 262 5
1.366706 50.993653 0.000000 262 5
1.416110 51.001352 0.000000 262 5
1.465699 51.007751 0.000000 262 5
1.515480 51.012422 0.000000 262 5
1.565417 51.014926 0.000000 262 5
0.000000 40.586528 0.000000 263 5
0.004832 40.536762 0.000000 263 5
0.009762 40.487006 0.000000 263 5
0.014899 40.437270 0.000000 263 5
0.020256 40.387558 0.000000 263 5
0.025846 40.337872 0.000000 263 5
0.031687 40.288214 0.000000 263 5
0.037794 40.238588 0.000000 263 5
0.044187 40.188999 0.000000 263 5
0.050886 40.139450 0.000000 263 5
0.057913 40.089946 0.000000 263 5
0.065293 40.040493 0.000000 263 5
0.073053 39.991099 0.000000 263 5
0.081223 39.941771 0.000000 263 5
0.089836 39.892519 0.000000 263 5
0.098928 39.843352 0.000000 263 5
0.108541 39.794285 0.000000 263 5
0.118717 39.745332 0.000000 263 5
0.129509 39.696510 0.000000 263 5
0.140971 39.647842 0.000000 263 5
0.153167 39.599352 0.000000 263 5
0.166164 39.551071 0.000000 263 5
0.180042 39.503035 0.000000 263 5
0.194888 39.455290 0.000000 263 5
0.210798 39.407889 0.000000 263 5
0.227882 39.360898 0.000000 263 5
0.246260 39.314398 0.000000 263 5
0.266065 39.268488 0.000000 263 5
0.287444 39.223289 0.000000 263 5
0.310556 39.178951 0.000000 263 5
0.335569 39.135657 0.000000 263 5
0.362654 39.093629 0.000000 263 5
0.391984 39.053135 0.000000 263 5
0.423713 39.014492 0.000000 263 5
0.457968 38.978069 0.000000 263 5
0.494819 38.944276 0.000000 263 5
0.534265 38.913551 0.000000 263 5
0.576205 38.886330 0.000000 263 5
0.620431 38.863004 0.000000 263 5
0.666628 38.843876 0.000000 263 5
0.714401 38.829120 0.000000 263 5
0.763314 38.818753 0.000000 263 5
0.812939 38.812637 0.000000 263 5
0.862893 38.810499 0.000000 263 5
0.912871 38.811971 0.000000 263 5
0.962654 38.816623 0.000000 263 5
1.012107 38.824002 0.000000 263 5
1.061166 38.833654 0.000000 263 5
1.109829 38.845141 0.000000 263 5
1.158135 38.858045 0.000000 263 5
1.206157 38.871970 0.000000 263 5
1.253988 38.886538 0.000000 263 5
1.301733 38.901384 0.000000 263 5
1.349503 38.916150 0.000000 263 5
1.397407 38.930474 0.000000 263 5
1.445546 38.943986 0.000000 263 5
1.494006 38.956302 0.000000 263 5
1.542845 38.967015 0.000000 263 5
1.592085 38.975699 0.000000 263 5
1.641698 38.981905 0.000000 263 5
1.691591 38.985179 0.000000 263 5
0.000000 31.136655 0.000000 264 5
0.005566 31.086966 0.000000 264 5
0.011248 31.037290 0.000000 264 5
0.017177 30.987643 0.000000 264 5
0.023370 30.938027 0.000000 264 5
0.029843 30.888448 0.000000 264 5
0.036617 30.838909 0.000000 264 5
0.043712 30.789415 0.000000 264 5
0.051153 30.739972 0.000000 264 5
0.058965 30.690586 0.000000 264 5
0.067177 30.641265 0.000000 264 5
0.075818 30.592017 0.000000 264 5
0.084925 30.542854 0.000000 264 5
0.094535 30.493786 0.000000 264 5
0.104689 30.444828 0.000000 264 5
0.115436 30.395996 0.000000 264 5
0.126827 30.347311 0.000000 264 5
0.138919 30.298796 0.000000 264 5
0.151778 30.250477 0.000000 264 5
0.165476 30.202390 0.000000 264 5
0.180093 30.154575 0.000000 264 5
0.195719 30.107079 0.000000 264 5
0.212454 30.059963 0.000000 264 5
0.230410 30.013298 0.000000 264 5
0.249710 29.967173 0.000000 264 5
0.270489 29.921695 0.000000 264 5
0.292895 29.876997 0.000000 264 5
0.317087 29.833239 0.000000 264 5
0.343231 29.790619 0.000000 264 5
0.371495 29.749374 0.000000 264 5
0.402040 29.709788 0.000000 264 5
0.435008 29.672197 0.000000 264 5
0.470503 29.636982 0.000000 264 5
0.508571 29.604565 0.000000 264 5
0.549174 29.575386 0.000000 264 5
0.592175 29.549874 0.000000 264 5
0.637329 29.528400 0.000000 264 5
0.684291 29.511238 0.000000 264 5
0.732648 29.498525 0.000000 264 5
0.781958 29.490243 0.000000 264 5
0.831796 29.486225 0.000000 264 5
0.881796 29.486181 0.000000 264 5
0.931669 29.489734 0.000000 264 5
0.981215 29.496462 0.000000 264 5
1.030311 29.505924 0.000000 264 5
1.078908 29.517688 0.000000 264 5
1.127008 29.531339 0.000000 264 5
1.174658 29.546489 0.000000 264 5
1.221931 29.562775 0.000000 264 5
1.268924 29.579853 0.000000 264 5
1.315744 29.597400 0.000000 264 5
1.362506 29.615100 0.000000 264 5
1.409328 29.632643 0.000000 264 5
1.456324 29.649712 0.000000 264 5
1.503603 29.665982 0.000000 264 5
1.551258 29.681113 0.000000 264 5
1.599366 29.694739 0.000000 264 5
1.647970 29.706471 0.000000 264 5
1.697074 29.715895 0.000000 264 5
1.746625 29.722579 0.000000 264 5
1.796502 29.726081 0.000000 264 5
0.000000 23.875060 0.000000 265 5
0.006524 23.825488 0.000000 265 5
0.013188 23.775934 0.000000 265 5
0.020148 23.726421 0.000000 265 5
0.027425 23.676953 0.000000 265 5
0.035040 23.627536 0.000000 265 5
0.043017 23.578177 0.000000 265 5
0.051383 23.528882 0.000000 265 5
0.060167 23.479659 0.000000 265 5
0.069400 23.430519 0.000000 265 5
0.079118 23.381473 0.000000 265 5
0.089359 23.332533 0.000000 265 5
0.100165 23.283714 0.000000 265 5
0.111584 23.235036 0.000000 265 5
0.123667 23.186518 0.000000 265 5
0.136474 23.138186 0.000000 265 5
0.150067 23.090069 0.000000 265 5
0.164518 23.042203 0.000000 265 5
0.179906 22.994630 0.000000 265 5
0.196319 22.947400 0.000000 265 5
0.213855 22.900576 0.000000 265 5
0.232619 22.854231 0.000000 265 5
0.252731 22.808454 0.000000 265 5
0.274318 22.763354 0.000000 265 5
0.297518 22.719062 0.000000 265 5
0.322479 22.675738 0.000000 265 5
0.349351 22.633574 0.000000 265 5
0.378287 22.592797 0.000000 265 5
0.409428 22.553679 0.000000 265 5
0.442897 22.516533 0.000000 265 5
0.478781 22.481714 0.000000 265 5
0.517113 22.449610 0.000000 265 5
0.557853 22.420623 0.000000 265 5
0.600873 22.395142 0.000000 265 5
0.645952 22.373511 0.000000 265 5
0.692782 22.355991 0.000000 265 5
0.740989 22.342723 0.000000 265 5
0.790172 22.333720 0.000000 265 5
0.839935 22.328860 0.000000 265 5
0.889926 22.327908 0.000000 265 5
0.939857 22.330545 0.000000 265 5
0.989513 22.336399 0.000000 265 5
1.038754 22.345076 0.000000 265 5
1.087506 22.356179 0.000000 265 5
1.135746 22.369326 0.000000 265 5
1.183497 22.384154 0.000000 265 5
1.230810 22.400325 0.000000 265 5
1.277760 22.417520 0.000000 265 5
1.324437 22.435442 0.000000 265 5
1.370943 22.453807 0.000000 265 5
1.417382 22.472338 0.000000 265 5
1.463862 22.490766 0.000000 265 5
1.510491 22.508815 0.000000 265 5
1.557370 22.526204 0.000000 265 5
1.604592 22.542638 0.000000 265 5
1.652236 22.557805 0.000000 265 5
1.700360 22.571372 0.000000 265 5
1.748994 22.582980 0.000000 265 5
1.798127 22.592251 0.000000 265 5
1.847697 22.598792 0.000000 265 5
1.897581 22.602205 0.000000 265 5
0.000000 30.962964 0.000000 266 5
0.010167 31.011920 0.000000 266 5
0.020591 31.060821 0.000000 266 5
0.031562 31.109603 0.000000 266 5
0.043124 31.158247 0.000000 266 5
0.055326 31.206736 0.000000 266 5
0.068222 31.255044 0.000000 266 5
0.081871 31.303145 0.000000 266 5
0.096341 31.351006 0.000000 266 5
0.111704 31.398587 0.000000 266 5
0.128043 31.445842 0.000000 266 5
0.145448 31.492714 0.000000 266 5
0.164021 31.539137 0.000000 266 5
0.183873 31.585027 0.000000 266 5
0.205126 31.630285 0.000000 266 5
0.227914 31.674791 0.000000 266 5
0.252379 31.718396 0.000000 266 5
0.278673 31.760924 0.000000 266 5
0.306953 31.802158 0.000000 266 5
0.337374 31.841839 0.000000 266 5
0.370076 31.879662 0.000000 266 5
0.405179 31.915268 0.000000 266 5
0.442755 31.948253 0.000000 266 5
0.482812 31.978177 0.000000 266 5
0.525270 32.004584 0.000000 266 5
0.569946 32.027035 0.000000 266 5
0.616547 32.045156 0.000000 266 5
0.664684 32.058676 0.000000 266 5
0.713906 32.067466 0.000000 266 5
0.763738 32.071551 0.000000 266 5
0.813736 32.071106 0.000000 266 5
0.863517 32.066423 0.000000 266 5
0.912780 32.057873 0.000000 266 5
0.961317 32.045867 0.000000 266 5
1.009002 32.030827 0.000000 266 5
1.055775 32.013156 0.000000 266 5
1.101634 31.993232 0.000000 266 5
1.146614 31.971397 0.000000 266 5
1.190780 31.947957 0.000000 266 5
1.234213 31.923188 0.000000 266 5
1.277010 31.897333 0.000000 266 5
1.319270 31.870612 0.000000 266 5
1.361101 31.843222 0.000000 266 5
1.402610 31.815348 0.000000 266 5
1.443907 31.787159 0.000000 266 5
1.485100 31.758820 0.000000 266 5
1.526301 31.730491 0.000000 266 5
1.567617 31.702332 0.000000 266 5
1.609160 31.674507 0.000000 266 5
1.651037 31.647189 0.000000 266 5
1.693357 31.620562 0.000000 266 5
1.736226 31.594826 0.000000 266 5
1.779743 31.570205 0.000000 266 5
1.824004 31.546946 0.000000 266 5
1.869088 31.525325 0.000000 266 5
1.915056 31.505656 0.000000 266 5
1.961942 31.488284 0.000000 266 5
2.009734 31.473590 0.000000 266 5
2.058368 31.461982 0.000000 266 5
2.107707 31.453880 0.000000 266 5
2.157531 31.449693 0.000000 266 5
0.000000 42.522635 0.000000 267 5
0.011376 42.571324 0.000000 267 5
0.023036 42.619945 0.000000 267 5
0.035300 42.668418 0.000000 267 5
0.048216 42.716721 0.000000 267 5
0.061836 42.764830 0.000000 267 5
0.076217 42.812717 0.000000 267 5
0.091423 42.860349 0.000000 267 5
0.107523 42.907686 0.000000 267 5
0.124593 42.954682 0.000000 267 5
0.142719 43.001280 0.000000 267 5
0.161993 43.047416 0.000000 267 5
0.182515 43.093011 0.000000 267 5
0.204395 43.137969 0.000000 267 5
0.227751 43.182179 0.000000 267 5
0.252707 43.225505 0.000000 267 5
0.279395 43.267787 0.000000 267 5
0.307946 43.308834 0.000000 267 5
0.338490 43.348420 0.000000 267 5
0.371145 43.386284 0.000000 267 5
0.406008 43.422124 0.000000 267 5
0.443143 43.455606 0.000000 267 5
0.482562 43.486365 0.000000 267 5
0.524215 43.514024 0.000000 267 5
0.567974 43.538215 0.000000 267 5
0.613626 43.558608 0.000000 267 5
0.660882 43.574943 0.000000 267 5
0.709394 43.587054 0.000000 267 5
0.758775 43.594892 0.000000 267 5
0.808643 43.598526 0.000000 267 5
0.858641 43.598131 0.000000 267 5
0.908468 43.593964 0.000000 267 5
0.957883 43.586340 0.000000 267 5
1.006717 43.575604 0.000000 267 5
1.054860 43.562105 0.000000 267 5
1.102259 43.546188 0.000000 267 5
1.148901 43.528175 0.000000 267 5
1.194810 43.508365 0.000000 267 5
1.240031 43.487033 0.000000 267 5
1.284628 43.464426 0.000000 267 5
1.328678 43.440770 0.000000 267 5
1.372265 43.416272 0.000000 267 5
1.415479 43.391121 0.000000 267 5
1.458412 43.365494 0.000000 267 5
1.501159 43.339557 0.000000 267 5
1.543816 43.313473 0.000000 267 5
1.586478 43.287398 0.000000 267 5
1.629243 43.261490 0.000000 267 5
1.672205 43.235912 0.000000 267 5
1.715459 43.210830 0.000000 267 5
1.759098 43.186424 0.000000 267 5
1.803210 43.162885 0.000000 267 5
1.847879 43.140420 0.000000 267 5
1.893180 43.119259 0.000000 267 5
1.939176 43.099652 0.000000 267 5
1.985910 43.081877 0.000000 267 5
2.033400 43.066236 0.000000 267 5
2.081631 43.053055 0.000000 267 5
2.130543 43.042678 0.000000 267 5
2.180018 43.035456 0.000000 267 5
2.229880 43.031731 0.000000 267 5
0.000000 58.348423 0.000000 268 5
0.016537 58.395609 0.000000 268 5
0.033461 58.442658 0.000000 268 5
0.051202 58.489405 0.000000 268 5
0.069816 58.535811 0.000000 268 5
0.089359 58.581833 0.000000 268 5
0.109895 58.627421 0.000000 268 5
0.131490 58.672518 0.000000 268 5
0.154212 58.717056 0.000000 268 5
0.178135 58.760962 0.000000 268 5
0.203333 58.804148 0.000000 268 5
0.229882 58.846517 0.000000 268 5
0.257860 58.887957 0.000000 268 5
0.287341 58.928341 0.000000 268 5
0.318395 58.967528 0.000000 268 5
0.351084 59.005362 0.000000 268 5
0.385460 59.041671 0.000000 268 5
0.421558 59.076268 0.000000 268 5
0.459391 59.108957 0.000000 268 5
0.498950 59.139537 0.000000 268 5
0.540194 59.167803 0.000000 268 5
0.583048 59.193562 0.000000 268 5
0.627405 59.216637 0.000000 268 5
0.673125 59.236877 0.000000 268 5
0.720040 59.254168 0.000000 268 5
0.767961 59.268438 0.000000 268 5
0.816684 59.279666 0.000000 268 5
0.866005 59.287875 0.000000 268 5
0.915728 59.293136 0.000000 268 5
0.965669 59.295563 0.000000 268 5
1.015668 59.295299 0.000000 268 5
1.065590 59.292516 0.000000 268 5
1.115328 59.287400 0.000000 268 5
1.164799 59.280149 0.000000 268 5
1.213948 59.270962 0.000000 268 5
1.262740 59.260039 0.000000 268 5
1.311161 59.247572 0.000000 268 5
1.359213 59.233749 0.000000 268 5
1.406910 59.218749 0.000000 268 5
1.454278 59.202741 0.000000 268 5
1.501352 59.185888 0.000000 268 5
1.548173 59.168344 0.000000 268 5
1.594787 59.150258 0.000000 268 5
1.641244 59.131771 0.000000 268 5
1.687595 59.113022 0.000000 268 5
1.733896 59.094146 0.000000 268 5
1.780200 59.075279 0.000000 268 5
1.826561 59.056555 0.000000 268 5
1.873034 59.038109 0.000000 268 5
1.919671 59.020080 0.000000 268 5
1.966520 59.002613 0.000000 268 5
2.013628 58.985854 0.000000 268 5
2.061035 58.969960 0.000000 268 5
2.108773 58.955093 0.000000 268 5
2.156869 58.941425 0.000000 268 5
2.205335 58.929136 0.000000 268 5
2.254172 58.918413 0.000000 268 5
2.303362 58.909451 0.000000 268 5
2.352869 58.902448 0.000000 268 5
2.402634 58.897606 0.000000 268 5
2.452572 58.895119 0.000000 268 5
0.000000 60.000000 0.000000 269 5
0.050000 60.000000 0.000000 269 5
0.100000 60.000000 0.000000 269 5
0.150000 60.000000 0.000000 269 5
0.200000 60.000000 0.000000 269 5
0.250000 60.000000 0.000000 269 5
0.300000 60.000000 0.000000 269 5
0.350000 60.000000 0.000000 269 5
0.400000 60.000000 0.000000 269 5
0.450000 60.000000 0.000000 269 5
0.500000 60.000000 0.000000 269 5
0.550000 60.000000 0.000000 269 5
0.600000 60.000000 0.000000 269 5
0.650000 60.000000 0.000000 269 5
0.700000 60.000000 0.000000 269 5
0.750000 60.000000 0.000000 269 5
0.800000 60.000000 0.000000 269 5
0.850000 60.000000 0.000000 269 5
0.900000 60.000000 0.000000 269 5
0.950000 60.000000 0.000000 269 5
1.000000 60.000000 0.000000 269 5
1.050000 60.000000 0.000000 269 5
1.100000 60.000000 0.000000 269 5
1.150000 60.000000 0.000000 269 5
1.200000 60.000000 0.000000 269 5
1.250000 60.000000 0.000000 269 5
1.300000 60.000000 0.000000 269 5
1.350000 60.000000 0.000000 269 5
1.400000 60.000000 0.000000 269 5
1.450000 60.000000 0.000000 269 5
1.500000 60.000000 0.000000 269 5
1.550000 60.000000 0.000000 269 5
1.600000 60.000000 0.000000 269 5
1.650000 60.000000 0.000000 269 5
1.700000 60.000000 0.000000 269 5
1.750000 60.000000 0.000000 269 5
1.800000 60.000000 0.000000 269 5
1.850000 60.000000 0.000000 269 5
1.900000 60.000000 0.000000 269 5
1.950000 60.000000 0.000000 269 5
2.000000 60.000000 0.000000 269 5
2.050000 60.000000 0.000000 269 5
2.100000 60.000000 0.000000 269 5
2.150000 60.000000 0.000000 269 5
2.200000 60.000000 0.000000 269 5
2.250000 60.000000 0.000000 269 5
2.300000 60.000000 0.000000 269 5
2.350000 60.000000 0.000000 269 5
2.400000 60.000000 0.000000 269 5
2.450000 60.000000 0.000000 269 5
2.500000 60.000000 0.000000 269 5
2.550000 60.000000 0.000000 269 5
2.600000 60.000000 0.000000 269 5
2.650000 60.000000 0.000000 269 5
2.700000 60.000000 0.000000 269 5
2.750000 60.000000 0.000000 269 5
2.800000 60.000000 0.000000 269 5
2.850000 60.000000 0.000000 269 5
2.900000 60.000000 0.000000 269 5
2.950000 60.000000 0.000000 269 5
3.000000 60.000000 0.000000 269 5
0.000000 61.651577 0.000000 270 5
0.016537 61.604391 0.000000 270 5
0.033461 61.557342 0.000000 270 5
0.051202 61.510595 0.000000 270 5
0.069816 61.464189 0.000000 270 5
0.089359 61.418167 0.000000 270 5
0.109895 61.372579 0.000000 270 5
0.131490 61.327482 0.000000 270 5
0.154212 61.282944 0.000000 270 5
0.178135 61.239038 0.000000 270 5
0.203333 61.195852 0.000000 270 5
0.229882 61.153483 0.000000 270 5
0.257860 61.112043 0.000000 270 5
0.287341 61.071659 0.000000 270 5
0.318395 61.032472 0.000000 270 5
0.351084 60.994638 0.000000 270 5
0.385460 60.958329 0.000000 270 5
0.421558 60.923732 0.000000 270 5
0.459391 60.891043 0.000000 270 5
0.498950 60.860463 0.000000 270 5
0.540194 60.832197 0.000000 270 5
0.583048 60.806438 0.000000 270 5
0.627405 60.783363 0.000000 270 5
0.673125 60.763123 0.000000 270 5
0.720040 60.745832 0.000000 270 5
0.767961 60.731562 0.000000 270 5
0.816684 60.720334 0.000000 270 5
0.866005 60.712125 0.000000 270 5
0.915728 60.706864 0.000000 270 5
0.965669 60.704437 0.000000 270 5
1.015668 60.704701 0.000000 270 5
1.065590 60.707484 0.000000 270 5
1.115328 60.712600 0.000000 270 5
1.164799 60.719851 0.000000 270 5
1.213948 60.729038 0.000000 270 5
1.262740 60.739961 0.000000 270 5
1.311161 60.752428 0.000000 270 5
1.359213 60.766251 0.000000 270 5
1.406910 60.781251 0.000000 270 5
1.454278 60.797259 0.000000 270 5
1.501352 60.814112 0.000000 270 5
1.548173 60.831656 0.000000 270 5
1.594787 60.849742 0.000000 270 5
1.641244 60.868229 0.000000 270 5
1.687595 60.886978 0.000000 270 5
1.733896 60.905854 0.000000 270 5
1.780200 60.924721 0.000000 270 5
1.826561 60.943445 0.000000 270 5
1.873034 60.961891 0.000000 270 5
1.919671 60.979920 0.000000 270 5
1.966520 60.997387 0.000000 270 5
2.013628 61.014146 0.000000 270 5
2.061035 61.030040 0.000000 270 5
2.108773 61.044907 0.000000 270 5
2.156869 61.058575 0.000000 270 5
2.205335 61.070864 0.000000 270 5
2.254172 61.081587 0.000000 270 5
2.303362 61.090549 0.000000 270 5
2.352869 61.097552 0.000000 270 5
2.402634 61.102394 0.000000 270 5
2.452572 61.104881 0.000000 270 5
0.000000 47.477365 0.000000 271 5
0.011376 47.428676 0.000000 271 5
0.023036 47.380055 0.000000 271 5
0.035300 47.331582 0.000000 271 5
0.048216 47.283279 0.000000 271 5
0.061836 47.235170 0.000000 271 5
0.076217 47.187283 0.000000 271 5
0.091423 47.139651 0.000000 271 5
0.107523 47.092314 0.000000 271 5
0.124593 47.045318 0.000000 271 5
0.142719 46.998720 0.000000 271 5
0.161993 46.952584 0.000000 271 5
0.182515 46.906989 0.000000 271 5
0.204395 46.862031 0.000000 271 5
0.227751 46.817821 0.000000 271 5
0.252707 46.774495 0.000000 271 5
0.279395 46.732213 0.000000 271 5
0.307946 46.691166 0.000000 271 5
0.338490 46.651580 0.000000 271 5
0.371145 46.613716 0.000000 271 5
0.406008 46.577876 0.000000 271 5
0.443143 46.544394 0.000000 271 5
0.482562 46.513635 0.000000 271 5
0.524215 46.485976 0.000000 271 5
0.567974 46.461785 0.000000 271 5
0.613626 46.441392 0.000000 271 5
0.660882 46.425057 0.000000 271 5
0.709394 46.412946 0.000000 271 5
0.758775 46.405108 0.000000 271 5
0.808643 46.401474 0.000000 271 5
0.858641 46.401869 0.000000 271 5
0.908468 46.406036 0.000000 271 5
0.957883 46.413660 0.000000 271 5
1.006717 46.424396 0.000000 271 5
1.054860 46.437895 0.000000 271 5
1.102259 46.453812 0.000000 271 5
1.148901 46.471825 0.000000 271 5
1.194810 46.491635 0.000000 271 5
1.240031 46.512967 0.000000 271 5
1.284628 46.535574 0.000000 271 5
1.328678 46.559230 0.000000 271 5
1.372265 46.583728 0.000000 271 5
1.415479 46.608879 0.000000 271 5
1.458412 46.634506 0.000000 271 5
1.501159 46.660443 0.000000 271 5
1.543816 46.686527 0.000000 271 5
1.586478 46.712602 0.000000 271 5
1.629243 46.738510 0.000000 271 5
1.672205 46.764088 0.000000 271 5
1.715459 46.789170 0.000000 271 5
1.759098 46.813576 0.000000 271 5
1.803210 46.837115 0.000000 271 5
1.847879 46.859580 0.000000 271 5
1.893180 46.880741 0.000000 271 5
1.939176 46.900348 0.000000 271 5
1.985910 46.918123 0.000000 271 5
2.033400 46.933764 0.000000 271 5
2.081631 46.946945 0.000000 271 5
2.130543 46.957322 0.000000 271 5
2.180018 46.964544 0.000000 271 5
2.229880 46.968269 0.000000 271 5
0.000000 36.537036 0.000000 272 5
0.010167 36.488080 0.000000 272 5
0.020591 36.439179 0.000000 272 5
0.031562 36.390397 0.000000 272 5
0.043124 36.341753 0.000000 272 5
0.055326 36.293264 0.000000 272 5
0.068222 36.244956 0.000000 272 5
0.081871 36.196855 0.000000 272 5
0.096341 36.148994 0.000000 272 5
0.111704 36.101413 0.000000 272 5
0.128043 36.054158 0.000000 272 5
0.145448 36.007286 0.000000 272 5
0.164021 35.960863 0.000000 272 5
0.183873 35.914973 0.000000 272 5
0.205126 35.869715 0.000000 272 5
0.227914 35.825209 0.000000 272 5
0.252379 35.781604 0.000000 272 5
0.278673 35.739076 0.000000 272 5
0.306953 35.697842 0.000000 272 5
0.337374 35.658161 0.000000 272 5
0.370076 35.620338 0.000000 272 5
0.405179 35.584732 0.000000 272 5
0.442755 35.551747 0.000000 272 5
0.482812 35.521823 0.000000 272 5
0.525270 35.495416 0.000000 272 5
0.569946 35.472965 0.000000 272 5
0.616547 35.454844 0.000000 272 5
0.664684 35.441324 0.000000 272 5
0.713906 35.432534 0.000000 272 5
0.763738 35.428449 0.000000 272 5
0.813736 35.428894 0.000000 272 5
0.863517 35.433577 0.000000 272 5
0.912780 35.442127 0.000000 272 5
0.961317 35.454133 0.000000 272 5
1.009002 35.469173 0.000000 272 5
1.055775 35.486844 0.000000 272 5
1.101634 35.506768 0.000000 272 5
1.146614 35.528603 0.000000 272 5
1.190780 35.552043 0.000000 272 5
1.234213 35.576812 0.000000 272 5
1.277010 35.602667 0.000000 272 5
1.319270 35.629388 0.000000 272 5
1.361101 35.656778 0.000000 272 5
1.402610 35.684652 0.000000 272 5
1.443907 35.712841 0.000000 272 5
1.485100 35.741180 0.000000 272 5
1.526301 35.769509 0.000000 272 5
1.567617 35.797668 0.000000 272 5
1.609160 35.825493 0.000000 272 5
1.651037 35.852811 0.000000 272 5
1.693357 35.879438 0.000000 272 5
1.736226 35.905174 0.000000 272 5
1.779743 35.929795 0.000000 272 5
1.824004 35.953054 0.000000 272 5
1.869088 35.974675 0.000000 272 5
1.915056 35.994344 0.000000 272 5
1.961942 36.011716 0.000000 272 5
2.009734 36.026410 0.000000 272 5
2.058368 36.038018 0.000000 272 5
2.107707 36.046120 0.000000 272 5
2.157531 36.050307 0.000000 272 5
0.000000 14.093690 0.000000 273 5
0.006524 14.143262 0.000000 273 5
0.013188 14.192816 0.000000 273 5
0.020148 14.242329 0.000000 273 5
0.027425 14.291797 0.000000 273 5
0.035040 14.341214 0.000000 273 5
0.043017 14.390573 0.000000 273 5
0.051383 14.439868 0.000000 273 5
0.060167 14.489091 0.000000 273 5
0.069400 14.538231 0.000000 273 5
0.079118 14.587277 0.000000 273 5
0.089359 14.636217 0.000000 273 5
0.100165 14.685036 0.000000 273 5
0.111584 14.733714 0.000000 273 5
0.123667 14.782232 0.000000 273 5
0.136474 14.830564 0.000000 273 5
0.150067 14.878681 0.000000 273 5
0.164518 14.926547 0.000000 273 5
0.179906 14.974120 0.000000 273 5
0.196319 15.021350 0.000000 273 5
0.213855 15.068174 0.000000 273 5
0.232619 15.114519 0.000000 273 5
0.252731 15.160296 0.000000 273 5
0.274318 15.205396 0.000000 273 5
0.297518 15.249688 0.000000 273 5
0.322479 15.293012 0.000000 273 5
0.349351 15.335176 0.000000 273 5
0.378287 15.375953 0.000000 273 5
0.409428 15.415071 0.000000 273 5
0.442897 15.452217 0.000000 273 5
0.478781 15.487036 0.000000 273 5
0.517113 15.519140 0.000000 273 5
0.557853 15.548127 0.000000 273 5
0.600873 15.573608 0.000000 273 5
0.645952 15.595239 0.000000 273 5
0.692782 15.612759 0.000000 273 5
0.740989 15.626027 0.000000 273 5
0.790172 15.635030 0.000000 273 5
0.839935 15.639890 0.000000 273 5
0.889926 15.640842 0.000000 273 5
0.939857 15.638205 0.000000 273 5
0.989513 15.632351 0.000000 273 5
1.038754 15.623674 0.000000 273 5
1.087506 15.612571 0.000000 273 5
1.135746 15.599424 0.000000 273 5
1.183497 15.584596 0.000000 273 5
1.230810 15.568425 0.000000 273 5
1.277760 15.551230 0.000000 273 5
1.324437 15.533308 0.000000 273 5
1.370943 15.514943 0.000000 273 5
1.417382 15.496412 0.000000 273 5
1.463862 15.477984 0.000000 273 5
1.510491 15.459935 0.000000 273 5
1.557370 15.442546 0.000000 273 5
1.604592 15.426112 0.000000 273 5
1.652236 15.410945 0.000000 273 5
1.700360 15.397378 0.000000 273 5
1.748994 15.385770 0.000000 273 5
1.798127 15.376499 0.000000 273 5
1.847697 15.369958 0.000000 273 5
1.897581 15.366545 0.000000 273 5
0.000000 19.488345 0.000000 274 5
0.005566 19.538034 0.000000 274 5
0.011248 19.587710 0.000000 274 5
0.017177 19.637357 0.000000 274 5
0.023370 19.686973 0.000000 274 5
0.029843 19.736552 0.000000 274 5
0.036617 19.786091 0.000000 274 5
0.043712 19.835585 0.000000 274 5
0.051153 19.885028 0.000000 274 5
0.058965 19.934414 0.000000 274 5
0.067177 19.983735 0.000000 274 5
0.075818 20.032983 0.000000 274 5
0.084925 20.082146 0.000000 274 5
0.094535 20.131214 0.000000 274 5
0.104689 20.180172 0.000000 274 5
0.115436 20.229004 0.000000 274 5
0.126827 20.277689 0.000000 274 5
0.138919 20.326204 0.000000 274 5
0.151778 20.374523 0.000000 274 5
0.165476 20.422610 0.000000 274 5
0.180093 20.470425 0.000000 274 5
0.195719 20.517921 0.000000 274 5
0.212454 20.565037 0.000000 274 5
0.230410 20.611702 0.000000 274 5
0.249710 20.657827 0.000000 274 5
0.270489 20.703305 0.000000 274 5
0.292895 20.748003 0.000000 274 5
0.317087 20.791761 0.000000 274 5
0.343231 20.834381 0.000000 274 5
0.371495 20.875626 0.000000 274 5
0.402040 20.915212 0.000000 274 5
0.435008 20.952803 0.000000 274 5
0.470503 20.988018 0.000000 274 5
0.508571 21.020435 0.000000 274 5
0.549174 21.049614 0.000000 274 5
0.592175 21.075126 0.000000 274 5
0.637329 21.096600 0.000000 274 5
0.684291 21.113762 0.000000 274 5
0.732648 21.126475 0.000000 274 5
0.781958 21.134757 0.000000 274 5
0.831796 21.138775 0.000000 274 5
0.881796 21.138819 0.000000 274 5
0.931669 21.135266 0.000000 274 5
0.981215 21.128538 0.000000 274 5
1.030311 21.119076 0.000000 274 5
1.078908 21.107312 0.000000 274 5
1.127008 21.093661 0.000000 274 5
1.174658 21.078511 0.000000 274 5
1.221931 21.062225 0.000000 274 5
1.268924 21.045147 0.000000 274 5
1.315744 21.027600 0.000000 274 5
1.362506 21.009900 0.000000 274 5
1.409328 20.992357 0.000000 274 5
1.456324 20.975288 0.000000 274 5
1.503603 20.959018 0.000000 274 5
1.551258 20.943887 0.000000 274 5
1.599366 20.930261 0.000000 274 5
1.647970 20.918529 0.000000 274 5
1.697074 20.909105 0.000000 274 5
1.746625 20.902421 0.000000 274 5
1.796502 20.898919 0.000000 274 5
0.000000 26.913472 0.000000 275 5
0.004832 26.963238 0.000000 275 5
0.009762 27.012994 0.000000 275 5
0.014899 27.062730 0.000000 275 5
0.020256 27.112442 0.000000 275 5
0.025846 27.162128 0.000000 275 5
0.031687 27.211786 0.000000 275 5
0.037794 27.261412 0.000000 275 5
0.044187 27.311001 0.000000 275 5
0.050886 27.360550 0.000000 275 5
0.057913 27.410054 0.000000 275 5
0.065293 27.459507 0.000000 275 5
0.073053 27.508901 0.000000 275 5
0.081223 27.558229 0.000000 275 5
0.089836 27.607481 0.000000 275 5
0.098928 27.656648 0.000000 275 5
0.108541 27.705715 0.000000 275 5
0.118717 27.754668 0.000000 275 5
0.129509 27.803490 0.000000 275 5
0.140971 27.852158 0.000000 275 5
0.153167 27.900648 0.000000 275 5
0.166164 27.948929 0.000000 275 5
0.180042 27.996965 0.000000 275 5
0.194888 28.044710 0.000000 275 5
0.210798 28.092111 0.000000 275 5
0.227882 28.139102 0.000000 275 5
0.246260 28.185602 0.000000 275 5
0.266065 28.231512 0.000000 275 5
0.287444 28.276711 0.000000 275 5
0.310556 28.321049 0.000000 275 5
0.335569 28.364343 0.000000 275 5
0.362654 28.406371 0.000000 275 5
0.391984 28.446865 0.000000 275 5
0.423713 28.485508 0.000000 275 5
0.457968 28.521931 0.000000 275 5
0.494819 28.555724 0.000000 275 5
0.534265 28.586449 0.000000 275 5
0.576205 28.613670 0.000000 275 5
0.620431 28.636996 0.000000 275 5
0.666628 28.656124 0.000000 275 5
0.714401 28.670880 0.000000 275 5
0.763314 28.681247 0.000000 275 5
0.812939 28.687363 0.000000 275 5
0.862893 28.689501 0.000000 275 5
0.912871 28.688029 0.000000 275 5
0.962654 28.683377 0.000000 275 5
1.012107 28.675998 0.000000 275 5
1.061166 28.666346 0.000000 275 5
1.109829 28.654859 0.000000 275 5
1.158135 28.641955 0.000000 275 5
1.206157 28.628030 0.000000 275 5
1.253988 28.613462 0.000000 275 5
1.301733 28.598616 0.000000 275 5
1.349503 28.583850 0.000000 275 5
1.397407 28.569526 0.000000 275 5
1.445546 28.556014 0.000000 275 5
1.494006 28.543698 0.000000 275 5
1.542845 28.532985 0.000000 275 5
1.592085 28.524301 0.000000 275 5
1.641698 28.518095 0.000000 275 5
1.691591 28.514821 0.000000 275 5
0.000000 37.123312 0.000000 276 5
0.004297 37.173127 0.000000 276 5
0.008678 37.222934 0.000000 276 5
0.013232 37.272727 0.000000 276 5
0.017970 37.322502 0.000000 276 5
0.022904 37.372257 0.000000 276 5
0.028047 37.421992 0.000000 276 5
0.033410 37.471704 0.000000 276 5
0.039010 37.521389 0.000000 276 5
0.044862 37.571046 0.000000 276 5
0.050983 37.620670 0.000000 276 5
0.057392 37.670257 0.000000 276 5
0.064109 37.719804 0.000000 276 5
0.071158 37.769305 0.000000 276 5
0.078562 37.818753 0.000000 276 5
0.086350 37.868143 0.000000 276 5
0.094551 37.917466 0.000000 276 5
0.103199 37.966712 0.000000 276 5
0.112329 38.015872 0.000000 276 5
0.121984 38.064931 0.000000 276 5
0.132207 38.113874 0.000000 276 5
0.143049 38.162685 0.000000 276 5
0.154566 38.211340 0.000000 276 5
0.166819 38.259816 0.000000 276 5
0.179877 38.308080 0.000000 276 5
0.193819 38.356097 0.000000 276 5
0.208729 38.403822 0.000000 276 5
0.224704 38.451202 0.000000 276 5
0.241849 38.498170 0.000000 276 5
0.260282 38.544648 0.000000 276 5
0.280133 38.590539 0.000000 276 5
0.301540 38.635725 0.000000 276 5
0.324656 38.680061 0.000000 276 5
0.349637 38.723372 0.000000 276 5
0.376646 38.765450 0.000000 276 5
0.405838 38.806044 0.000000 276 5
0.437354 38.844860 0.000000 276 5
0.471304 38.881567 0.000000 276 5
0.507752 38.915795 0.000000 276 5
0.546691 38.947160 0.000000 276 5
0.588030 38.975286 0.000000 276 5
0.631588 38.999836 0.000000 276 5
0.677093 39.020556 0.000000 276 5
0.724204 39.037305 0.000000 276 5
0.772546 39.050073 0.000000 276 5
0.821746 39.058986 0.000000 276 5
0.871464 39.064288 0.000000 276 5
0.921422 39.066315 0.000000 276 5
0.971415 39.065463 0.000000 276 5
1.021306 39.062158 0.000000 276 5
1.071022 39.056839 0.000000 276 5
1.120544 39.049941 0.000000 276 5
1.169892 39.041890 0.000000 276 5
1.219113 39.033101 0.000000 276 5
1.268274 39.023979 0.000000 276 5
1.317448 39.014927 0.000000 276 5
1.366706 39.006347 0.000000 276 5
1.416110 38.998648 0.000000 276 5
1.465699 38.992249 0.000000 276 5
1.515480 38.987578 0.000000 276 5
1.565417 38.985074 0.000000 276 5
0.000000 51.149326 0.000000 277 5
0.003955 51.199169 0.000000 277 5
0.007980 51.249007 0.000000 277 5
0.012152 51.298832 0.000000 277 5
0.016479 51.348645 0.000000 277 5
0.020969 51.398443 0.000000 277 5
0.025632 51.448225 0.000000 277 5
0.030478 51.497989 0.000000 277 5
0.035518 51.547735 0.000000 277 5
0.040764 51.597459 0.000000 277 5
0.046228 51.647159 0.000000 277 5
0.051924 51.696834 0.000000 277 5
0.057867 51.746479 0.000000 277 5
0.064074 51.796093 0.000000 277 5
0.070561 51.845670 0.000000 277 5
0.077348 51.895207 0.000000 277 5
0.084457 51.944699 0.000000 277 5
0.091909 51.994141 0.000000 277 5
0.099729 52.043525 0.000000 277 5
0.107946 52.092846 0.000000 277 5
0.116589 52.142093 0.000000 277 5
0.125691 52.191258 0.000000 277 5
0.135288 52.240328 0.000000 277 5
0.145421 52.289290 0.000000 277 5
0.156133 52.338130 0.000000 277 5
0.167472 52.386827 0.000000 277 5
0.179493 52.435360 0.000000 277 5
0.192255 52.483704 0.000000 277 5
0.205824 52.531828 0.000000 277 5
0.220271 52.579695 0.000000 277 5
0.235676 52.627263 0.000000 277 5
0.252127 52.674479 0.000000 277 5
0.269721 52.721281 0.000000 277 5
0.288561 52.767596 0.000000 277 5
0.308762 52.813333 0.000000 277 5
0.330444 52.858388 0.000000 277 5
0.353734 52.902632 0.000000 277 5
0.378765 52.945916 0.000000 277 5
0.405667 52.988061 0.000000 277 5
0.434565 53.028865 0.000000 277 5
0.465571 53.068090 0.000000 277 5
0.498769 53.105479 0.000000 277 5
0.534210 53.140748 0.000000 277 5
0.571896 53.173608 0.000000 277 5
0.611768 53.203777 0.000000 277 5
0.653706 53.231003 0.000000 277 5
0.697523 53.255088 0.000000 277 5
0.742982 53.275907 0.000000 277 5
0.789811 53.293430 0.000000 277 5
0.837725 53.307720 0.000000 277 5
0.886451 53.318937 0.000000 277 5
0.935744 53.327319 0.000000 277 5
0.985401 53.333165 0.000000 277 5
1.035267 53.336822 0.000000 277 5
1.085233 53.338659 0.000000 277 5
1.135231 53.339065 0.000000 277 5
1.185227 53.338432 0.000000 277 5
1.235211 53.337153 0.000000 277 5
1.285187 53.335623 0.000000 277 5
1.335168 53.334234 0.000000 277 5
1.385161 53.333382 0.000000 277 5
0.000000 52.800902 0.000000 278 5
0.005102 52.850641 0.000000 278 5
0.010281 52.900372 0.000000 278 5
0.015622 52.950086 0.000000 278 5
0.021132 52.999782 0.000000 278 5
0.026819 53.049457 0.000000 278 5
0.032691 53.099111 0.000000 278 5
0.038758 53.148742 0.000000 278 5
0.045029 53.198347 0.000000 278 5
0.051515 53.247925 0.000000 278 5
0.058227 53.297472 0.000000 278 5
0.065176 53.346987 0.000000 278 5
0.072376 53.396466 0.000000 278 5
0.079840 53.445905 0.000000 278 5
0.087582 53.495302 0.000000 278 5
0.095618 53.544652 0.000000 278 5
0.103965 53.593951 0.000000 278 5
0.112640 53.643192 0.000000 278 5
0.121662 53.692372 0.000000 278 5
0.131054 53.741482 0.000000 278 5
0.140836 53.790516 0.000000 278 5
0.151032 53.839465 0.000000 278 5
0.161670 53.888320 0.000000 278 5
0.172776 53.937071 0.000000 278 5
0.184381 53.985706 0.000000 278 5
0.196518 54.034210 0.000000 278 5
0.209221 54.082570 0.000000 278 5
0.222528 54.130766 0.000000 278 5
0.236482 54.178780 0.000000 278 5
0.251126 54.226587 0.000000 278 5
0.266507 54.274163 0.000000 278 5
0.282678 54.321475 0.000000 278 5
0.299694 54.368491 0.000000 278 5
0.317614 54.415169 0.000000 278 5
0.336501 54.461465 0.000000 278 5
0.356424 54.507324 0.000000 278 5
0.377453 54.552687 0.000000 278 5
0.399664 54.597483 0.000000 278 5
0.423134 54.641632 0.000000 278 5
0.447942 54.685044 0.000000 278 5
0.474168 54.727613 0.000000 278 5
0.501892 54.769224 0.000000 278 5
0.531187 54.809743 0.000000 278 5
0.562120 54.849025 0.000000 278 5
0.594749 54.886912 0.000000 278 5
0.629113 54.923231 0.000000 278 5
0.665235 54.957803 0.000000 278 5
0.703109 54.990446 0.000000 278 5
0.742704 55.020978 0.000000 278 5
0.783958 55.049229 0.000000 278 5
0.826775 55.075050 0.000000 278 5
0.871030 55.098319 0.000000 278 5
0.916575 55.118951 0.000000 278 5
0.963240 55.136905 0.000000 278 5
1.010848 55.152186 0.000000 278 5
1.059219 55.164843 0.000000 278 5
1.108182 55.174974 0.000000 278 5
1.157580 55.182710 0.000000 278 5
1.207276 55.188217 0.000000 278 5
1.257156 55.191686 0.000000 278 5
1.307129 55.193322 0.000000 278 5
0.000000 54.452479 0.000000 279 5
0.007176 54.501961 0.000000 279 5
0.014428 54.551433 0.000000 279 5
0.021838 54.600881 0.000000 279 5
0.029411 54.650304 0.000000 279 5
0.037152 54.699701 0.000000 279 5
0.045069 54.749070 0.000000 279 5
0.053168 54.798410 0.000000 279 5
0.061456 54.847718 0.000000 279 5
0.069939 54.896993 0.000000 279 5
0.078626 54.946233 0.000000 279 5
0.087525 54.995434 0.000000 279 5
0.096644 55.044596 0.000000 279 5
0.105992 55.093714 0.000000 279 5
0.115580 55.142786 0.000000 279 5
0.125416 55.191809 0.000000 279 5
0.135513 55.240779 0.000000 279 5
0.145880 55.289693 0.000000 279 5
0.156532 55.338545 0.000000 279 5
0.167479 55.387332 0.000000 279 5
0.178737 55.436048 0.000000 279 5
0.190320 55.484688 0.000000 279 5
0.202243 55.533245 0.000000 279 5
0.214523 55.581714 0.000000 279 5
0.227179 55.630086 0.000000 279 5
0.240228 55.678353 0.000000 279 5
0.253692 55.726506 0.000000 279 5
0.267592 55.774535 0.000000 279 5
0.281952 55.822428 0.000000 279 5
0.296798 55.870174 0.000000 279 5
0.312156 55.917757 0.000000 279 5
0.328055 55.965161 0.000000 279 5
0.344528 56.012370 0.000000 279 5
0.361607 56.059362 0.000000 279 5
0.379330 56.106116 0.000000 279 5
0.397736 56.152605 0.000000 279 5
0.416868 56.198800 0.000000 279 5
0.436771 56.244668 0.000000 279 5
0.457495 56.290171 0.000000 279 5
0.479094 56.335265 0.000000 279 5
0.501624 56.379901 0.000000 279 5
0.525148 56.424022 0.000000 279 5
0.549730 56.467561 0.000000 279 5
0.575442 56.510444 0.000000 279 5
0.602356 56.552582 0.000000 279 5
0.630551 56.593875 0.000000 279 5
0.660106 56.634205 0.000000 279 5
0.691102 56.673438 0.000000 279 5
0.723620 56.711419 0.000000 279 5
0.757736 56.747971 0.000000 279 5
0.793520 56.782893 0.000000 279 5
0.831027 56.815957 0.000000 279 5
0.870294 56.846910 0.000000 279 5
0.911329 56.875478 0.000000 279 5
0.954107 56.901364 0.000000 279 5
0.998554 56.924265 0.000000 279 5
1.044546 56.943879 0.000000 279 5
1.091902 56.959923 0.000000 279 5
1.140383 56.972154 0.000000 279 5
1.189701 56.980382 0.000000 279 5
1.239532 56.984495 0.000000 279 5
0.000000 8.078034 0.000000 280 5
0.005308 8.127751 0.000000 280 5
0.010725 8.177457 0.000000 280 5
0.016374 8.227137 0.000000 280 5
0.022269 8.276788 0.000000 280 5
0.028427 8.326407 0.000000 280 5
0.034866 8.375991 0.000000 280 5
0.041606 8.425535 0.000000 280 5
0.048667 8.475034 0.000000 280 5
0.056073 8.524482 0.000000 280 5
0.063850 8.573873 0.000000 280 5
0.072027 8.623200 0.000000 280 5
0.080635 8.672454 0.000000 280 5
0.089708 8.721624 0.000000 280 5
0.099285 8.770698 0.000000 280 5
0.109407 8.819663 0.000000 280 5
0.120123 8.868501 0.000000 280 5
0.131483 8.917193 0.000000 280 5
0.143547 8.965716 0.000000 280 5
0.156379 9.014041 0.000000 280 5
0.170052 9.062136 0.000000 280 5
0.184646 9.109958 0.000000 280 5
0.200252 9.157460 0.000000 280 5
0.216970 9.204583 0.000000 280 5
0.234911 9.251253 0.000000 280 5
0.254200 9.297383 0.000000 280 5
0.274972 9.342864 0.000000 280 5
0.297374 9.387564 0.000000 280 5
0.321565 9.431323 0.000000 280 5
0.347709 9.473943 0.000000 280 5
0.375974 9.515187 0.000000 280 5
0.406519 9.554773 0.000000 280 5
0.439482 9.592368 0.000000 280 5
0.474965 9.627596 0.000000 280 5
0.513009 9.660040 0.000000 280 5
0.553574 9.689271 0.000000 280 5
0.596523 9.714873 0.000000 280 5
0.641610 9.736487 0.000000 280 5
0.688497 9.753853 0.000000 280 5
0.736779 9.766848 0.000000 280 5
0.786025 9.775499 0.000000 280 5
0.835824 9.779977 0.000000 280 5
0.885820 9.780573 0.000000 280 5
0.935735 9.777661 0.000000 280 5
0.985374 9.771663 0.000000 280 5
1.034621 9.763016 0.000000 280 5
1.083426 9.752153 0.000000 280 5
1.131796 9.739487 0.000000 280 5
1.179774 9.725412 0.000000 280 5
1.227435 9.710298 0.000000 280 5
1.274872 9.694495 0.000000 280 5
1.322190 9.678340 0.000000 280 5
1.369501 9.662163 0.000000 280 5
1.416915 9.646293 0.000000 280 5
1.464540 9.631066 0.000000 280 5
1.512471 9.616830 0.000000 280 5
1.560784 9.603953 0.000000 280 5
1.609530 9.592823 0.000000 280 5
1.658718 9.583853 0.000000 280 5
1.708310 9.577474 0.000000 280 5
1.758197 9.574122 0.000000 280 5
0.000000 11.293281 0.000000 281 5
0.004299 11.343096 0.000000 281 5
0.008686 11.392903 0.000000 281 5
0.013257 11.442693 0.000000 281 5
0.018024 11.492466 0.000000 281 5
0.023000 11.542217 0.000000 281 5
0.028199 11.591946 0.000000 281 5
0.033637 11.641650 0.000000 281 5
0.039329 11.691325 0.000000 281 5
0.045295 11.740968 0.000000 281 5
0.051554 11.790574 0.000000 281 5
0.058129 11.840140 0.000000 281 5
0.065045 11.889660 0.000000 281 5
0.072327 11.939126 0.000000 281 5
0.080007 11.988533 0.000000 281 5
0.088118 12.037871 0.000000 281 5
0.096695 12.087130 0.000000 281 5
0.105781 12.136297 0.000000 281 5
0.115421 12.185359 0.000000 281 5
0.125666 12.234298 0.000000 281 5
0.136574 12.283094 0.000000 281 5
0.148211 12.331721 0.000000 281 5
0.160648 12.380149 0.000000 281 5
0.173967 12.428343 0.000000 281 5
0.188263 12.476255 0.000000 281 5
0.203638 12.523833 0.000000 281 5
0.220210 12.571007 0.000000 281 5
0.238112 12.617692 0.000000 281 5
0.257492 12.663783 0.000000 281 5
0.278512 12.709150 0.000000 281 5
0.301353 12.753628 0.000000 281 5
0.326207 12.797013 0.000000 281 5
0.353273 12.839054 0.000000 281 5
0.382750 12.879441 0.000000 281 5
0.414819 12.917802 0.000000 281 5
0.449620 12.953704 0.000000 281 5
0.487225 12.986656 0.000000 281 5
0.527605 13.016142 0.000000 281 5
0.570606 13.041656 0.000000 281 5
0.615930 13.062768 0.000000 281 5
0.663160 13.079180 0.000000 281 5
0.711796 13.090777 0.000000 281 5
0.761322 13.097644 0.000000 281 5
0.811264 13.100049 0.000000 281 5
0.861237 13.098393 0.000000 281 5
0.910963 13.093166 0.000000 281 5
0.960273 13.084888 0.000000 281 5
1.009092 13.074083 0.000000 281 5
1.057417 13.061250 0.000000 281 5
1.105301 13.046859 0.000000 281 5
1.152836 13.031353 0.000000 281 5
1.200136 13.015146 0.000000 281 5
1.247332 12.998635 0.000000 281 5
1.294558 12.982213 0.000000 281 5
1.341948 12.966272 0.000000 281 5
1.389628 12.951215 0.000000 281 5
1.437701 12.937471 0.000000 281 5
1.486245 12.925491 0.000000 281 5
1.535289 12.915761 0.000000 281 5
1.584801 12.908793 0.000000 281 5
1.634665 12.905112 0.000000 281 5
0.000000 11.815850 0.000000 282 5
0.004660 11.865632 0.000000 282 5
0.009412 11.915406 0.000000 282 5
0.014358 11.965161 0.000000 282 5
0.019511 12.014895 0.000000 282 5
0.024883 12.064605 0.000000 282 5
0.030489 12.114290 0.000000 282 5
0.036344 12.163946 0.000000 282 5
0.042466 12.213570 0.000000 282 5
0.048872 12.263158 0.000000 282 5
0.055583 12.312705 0.000000 282 5
0.062621 12.362207 0.000000 282 5
0.070011 12.411658 0.000000 282 5
0.077778 12.461051 0.000000 282 5
0.085953 12.510378 0.000000 282 5
0.094568 12.559631 0.000000 282 5
0.103658 12.608797 0.000000 282 5
0.113264 12.657866 0.000000 282 5
0.123429 12.706822 0.000000 282 5
0.134202 12.755647 0.000000 282 5
0.145638 12.804322 0.000000 282 5
0.157797 12.852821 0.000000 282 5
0.170747 12.901115 0.000000 282 5
0.184563 12.949168 0.000000 282 5
0.199329 12.996938 0.000000 282 5
0.215140 13.044373 0.000000 282 5
0.232098 13.091409 0.000000 282 5
0.250321 13.137970 0.000000 282 5
0.269934 13.183963 0.000000 282 5
0.291079 13.229272 0.000000 282 5
0.313904 13.273757 0.000000 282 5
0.338570 13.317250 0.000000 282 5
0.365240 13.359543 0.000000 282 5
0.394077 13.400390 0.000000 282 5
0.425230 13.439498 0.000000 282 5
0.458822 13.476533 0.000000 282 5
0.494933 13.511117 0.000000 282 5
0.533573 13.542849 0.000000 282 5
0.574672 13.571325 0.000000 282 5
0.618060 13.596174 0.000000 282 5
0.663471 13.617098 0.000000 282 5
0.710560 13.633909 0.000000 282 5
0.758935 13.646555 0.000000 282 5
0.808194 13.655129 0.000000 282 5
0.857971 13.659851 0.000000 282 5
0.907956 13.661044 0.000000 282 5
0.957918 13.659098 0.000000 282 5
1.007701 13.654441 0.000000 282 5
1.057218 13.647510 0.000000 282 5
1.106443 13.638738 0.000000 282 5
1.155393 13.628544 0.000000 282 5
1.204120 13.617333 0.000000 282 5
1.252697 13.605493 0.000000 282 5
1.301214 13.593402 0.000000 282 5
1.349761 13.581437 0.000000 282 5
1.398429 13.569973 0.000000 282 5
1.447297 13.559396 0.000000 282 5
1.496426 13.550104 0.000000 282 5
1.545847 13.542511 0.000000 282 5
1.595547 13.537047 0.000000 282 5
1.645463 13.534148 0.000000 282 5
0.000000 16.451226 0.000000 283 5
0.003823 16.501079 0.000000 283 5
0.007720 16.550927 0.000000 283 5
0.011771 16.600763 0.000000 283 5
0.015987 16.650585 0.000000 283 5
0.020378 16.700392 0.000000 283 5
0.024954 16.750182 0.000000 283 5
0.029727 16.799953 0.000000 283 5
0.034711 16.849704 0.000000 283 5
0.039920 16.899432 0.000000 283 5
0.045370 16.949134 0.000000 283 5
0.051076 16.998808 0.000000 283 5
0.057059 17.048448 0.000000 283 5
0.063337 17.098053 0.000000 283 5
0.069934 17.147616 0.000000 283 5
0.076874 17.197132 0.000000 283 5
0.084185 17.246594 0.000000 283 5
0.091896 17.295996 0.000000 283 5
0.100041 17.345328 0.000000 283 5
0.108656 17.394580 0.000000 283 5
0.117783 17.443740 0.000000 283 5
0.127469 17.492793 0.000000 283 5
0.137763 17.541722 0.000000 283 5
0.148724 17.590506 0.000000 283 5
0.160416 17.639120 0.000000 283 5
0.172911 17.687533 0.000000 283 5
0.186290 17.735710 0.000000 283 5
0.200644 17.783605 0.000000 283 5
0.216076 17.831164 0.000000 283 5
0.232700 17.878320 0.000000 283 5
0.250644 17.924989 0.000000 283 5
0.270050 17.971069 0.000000 283 5
0.291074 18.016435 0.000000 283 5
0.313885 18.060928 0.000000 283 5
0.338663 18.104356 0.000000 283 5
0.365593 18.146485 0.000000 283 5
0.394854 18.187029 0.000000 283 5
0.426607 18.225651 0.000000 283 5
0.460978 18.261964 0.000000 283 5
0.498029 18.295539 0.000000 283 5
0.537733 18.325929 0.000000 283 5
0.579960 18.352704 0.000000 283 5
0.624461 18.375500 0.000000 283 5
0.670886 18.394067 0.000000 283 5
0.718815 18.408308 0.000000 283 5
0.767808 18.418293 0.000000 283 5
0.817452 18.424249 0.000000 283 5
0.867400 18.426530 0.000000 283 5
0.917390 18.425570 0.000000 283 5
0.967252 18.421855 0.000000 283 5
1.016894 18.415880 0.000000 283 5
1.066291 18.408140 0.000000 283 5
1.115470 18.399113 0.000000 283 5
1.164490 18.389265 0.000000 283 5
1.213435 18.379048 0.000000 283 5
1.262396 18.368909 0.000000 283 5
1.311463 18.359294 0.000000 283 5
1.360712 18.350660 0.000000 283 5
1.410193 18.343476 0.000000 283 5
1.459917 18.338228 0.000000 283 5
1.509838 18.335412 0.000000 283 5
0.000000 22.863979 0.000000 284 5
0.003162 22.913879 0.000000 284 5
0.006382 22.963775 0.000000 284 5
0.009726 23.013664 0.000000 284 5
0.013201 23.063543 0.000000 284 5
0.016815 23.113412 0.000000 284 5
0.020575 23.163270 0.000000 284 5
0.024492 23.213117 0.000000 284 5
0.028574 23.262950 0.000000 284 5
0.032833 23.312768 0.000000 284 5
0.037281 23.362570 0.000000 284 5
0.041930 23.412353 0.000000 284 5
0.046794 23.462116 0.000000 284 5
0.051889 23.511856 0.000000 284 5
0.057230 23.561570 0.000000 284 5
0.062837 23.611254 0.000000 284 5
0.068728 23.660906 0.000000 284 5
0.074928 23.710520 0.000000 284 5
0.081459 23.760092 0.000000 284 5
0.088349 23.809615 0.000000 284 5
0.095628 23.859082 0.000000 284 5
0.103330 23.908485 0.000000 284 5
0.111491 23.957815 0.000000 284 5
0.120152 24.007059 0.000000 284 5
0.129361 24.056204 0.000000 284 5
0.139169 24.105232 0.000000 284 5
0.149635 24.154125 0.000000 284 5
0.160824 24.202856 0.000000 284 5
0.172811 24.251398 0.000000 284 5
0.185679 24.299714 0.000000 284 5
0.199522 24.347760 0.000000 284 5
0.214447 24.395480 0.000000 284 5
0.230573 24.442808 0.000000 284 5
0.248035 24.489660 0.000000 284 5
0.266982 24.535931 0.000000 284 5
0.287581 24.581491 0.000000 284 5
0.310010 24.626178 0.000000 284 5
0.334463 24.669790 0.000000 284 5
0.361136 24.712082 0.000000 284 5
0.390220 24.752752 0.000000 284 5
0.421887 24.791446 0.000000 284 5
0.456263 24.827754 0.000000 284 5
0.493404 24.861229 0.000000 284 5
0.533268 24.891410 0.000000 284 5
0.575693 24.917870 0.000000 284 5
0.620395 24.940268 0.000000 284 5
0.666991 24.958402 0.000000 284 5
0.715038 24.972241 0.000000 284 5
0.764088 24.981938 0.000000 284 5
0.813743 24.987802 0.000000 284 5
0.863683 24.990261 0.000000 284 5
0.913681 24.989820 0.000000 284 5
0.963602 24.987018 0.000000 284 5
1.013389 24.982404 0.000000 284 5
1.063042 24.976521 0.000000 284 5
1.112602 24.969905 0.000000 284 5
1.162134 24.963081 0.000000 284 5
1.211709 24.956574 0.000000 284 5
1.261387 24.950910 0.000000 284 5
1.311203 24.946626 0.000000 284 5
1.361147 24.944269 0.000000 284 5
0.000000 42.298651 0.000000 285 5
0.001982 42.348612 0.000000 285 5
0.004000 42.398571 0.000000 285 5
0.006091 42.448527 0.000000 285 5
0.008261 42.498480 0.000000 285 5
0.010512 42.548430 0.000000 285 5
0.012852 42.598375 0.000000 285 5
0.015283 42.648316 0.000000 285 5
0.017813 42.698252 0.000000 285 5
0.020447 42.748182 0.000000 285 5
0.023191 42.798107 0.000000 285 5
0.026053 42.848025 0.000000 285 5
0.029041 42.897935 0.000000 285 5
0.032162 42.947838 0.000000 285 5
0.035426 42.997731 0.000000 285 5
0.038844 43.047614 0.000000 285 5
0.042425 43.097486 0.000000 285 5
0.046182 43.147345 0.000000 285 5
0.050129 43.197189 0.000000 285 5
0.054280 43.247016 0.000000 285 5
0.058650 43.296825 0.000000 285 5
0.063259 43.346612 0.000000 285 5
0.068125 43.396374 0.000000 285 5
0.073271 43.446109 0.000000 285 5
0.078722 43.495811 0.000000 285 5
0.084504 43.545475 0.000000 285 5
0.090650 43.595096 0.000000 285 5
0.097193 43.644666 0.000000 285 5
0.104172 43.694177 0.000000 285 5
0.111633 43.743617 0.000000 285 5
0.119625 43.792974 0.000000 285 5
0.128207 43.842232 0.000000 285 5
0.137443 43.891372 0.000000 285 5
0.147409 43.940369 0.000000 285 5
0.158190 43.989192 0.000000 285 5
0.169888 44.037805 0.000000 285 5
0.182614 44.086158 0.000000 285 5
0.196503 44.134190 0.000000 285 5
0.211705 44.181823 0.000000 285 5
0.228395 44.228955 0.000000 285 5
0.246773 44.275455 0.000000 285 5
0.267062 44.321154 0.000000 285 5
0.289510 44.365832 0.000000 285 5
0.314382 44.409206 0.000000 285 5
0.341948 44.450921 0.000000 285 5
0.372456 44.490535 0.000000 285 5
0.406101 44.527521 0.000000 285 5
0.442972 44.561293 0.000000 285 5
0.483004 44.591251 0.000000 285 5
0.525944 44.616866 0.000000 285 5
0.571362 44.637777 0.000000 285 5
0.618699 44.653875 0.000000 285 5
0.667368 44.665335 0.000000 285 5
0.716839 44.672590 0.000000 285 5
0.766704 44.676258 0.000000 285 5
0.816698 44.677069 0.000000 285 5
0.866682 44.675803 0.000000 285 5
0.916616 44.673247 0.000000 285 5
0.966523 44.670191 0.000000 285 5
1.016446 44.667418 0.000000 285 5
1.066417 44.665713 0.000000 285 5
0.000000 43.950228 0.000000 286 5
0.002235 44.000178 0.000000 286 5
0.004507 44.050126 0.000000 286 5
0.006857 44.100071 0.000000 286 5
0.009289 44.150012 0.000000 286 5
0.011808 44.199948 0.000000 286 5
0.014418 44.249880 0.000000 286 5
0.017124 44.299807 0.000000 286 5
0.019932 44.349728 0.000000 286 5
0.022847 44.399643 0.000000 286 5
0.025876 44.449551 0.000000 286 5
0.029025 44.499452 0.000000 286 5
0.032302 44.549344 0.000000 286 5
0.035714 44.599228 0.000000 286 5
0.039271 44.649101 0.000000 286 5
0.042981 44.698963 0.000000 286 5
0.046855 44.748813 0.000000 286 5
0.050903 44.798649 0.000000 286 5
0.055137 44.848469 0.000000 286 5
0.059572 44.898272 0.000000 286 5
0.064220 44.948056 0.000000 286 5
0.069097 44.997817 0.000000 286 5
0.074222 45.047554 0.000000 286 5
0.079612 45.097262 0.000000 286 5
0.085289 45.146939 0.000000 286 5
0.091276 45.196579 0.000000 286 5
0.097599 45.246178 0.000000 286 5
0.104287 45.295729 0.000000 286 5
0.111370 45.345224 0.000000 286 5
0.118884 45.394657 0.000000 286 5
0.126870 45.444015 0.000000 286 5
0.135372 45.493287 0.000000 286 5
0.144438 45.542458 0.000000 286 5
0.154127 45.591510 0.000000 286 5
0.164500 45.640422 0.000000 286 5
0.175629 45.689168 0.000000 286 5
0.187596 45.737715 0.000000 286 5
0.200492 45.786023 0.000000 286 5
0.214420 45.834044 0.000000 286 5
0.229497 45.881717 0.000000 286 5
0.245856 45.928965 0.000000 286 5
0.263643 45.975694 0.000000 286 5
0.283023 46.021785 0.000000 286 5
0.304176 46.067091 0.000000 286 5
0.327293 46.111425 0.000000 286 5
0.352577 46.154562 0.000000 286 5
0.380225 46.196222 0.000000 286 5
0.410421 46.236075 0.000000 286 5
0.443306 46.273738 0.000000 286 5
0.478962 46.308790 0.000000 286 5
0.517374 46.340798 0.000000 286 5
0.558416 46.369356 0.000000 286 5
0.601841 46.394141 0.000000 286 5
0.647299 46.414963 0.000000 286 5
0.694377 46.431805 0.000000 286 5
0.742651 46.444829 0.000000 286 5
0.791734 46.454362 0.000000 286 5
0.841310 46.460858 0.000000 286 5
0.891150 46.464855 0.000000 286 5
0.941107 46.466941 0.000000 286 5
0.991101 46.467726 0.000000 286 5
0.000000 4.189350 0.000000 287 5
0.005088 4.239091 0.000000 287 5
0.010279 4.288820 0.000000 287 5
0.015688 4.338527 0.000000 287 5
0.021327 4.388208 0.000000 287 5
0.027213 4.437860 0.000000 287 5
0.033361 4.487481 0.000000 287 5
0.039790 4.537066 0.000000 287 5
0.046519 4.586611 0.000000 287 5
0.053569 4.636112 0.000000 287 5
0.060964 4.685562 0.000000 287 5
0.068730 4.734955 0.000000 287 5
0.076894 4.784284 0.000000 287 5
0.085489 4.833540 0.000000 287 5
0.094548 4.882712 0.000000 287 5
0.104109 4.931789 0.000000 287 5
0.114215 4.980757 0.000000 287 5
0.124912 5.029600 0.000000 287 5
0.136252 5.078297 0.000000 287 5
0.148293 5.126825 0.000000 287 5
0.161099 5.175158 0.000000 287 5
0.174741 5.223261 0.000000 287 5
0.189300 5.271094 0.000000 287 5
0.204865 5.318610 0.000000 287 5
0.221534 5.365749 0.000000 287 5
0.239417 5.412442 0.000000 287 5
0.258636 5.458601 0.000000 287 5
0.279323 5.504120 0.000000 287 5
0.301624 5.548872 0.000000 287 5
0.325691 5.592698 0.000000 287 5
0.351687 5.635409 0.000000 287 5
0.379772 5.676776 0.000000 287 5
0.410103 5.716526 0.000000 287 5
0.442814 5.754341 0.000000 287 5
0.478005 5.789860 0.000000 287 5
0.515719 5.822687 0.000000 287 5
0.555923 5.852413 0.000000 287 5
0.598493 5.878640 0.000000 287 5
0.643203 5.901023 0.000000 287 5
0.689738 5.919312 0.000000 287 5
0.737718 5.933380 0.000000 287 5
0.786736 5.943242 0.000000 287 5
0.836397 5.949052 0.000000 287 5
0.886356 5.951081 0.000000 287 5
0.936336 5.949684 0.000000 287 5
0.986141 5.945267 0.000000 287 5
1.035647 5.938255 0.000000 287 5
1.084797 5.929076 0.000000 287 5
1.133587 5.918143 0.000000 287 5
1.182053 5.905854 0.000000 287 5
1.230261 5.892585 0.000000 287 5
1.278294 5.878699 0.000000 287 5
1.326248 5.864544 0.000000 287 5
1.374226 5.850467 0.000000 287 5
1.422326 5.836815 0.000000 287 5
1.470640 5.823942 0.000000 287 5
1.519246 5.812217 0.000000 287 5
1.568196 5.802024 0.000000 287 5
1.617510 5.793770 0.000000 287 5
1.667161 5.787874 0.000000 287 5
1.717064 5.784765 0.000000 287 5
0.000000 5.977727 0.000000 288 5
0.004033 6.027564 0.000000 288 5
0.008147 6.077395 0.000000 288 5
0.012431 6.127211 0.000000 288 5
0.016895 6.177011 0.000000 288 5
0.021552 6.226794 0.000000 288 5
0.026415 6.276557 0.000000 288 5
0.031496 6.326298 0.000000 288 5
0.036812 6.376015 0.000000 288 5
0.042379 6.425704 0.000000 288 5
0.048215 6.475362 0.000000 288 5
0.054340 6.524985 0.000000 288 5
0.060776 6.574569 0.000000 288 5
0.067547 6.624109 0.000000 288 5
0.074680 6.673597 0.000000 288 5
0.082205 6.723028 0.000000 288 5
0.090154 6.772392 0.000000 288 5
0.098564 6.821680 0.000000 288 5
0.107476 6.870879 0.000000 288 5
0.116935 6.919976 0.000000 288 5
0.126993 6.968954 0.000000 288 5
0.137706 7.017793 0.000000 288 5
0.149140 7.066468 0.000000 288 5
0.161366 7.114950 0.000000 288 5
0.174467 7.163203 0.000000 288 5
0.188535 7.211183 0.000000 288 5
0.203674 7.258836 0.000000 288 5
0.220003 7.306095 0.000000 288 5
0.237652 7.352876 0.000000 288 5
0.256771 7.399077 0.000000 288 5
0.277524 7.444566 0.000000 288 5
0.300092 7.489184 0.000000 288 5
0.324668 7.532727 0.000000 288 5
0.351454 7.574947 0.000000 288 5
0.380652 7.615536 0.000000 288 5
0.412447 7.654125 0.000000 288 5
0.446983 7.690281 0.000000 288 5
0.484338 7.723516 0.000000 288 5
0.524488 7.753315 0.000000 288 5
0.567283 7.779172 0.000000 288 5
0.612431 7.800657 0.000000 288 5
0.659518 7.817475 0.000000 288 5
0.708047 7.829514 0.000000 288 5
0.757504 7.836862 0.000000 288 5
0.807418 7.839794 0.000000 288 5
0.857407 7.838718 0.000000 288 5
0.907196 7.834129 0.000000 288 5
0.956619 7.826559 0.000000 288 5
1.005605 7.816539 0.000000 288 5
1.054153 7.804579 0.000000 288 5
1.102320 7.791164 0.000000 288 5
1.150197 7.776750 0.000000 288 5
1.197901 7.761771 0.000000 288 5
1.245560 7.746649 0.000000 288 5
1.293304 7.731801 0.000000 288 5
1.341260 7.717650 0.000000 288 5
1.389537 7.704637 0.000000 288 5
1.438217 7.693227 0.000000 288 5
1.487342 7.683912 0.000000 288 5
1.536891 7.677211 0.000000 288 5
1.586764 7.673658 0.000000 288 5
0.000000 6.369654 0.000000 289 5
0.004265 6.419472 0.000000 289 5
0.008614 6.469282 0.000000 289 5
0.013139 6.519077 0.000000 289 5
0.017852 6.568855 0.000000 289 5
0.022764 6.618613 0.000000 289 5
0.027887 6.668350 0.000000 289 5
0.033237 6.718063 0.000000 289 5
0.038828 6.767749 0.000000 289 5
0.044676 6.817406 0.000000 289 5
0.050801 6.867029 0.000000 289 5
0.057221 6.916615 0.000000 289 5
0.063959 6.966159 0.000000 289 5
0.071039 7.015655 0.000000 289 5
0.078487 7.065098 0.000000 289 5
0.086332 7.114478 0.000000 289 5
0.094606 7.163789 0.000000 289 5
0.103346 7.213019 0.000000 289 5
0.112590 7.262157 0.000000 289 5
0.122383 7.311189 0.000000 289 5
0.132773 7.360097 0.000000 289 5
0.143816 7.408863 0.000000 289 5
0.155572 7.457461 0.000000 289 5
0.168111 7.505863 0.000000 289 5
0.181508 7.554035 0.000000 289 5
0.195849 7.601934 0.000000 289 5
0.211231 7.649509 0.000000 289 5
0.227761 7.696698 0.000000 289 5
0.245558 7.743423 0.000000 289 5
0.264755 7.789591 0.000000 289 5
0.285498 7.835085 0.000000 289 5
0.307946 7.879763 0.000000 289 5
0.332267 7.923449 0.000000 289 5
0.358637 7.965930 0.000000 289 5
0.387231 8.006947 0.000000 289 5
0.418211 8.046193 0.000000 289 5
0.451711 8.083311 0.000000 289 5
0.487816 8.117900 0.000000 289 5
0.526541 8.149530 0.000000 289 5
0.567802 8.177769 0.000000 289 5
0.611412 8.202228 0.000000 289 5
0.657074 8.222597 0.000000 289 5
0.704411 8.238698 0.000000 289 5
0.752997 8.250506 0.000000 289 5
0.802409 8.258151 0.000000 289 5
0.852268 8.261901 0.000000 289 5
0.902268 8.262128 0.000000 289 5
0.952186 8.259266 0.000000 289 5
1.001884 8.253781 0.000000 289 5
1.051297 8.246141 0.000000 289 5
1.100418 8.236806 0.000000 289 5
1.149284 8.226220 0.000000 289 5
1.197964 8.214808 0.000000 289 5
1.246546 8.202983 0.000000 289 5
1.295126 8.191151 0.000000 289 5
1.343801 8.179717 0.000000 289 5
1.392659 8.169093 0.000000 289 5
1.441770 8.159705 0.000000 289 5
1.491172 8.151996 0.000000 289 5
1.540860 8.146423 0.000000 289 5
1.590772 8.143458 0.000000 289 5
0.000000 9.015441 0.000000 290 5
0.003400 9.065326 0.000000 290 5
0.006866 9.115205 0.000000 290 5
0.010470 9.165075 0.000000 290 5
0.014220 9.214934 0.000000 290 5
0.018126 9.264782 0.000000 290 5
0.022197 9.314616 0.000000 290 5
0.026445 9.364435 0.000000 290 5
0.030880 9.414238 0.000000 290 5
0.035515 9.464022 0.000000 290 5
0.040365 9.513787 0.000000 290 5
0.045444 9.563528 0.000000 290 5
0.050770 9.613244 0.000000 290 5
0.056360 9.662930 0.000000 290 5
0.062235 9.712584 0.000000 290 5
0.068417 9.762200 0.000000 290 5
0.074929 9.811774 0.000000 290 5
0.081801 9.861300 0.000000 290 5
0.089061 9.910770 0.000000 290 5
0.096743 9.960176 0.000000 290 5
0.104885 10.009509 0.000000 290 5
0.113528 10.058756 0.000000 290 5
0.122720 10.107904 0.000000 290 5
0.132512 10.156936 0.000000 290 5
0.142965 10.205831 0.000000 290 5
0.154145 10.254565 0.000000 290 5
0.166128 10.303108 0.000000 290 5
0.178999 10.351423 0.000000 290 5
0.192855 10.399464 0.000000 290 5
0.207807 10.447177 0.000000 290 5
0.223977 10.494490 0.000000 290 5
0.241506 10.541316 0.000000 290 5
0.260551 10.587547 0.000000 290 5
0.281285 10.633045 0.000000 290 5
0.303901 10.677638 0.000000 290 5
0.328602 10.721111 0.000000 290 5
0.355600 10.763195 0.000000 290 5
0.385102 10.803564 0.000000 290 5
0.417292 10.841824 0.000000 290 5
0.452305 10.877518 0.000000 290 5
0.490194 10.910144 0.000000 290 5
0.530899 10.939180 0.000000 290 5
0.574220 10.964146 0.000000 290 5
0.619817 10.984662 0.000000 290 5
0.667238 11.000513 0.000000 290 5
0.715973 11.011687 0.000000 290 5
0.765524 11.018375 0.000000 290 5
0.815458 11.020940 0.000000 290 5
0.865446 11.019861 0.000000 290 5
0.915272 11.015684 0.000000 290 5
0.964819 11.008975 0.000000 290 5
1.014060 11.000294 0.000000 290 5
1.063027 10.990183 0.000000 290 5
1.111797 10.979161 0.000000 290 5
1.160473 10.967730 0.000000 290 5
1.209169 10.956385 0.000000 290 5
1.257996 10.945621 0.000000 290 5
1.307051 10.935946 0.000000 290 5
1.356398 10.927887 0.000000 290 5
1.406049 10.921991 0.000000 290 5
1.455949 10.918824 0.000000 290 5
0.000000 9.538011 0.000000 291 5
0.003622 9.587879 0.000000 291 5
0.007312 9.637743 0.000000 291 5
0.011146 9.687596 0.000000 291 5
0.015131 9.737436 0.000000 291 5
0.019278 9.787264 0.000000 291 5
0.023595 9.837078 0.000000 291 5
0.028094 9.886875 0.000000 291 5
0.032786 9.936654 0.000000 291 5
0.037684 9.986414 0.000000 291 5
0.042802 10.036151 0.000000 291 5
0.048154 10.085864 0.000000 291 5
0.053758 10.135549 0.000000 291 5
0.059631 10.185203 0.000000 291 5
0.065792 10.234821 0.000000 291 5
0.072265 10.284401 0.000000 291 5
0.079071 10.333935 0.000000 291 5
0.086238 10.383419 0.000000 291 5
0.093795 10.432845 0.000000 291 5
0.101773 10.482204 0.000000 291 5
0.110209 10.531487 0.000000 291 5
0.119141 10.580683 0.000000 291 5
0.128614 10.629777 0.000000 291 5
0.138677 10.678754 0.000000 291 5
0.149385 10.727594 0.000000 291 5
0.160800 10.776274 0.000000 291 5
0.172989 10.824765 0.000000 291 5
0.186031 10.873034 0.000000 291 5
0.200012 10.921040 0.000000 291 5
0.215029 10.968732 0.000000 291 5
0.231191 11.016047 0.000000 291 5
0.248619 11.062912 0.000000 291 5
0.267448 11.109231 0.000000 291 5
0.287825 11.154890 0.000000 291 5
0.309913 11.199747 0.000000 291 5
0.333881 11.243628 0.000000 291 5
0.359908 11.286320 0.000000 291 5
0.388171 11.327565 0.000000 291 5
0.418833 11.367060 0.000000 291 5
0.452028 11.404451 0.000000 291 5
0.487840 11.439344 0.000000 291 5
0.526278 11.471321 0.000000 291 5
0.567258 11.499968 0.000000 291 5
0.610587 11.524919 0.000000 291 5
0.655973 11.545899 0.000000 291 5
0.703043 11.562763 0.000000 291 5
0.751388 11.575521 0.000000 291 5
0.800604 11.584338 0.000000 291 5
0.850336 11.589510 0.000000 291 5
0.900299 11.591433 0.000000 291 5
0.950291 11.590562 0.000000 291 5
1.000190 11.587382 0.000000 291 5
1.049940 11.582387 0.000000 291 5
1.099539 11.576064 0.000000 291 5
1.149022 11.568893 0.000000 291 5
1.198449 11.561343 0.000000 291 5
1.247888 11.553879 0.000000 291 5
1.297408 11.546967 0.000000 291 5
1.347060 11.541080 0.000000 291 5
1.396868 11.536699 0.000000 291 5
1.446811 11.534317 0.000000 291 5
0.000000 13.414106 0.000000 292 5
0.002910 13.464022 0.000000 292 5
0.005873 13.513934 0.000000 292 5
0.008949 13.563839 0.000000 292 5
0.012143 13.613737 0.000000 292 5
0.015462 13.663627 0.000000 292 5
0.018914 13.713507 0.000000 292 5
0.022508 13.763378 0.000000 292 5
0.026252 13.813238 0.000000 292 5
0.030155 13.863085 0.000000 292 5
0.034228 13.912919 0.000000 292 5
0.038482 13.962737 0.000000 292 5
0.042930 14.012539 0.000000 292 5
0.047584 14.062322 0.000000 292 5
0.052461 14.112084 0.000000 292 5
0.057575 14.161822 0.000000 292 5
0.062945 14.211532 0.000000 292 5
0.068589 14.261213 0.000000 292 5
0.074530 14.310859 0.000000 292 5
0.080792 14.360465 0.000000 292 5
0.087399 14.410026 0.000000 292 5
0.094382 14.459536 0.000000 292 5
0.101773 14.508987 0.000000 292 5
0.109609 14.558369 0.000000 292 5
0.117929 14.607672 0.000000 292 5
0.126778 14.656883 0.000000 292 5
0.136208 14.705986 0.000000 292 5
0.146276 14.754961 0.000000 292 5
0.157046 14.803788 0.000000 292 5
0.168591 14.852437 0.000000 292 5
0.180993 14.900874 0.000000 292 5
0.194345 14.949059 0.000000 292 5
0.208751 14.996938 0.000000 292 5
0.224332 15.044449 0.000000 292 5
0.241219 15.091510 0.000000 292 5
0.259564 15.138023 0.000000 292 5
0.279532 15.183863 0.000000 292 5
0.301306 15.228873 0.000000 292 5
0.325081 15.272859 0.000000 292 5
0.351060 15.315580 0.000000 292 5
0.379444 15.356742 0.000000 292 5
0.410418 15.395993 0.000000 292 5
0.444122 15.432926 0.000000 292 5
0.480632 15.467088 0.000000 292 5
0.519923 15.498010 0.000000 292 5
0.561852 15.525250 0.000000 292 5
0.606144 15.548448 0.000000 292 5
0.652419 15.567386 0.000000 292 5
0.700229 15.582022 0.000000 292 5
0.749118 15.592503 0.000000 292 5
0.798675 15.599147 0.000000 292 5
0.848569 15.602396 0.000000 292 5
0.898568 15.602774 0.000000 292 5
0.948531 15.600847 0.000000 292 5
0.998397 15.597190 0.000000 292 5
1.048165 15.592377 0.000000 292 5
1.097872 15.586975 0.000000 292 5
1.147576 15.581545 0.000000 292 5
1.197336 15.576648 0.000000 292 5
1.247191 15.572849 0.000000 292 5
1.297146 15.570721 0.000000 292 5
0.000000 18.814487 0.000000 293 5
0.002348 18.864432 0.000000 293 5
0.004739 18.914375 0.000000 293 5
0.007217 18.964313 0.000000 293 5
0.009787 19.014247 0.000000 293 5
0.012455 19.064176 0.000000 293 5
0.015226 19.114099 0.000000 293 5
0.018107 19.164016 0.000000 293 5
0.021103 19.213926 0.000000 293 5
0.024223 19.263829 0.000000 293 5
0.027473 19.313723 0.000000 293 5
0.030863 19.363608 0.000000 293 5
0.034401 19.413482 0.000000 293 5
0.038098 19.463346 0.000000 293 5
0.041963 19.513196 0.000000 293 5
0.046010 19.563032 0.000000 293 5
0.050250 19.612852 0.000000 293 5
0.054698 19.662654 0.000000 293 5
0.059370 19.712435 0.000000 293 5
0.064282 19.762193 0.000000 293 5
0.069454 19.811925 0.000000 293 5
0.074907 19.861627 0.000000 293 5
0.080663 19.911294 0.000000 293 5
0.086749 19.960922 0.000000 293 5
0.093194 20.010505 0.000000 293 5
0.100029 20.060036 0.000000 293 5
0.107290 20.109506 0.000000 293 5
0.115017 20.158905 0.000000 293 5
0.123257 20.208221 0.000000 293 5
0.132060 20.257440 0.000000 293 5
0.141484 20.306544 0.000000 293 5
0.151595 20.355511 0.000000 293 5
0.162466 20.404315 0.000000 293 5
0.174184 20.452923 0.000000 293 5
0.186843 20.501294 0.000000 293 5
0.200556 20.549377 0.000000 293 5
0.215445 20.597108 0.000000 293 5
0.231655 20.644408 0.000000 293 5
0.249344 20.691174 0.000000 293 5
0.268694 20.737278 0.000000 293 5
0.289903 20.782557 0.000000 293 5
0.313186 20.826805 0.000000 293 5
0.338768 20.869765 0.000000 293 5
0.366872 20.911119 0.000000 293 5
0.397702 20.950483 0.000000 293 5
0.431410 20.987412 0.000000 293 5
0.468068 21.021415 0.000000 293 5
0.507630 21.051990 0.000000 293 5
0.549908 21.078685 0.000000 293 5
0.594570 21.101164 0.000000 293 5
0.641177 21.119269 0.000000 293 5
0.689237 21.133059 0.000000 293 5
0.738279 21.142803 0.000000 293 5
0.787900 21.148943 0.000000 293 5
0.837804 21.152040 0.000000 293 5
0.887800 21.152725 0.000000 293 5
0.937788 21.151656 0.000000 293 5
0.987742 21.149499 0.000000 293 5
1.037675 21.146919 0.000000 293 5
1.087620 21.144578 0.000000 293 5
1.137600 21.143140 0.000000 293 5
0.000000 65.560513 0.000000 294 6
0.002348 65.510568 0.000000 294 6
0.004739 65.460625 0.000000 294 6
0.007217 65.410687 0.000000 294 6
0.009787 65.360753 0.000000 294 6
0.012455 65.310824 0.000000 294 6
0.015226 65.260901 0.000000 294 6
0.018107 65.210984 0.000000 294 6
0.021103 65.161074 0.000000 294 6
0.024223 65.111171 0.000000 294 6
0.027473 65.061277 0.000000 294 6
0.030863 65.011392 0.000000 294 6
0.034401 64.961518 0.000000 294 6
0.038098 64.911654 0.000000 294 6
0.041963 64.861804 0.000000 294 6
0.046010 64.811968 0.000000 294 6
0.050250 64.762148 0.000000 294 6
0.054698 64.712346 0.000000 294 6
0.059370 64.662565 0.000000 294 6
0.064282 64.612807 0.000000 294 6
0.069454 64.563075 0.000000 294 6
0.074907 64.513373 0.000000 294 6
0.080663 64.463706 0.000000 294 6
0.086749 64.414078 0.000000 294 6
0.093194 64.364495 0.000000 294 6
0.100029 64.314964 0.000000 294 6
0.107290 64.265494 0.000000 294 6
0.115017 64.216095 0.000000 294 6
0.123257 64.166779 0.000000 294 6
0.132060 64.117560 0.000000 294 6
0.141484 64.068456 0.000000 294 6
0.151595 64.019489 0.000000 294 6
0.162466 63.970685 0.000000 294 6
0.174184 63.922077 0.000000 294 6
0.186843 63.873706 0.000000 294 6
0.200556 63.825623 0.000000 294 6
0.215445 63.777892 0.000000 294 6
0.231655 63.730592 0.000000 294 6
0.249344 63.683826 0.000000 294 6
0.268694 63.637722 0.000000 294 6
0.289903 63.592443 0.000000 294 6
0.313186 63.548195 0.000000 294 6
0.338768 63.505235 0.000000 294 6
0.366872 63.463881 0.000000 294 6
0.397702 63.424517 0.000000 294 6
0.431410 63.387588 0.000000 294 6
0.468068 63.353585 0.000000 294 6
0.507630 63.323010 0.000000 294 6
0.549908 63.296315 0.000000 294 6
0.594570 63.273836 0.000000 294 6
0.641177 63.255731 0.000000 294 6
0.689237 63.241941 0.000000 294 6
0.738279 63.232197 0.000000 294 6
0.787900 63.226057 0.000000 294 6
0.837804 63.222960 0.000000 294 6
0.887800 63.222275 0.000000 294 6
0.937788 63.223344 0.000000 294 6
0.987742 63.225501 0.000000 294 6
1.037675 63.228081 0.000000 294 6
1.087620 63.230422 0.000000 294 6
1.137600 63.231860 0.000000 294 6
0.000000 49.867144 0.000000 295 6
0.002910 49.817228 0.000000 295 6
0.005873 49.767316 0.000000 295 6
0.008949 49.717411 0.000000 295 6
0.012143 49.667513 0.000000 295 6
0.015462 49.617623 0.000000 295 6
0.018914 49.567743 0.000000 295 6
0.022508 49.517872 0.000000 295 6
0.026252 49.468012 0.000000 295 6
0.030155 49.418165 0.000000 295 6
0.034228 49.368331 0.000000 295 6
0.038482 49.318513 0.000000 295 6
0.042930 49.268711 0.000000 295 6
0.047584 49.218928 0.000000 295 6
0.052461 49.169166 0.000000 295 6
0.057575 49.119428 0.000000 295 6
0.062945 49.069718 0.000000 295 6
0.068589 49.020037 0.000000 295 6
0.074530 48.970391 0.000000 295 6
0.080792 48.920785 0.000000 295 6
0.087399 48.871224 0.000000 295 6
0.094382 48.821714 0.000000 295 6
0.101773 48.772263 0.000000 295 6
0.109609 48.722881 0.000000 295 6
0.117929 48.673578 0.000000 295 6
0.126778 48.624367 0.000000 295 6
0.136208 48.575264 0.000000 295 6
0.146276 48.526289 0.000000 295 6
0.157046 48.477462 0.000000 295 6
0.168591 48.428813 0.000000 295 6
0.180993 48.380376 0.000000 295 6
0.194345 48.332191 0.000000 295 6
0.208751 48.284312 0.000000 295 6
0.224332 48.236801 0.000000 295 6
0.241219 48.189740 0.000000 295 6
0.259564 48.143227 0.000000 295 6
0.279532 48.097387 0.000000 295 6
0.301306 48.052377 0.000000 295 6
0.325081 48.008391 0.000000 295 6
0.351060 47.965670 0.000000 295 6
0.379444 47.924508 0.000000 295 6
0.410418 47.885257 0.000000 295 6
0.444122 47.848324 0.000000 295 6
0.480632 47.814162 0.000000 295 6
0.519923 47.783240 0.000000 295 6
0.561852 47.756000 0.000000 295 6
0.606144 47.732802 0.000000 295 6
0.652419 47.713864 0.000000 295 6
0.700229 47.699228 0.000000 295 6
0.749118 47.688747 0.000000 295 6
0.798675 47.682103 0.000000 295 6
0.848569 47.678854 0.000000 295 6
0.898568 47.678476 0.000000 295 6
0.948531 47.680403 0.000000 295 6
0.998397 47.684060 0.000000 295 6
1.048165 47.688873 0.000000 295 6
1.097872 47.694275 0.000000 295 6
1.147576 47.699705 0.000000 295 6
1.197336 47.704602 0.000000 295 6
1.247191 47.708401 0.000000 295 6
1.297146 47.710529 0.000000 295 6
0.000000 37.922927 0.000000 296 6
0.003622 37.873058 0.000000 296 6
0.007312 37.823195 0.000000 296 6
0.011146 37.773342 0.000000 296 6
0.015131 37.723501 0.000000 296 6
0.019278 37.673673 0.000000 296 6
0.023595 37.623860 0.000000 296 6
0.028094 37.574063 0.000000 296 6
0.032786 37.524283 0.000000 296 6
0.037684 37.474524 0.000000 296 6
0.042802 37.424786 0.000000 296 6
0.048154 37.375074 0.000000 296 6
0.053758 37.325389 0.000000 296 6
0.059631 37.275735 0.000000 296 6
0.065792 37.226116 0.000000 296 6
0.072265 37.176537 0.000000 296 6
0.079071 37.127002 0.000000 296 6
0.086238 37.077519 0.000000 296 6
0.093795 37.028093 0.000000 296 6
0.101773 36.978733 0.000000 296 6
0.110209 36.929450 0.000000 296 6
0.119141 36.880255 0.000000 296 6
0.128614 36.831160 0.000000 296 6
0.138677 36.782183 0.000000 296 6
0.149385 36.733343 0.000000 296 6
0.160800 36.684664 0.000000 296 6
0.172989 36.636172 0.000000 296 6
0.186031 36.587903 0.000000 296 6
0.200012 36.539898 0.000000 296 6
0.215029 36.492206 0.000000 296 6
0.231191 36.444890 0.000000 296 6
0.248619 36.398026 0.000000 296 6
0.267448 36.351707 0.000000 296 6
0.287825 36.306047 0.000000 296 6
0.309913 36.261190 0.000000 296 6
0.333881 36.217309 0.000000 296 6
0.359908 36.174618 0.000000 296 6
0.388171 36.133372 0.000000 296 6
0.418833 36.093877 0.000000 296 6
0.452028 36.056486 0.000000 296 6
0.487840 36.021593 0.000000 296 6
0.526278 35.989617 0.000000 296 6
0.567258 35.960969 0.000000 296 6
0.610587 35.936018 0.000000 296 6
0.655973 35.915038 0.000000 296 6
0.703043 35.898175 0.000000 296 6
0.751388 35.885416 0.000000 296 6
0.800604 35.876600 0.000000 296 6
0.850336 35.871427 0.000000 296 6
0.900299 35.869505 0.000000 296 6
0.950291 35.870376 0.000000 296 6
1.000190 35.873556 0.000000 296 6
1.049940 35.878551 0.000000 296 6
1.099539 35.884873 0.000000 296 6
1.149022 35.892044 0.000000 296 6
1.198449 35.899594 0.000000 296 6
1.247888 35.907059 0.000000 296 6
1.297408 35.913971 0.000000 296 6
1.347060 35.919858 0.000000 296 6
1.396868 35.924238 0.000000 296 6
1.446811 35.926621 0.000000 296 6
0.000000 38.445496 0.000000 297 6
0.003400 38.395612 0.000000 297 6
0.006866 38.345732 0.000000 297 6
0.010470 38.295862 0.000000 297 6
0.014220 38.246003 0.000000 297 6
0.018126 38.196156 0.000000 297 6
0.022197 38.146322 0.000000 297 6
0.026445 38.096503 0.000000 297 6
0.030880 38.046700 0.000000 297 6
0.035515 37.996915 0.000000 297 6
0.040365 37.947151 0.000000 297 6
0.045444 37.897409 0.000000 297 6
0.050770 37.847694 0.000000 297 6
0.056360 37.798007 0.000000 297 6
0.062235 37.748354 0.000000 297 6
0.068417 37.698737 0.000000 297 6
0.074929 37.649163 0.000000 297 6
0.081801 37.599638 0.000000 297 6
0.089061 37.550168 0.000000 297 6
0.096743 37.500761 0.000000 297 6
0.104885 37.451429 0.000000 297 6
0.113528 37.402181 0.000000 297 6
0.122720 37.353033 0.000000 297 6
0.132512 37.304002 0.000000 297 6
0.142965 37.255107 0.000000 297 6
0.154145 37.206373 0.000000 297 6
0.166128 37.157830 0.000000 297 6
0.178999 37.109515 0.000000 297 6
0.192855 37.061473 0.000000 297 6
0.207807 37.013761 0.000000 297 6
0.223977 36.966448 0.000000 297 6
0.241506 36.919621 0.000000 297 6
0.260551 36.873390 0.000000 297 6
0.281285 36.827892 0.000000 297 6
0.303901 36.783299 0.000000 297 6
0.328602 36.739827 0.000000 297 6
0.355600 36.697742 0.000000 297 6
0.385102 36.657373 0.000000 297 6
0.417292 36.619114 0.000000 297 6
0.452305 36.583419 0.000000 297 6
0.490194 36.550794 0.000000 297 6
0.530899 36.521758 0.000000 297 6
0.574220 36.496792 0.000000 297 6
0.619817 36.476276 0.000000 297 6
0.667238 36.460424 0.000000 297 6
0.715973 36.449250 0.000000 297 6
0.765524 36.442562 0.000000 297 6
0.815458 36.439998 0.000000 297 6
0.865446 36.441077 0.000000 297 6
0.915272 36.445254 0.000000 297 6
0.964819 36.451963 0.000000 297 6
1.014060 36.460643 0.000000 297 6
1.063027 36.470754 0.000000 297 6
1.111797 36.481776 0.000000 297 6
1.160473 36.493207 0.000000 297 6
1.209169 36.504553 0.000000 297 6
1.257996 36.515317 0.000000 297 6
1.307051 36.524992 0.000000 297 6
1.356398 36.533051 0.000000 297 6
1.406049 36.538946 0.000000 297 6
1.455949 36.542113 0.000000 297 6
0.000000 29.226049 0.000000 298 6
0.004265 29.176231 0.000000 298 6
0.008614 29.126421 0.000000 298 6
0.013139 29.076626 0.000000 298 6
0.017852 29.026849 0.000000 298 6
0.022764 28.977090 0.000000 298 6
0.027887 28.927354 0.000000 298 6
0.033237 28.877641 0.000000 298 6
0.038828 28.827954 0.000000 298 6
0.044676 28.778297 0.000000 298 6
0.050801 28.728674 0.000000 298 6
0.057221 28.679088 0.000000 298 6
0.063959 28.629544 0.000000 298 6
0.071039 28.580048 0.000000 298 6
0.078487 28.530606 0.000000 298 6
0.086332 28.481225 0.000000 298 6
0.094606 28.431914 0.000000 298 6
0.103346 28.382684 0.000000 298 6
0.112590 28.333546 0.000000 298 6
0.122383 28.284514 0.000000 298 6
0.132773 28.235606 0.000000 298 6
0.143816 28.186840 0.000000 298 6
0.155572 28.138242 0.000000 298 6
0.168111 28.089840 0.000000 298 6
0.181508 28.041668 0.000000 298 6
0.195849 27.993769 0.000000 298 6
0.211231 27.946194 0.000000 298 6
0.227761 27.899005 0.000000 298 6
0.245558 27.852280 0.000000 298 6
0.264755 27.806112 0.000000 298 6
0.285498 27.760618 0.000000 298 6
0.307946 27.715940 0.000000 298 6
0.332267 27.672254 0.000000 298 6
0.358637 27.629773 0.000000 298 6
0.387231 27.588756 0.000000 298 6
0.418211 27.549510 0.000000 298 6
0.451711 27.512392 0.000000 298 6
0.487816 27.477803 0.000000 298 6
0.526541 27.446173 0.000000 298 6
0.567802 27.417934 0.000000 298 6
0.611412 27.393476 0.000000 298 6
0.657074 27.373106 0.000000 298 6
0.704411 27.357005 0.000000 298 6
0.752997 27.345197 0.000000 298 6
0.802409 27.337553 0.000000 298 6
0.852268 27.333802 0.000000 298 6
0.902268 27.333575 0.000000 298 6
0.952186 27.336437 0.000000 298 6
1.001884 27.341922 0.000000 298 6
1.051297 27.349562 0.000000 298 6
1.100418 27.358897 0.000000 298 6
1.149284 27.369483 0.000000 298 6
1.197964 27.380895 0.000000 298 6
1.246546 27.392720 0.000000 298 6
1.295126 27.404552 0.000000 298 6
1.343801 27.415986 0.000000 298 6
1.392659 27.426610 0.000000 298 6
1.441770 27.435998 0.000000 298 6
1.491172 27.443708 0.000000 298 6
1.540860 27.449280 0.000000 298 6
1.590772 27.452245 0.000000 298 6
0.000000 29.617976 0.000000 299 6
0.004033 29.568139 0.000000 299 6
0.008147 29.518308 0.000000 299 6
0.012431 29.468492 0.000000 299 6
0.016895 29.418692 0.000000 299 6
0.021552 29.368909 0.000000 299 6
0.026415 29.319146 0.000000 299 6
0.031496 29.269405 0.000000 299 6
0.036812 29.219689 0.000000 299 6
0.042379 29.169999 0.000000 299 6
0.048215 29.120341 0.000000 299 6
0.054340 29.070718 0.000000 299 6
0.060776 29.021134 0.000000 299 6
0.067547 28.971594 0.000000 299 6
0.074680 28.922106 0.000000 299 6
0.082205 28.872675 0.000000 299 6
0.090154 28.823311 0.000000 299 6
0.098564 28.774023 0.000000 299 6
0.107476 28.724824 0.000000 299 6
0.116935 28.675727 0.000000 299 6
0.126993 28.626749 0.000000 299 6
0.137706 28.577910 0.000000 299 6
0.149140 28.529235 0.000000 299 6
0.161366 28.480753 0.000000 299 6
0.174467 28.432500 0.000000 299 6
0.188535 28.384520 0.000000 299 6
0.203674 28.336867 0.000000 299 6
0.220003 28.289608 0.000000 299 6
0.237652 28.242827 0.000000 299 6
0.256771 28.196626 0.000000 299 6
0.277524 28.151137 0.000000 299 6
0.300092 28.106519 0.000000 299 6
0.324668 28.062976 0.000000 299 6
0.351454 28.020757 0.000000 299 6
0.380652 27.980168 0.000000 299 6
0.412447 27.941578 0.000000 299 6
0.446983 27.905422 0.000000 299 6
0.484338 27.872187 0.000000 299 6
0.524488 27.842388 0.000000 299 6
0.567283 27.816531 0.000000 299 6
0.612431 27.795046 0.000000 299 6
0.659518 27.778228 0.000000 299 6
0.708047 27.766189 0.000000 299 6
0.757504 27.758841 0.000000 299 6
0.807418 27.755909 0.000000 299 6
0.857407 27.756985 0.000000 299 6
0.907196 27.761574 0.000000 299 6
0.956619 27.769144 0.000000 299 6
1.005605 27.779165 0.000000 299 6
1.054153 27.791124 0.000000 299 6
1.102320 27.804539 0.000000 299 6
1.150197 27.818953 0.000000 299 6
1.197901 27.833932 0.000000 299 6
1.245560 27.849054 0.000000 299 6
1.293304 27.863902 0.000000 299 6
1.341260 27.878053 0.000000 299 6
1.389537 27.891066 0.000000 299 6
1.438217 27.902476 0.000000 299 6
1.487342 27.911792 0.000000 299 6
1.536891 27.918492 0.000000 299 6
1.586764 27.922045 0.000000 299 6
0.000000 22.507427 0.000000 300 6
0.005088 22.457687 0.000000 300 6
0.010279 22.407957 0.000000 300 6
0.015688 22.358250 0.000000 300 6
0.021327 22.308569 0.000000 300 6
0.027213 22.258917 0.000000 300 6
0.033361 22.209296 0.000000 300 6
0.039790 22.159711 0.000000 300 6
0.046519 22.110166 0.000000 300 6
0.053569 22.060666 0.000000 300 6
0.060964 22.011216 0.000000 300 6
0.068730 21.961822 0.000000 300 6
0.076894 21.912494 0.000000 300 6
0.085489 21.863238 0.000000 300 6
0.094548 21.814065 0.000000 300 6
0.104109 21.764988 0.000000 300 6
0.114215 21.716020 0.000000 300 6
0.124912 21.667178 0.000000 300 6
0.136252 21.618480 0.000000 300 6
0.148293 21.569952 0.000000 300 6
0.161099 21.521620 0.000000 300 6
0.174741 21.473517 0.000000 300 6
0.189300 21.425683 0.000000 300 6
0.204865 21.378168 0.000000 300 6
0.221534 21.331028 0.000000 300 6
0.239417 21.284336 0.000000 300 6
0.258636 21.238177 0.000000 300 6
0.279323 21.192657 0.000000 300 6
0.301624 21.147906 0.000000 300 6
0.325691 21.104079 0.000000 300 6
0.351687 21.061368 0.000000 300 6
0.379772 21.020002 0.000000 300 6
0.410103 20.980252 0.000000 300 6
0.442814 20.942437 0.000000 300 6
0.478005 20.906918 0.000000 300 6
0.515719 20.874090 0.000000 300 6
0.555923 20.844365 0.000000 300 6
0.598493 20.818138 0.000000 300 6
0.643203 20.795754 0.000000 300 6
0.689738 20.777465 0.000000 300 6
0.737718 20.763397 0.000000 300 6
0.786736 20.753536 0.000000 300 6
0.836397 20.747726 0.000000 300 6
0.886356 20.745696 0.000000 300 6
0.936336 20.747093 0.000000 300 6
0.986141 20.751511 0.000000 300 6
1.035647 20.758523 0.000000 300 6
1.084797 20.767702 0.000000 300 6
1.133587 20.778634 0.000000 300 6
1.182053 20.790923 0.000000 300 6
1.230261 20.804192 0.000000 300 6
1.278294 20.818079 0.000000 300 6
1.326248 20.832233 0.000000 300 6
1.374226 20.846310 0.000000 300 6
1.422326 20.859962 0.000000 300 6
1.470640 20.872835 0.000000 300 6
1.519246 20.884561 0.000000 300 6
1.568196 20.894753 0.000000 300 6
1.617510 20.903008 0.000000 300 6
1.667161 20.908904 0.000000 300 6
1.717064 20.912012 0.000000 300 6
0.000000 106.049772 0.000000 301 6
0.002235 105.999822 0.000000 301 6
0.004507 105.949874 0.000000 301 6
0.006857 105.899929 0.000000 301 6
0.009289 105.849988 0.000000 301 6
0.011808 105.800052 0.000000 301 6
0.014418 105.750120 0.000000 301 6
0.017124 105.700193 0.000000 301 6
0.019932 105.650272 0.000000 301 6
0.022847 105.600357 0.000000 301 6
0.025876 105.550449 0.000000 301 6
0.029025 105.500548 0.000000 301 6
0.032302 105.450656 0.000000 301 6
0.035714 105.400772 0.000000 301 6
0.039271 105.350899 0.000000 301 6
0.042981 105.301037 0.000000 301 6
0.046855 105.251187 0.000000 301 6
0.050903 105.201351 0.000000 301 6
0.055137 105.151531 0.000000 301 6
0.059572 105.101728 0.000000 301 6
0.064220 105.051944 0.000000 301 6
0.069097 105.002183 0.000000 301 6
0.074222 104.952446 0.000000 301 6
0.079612 104.902738 0.000000 301 6
0.085289 104.853061 0.000000 301 6
0.091276 104.803421 0.000000 301 6
0.097599 104.753822 0.000000 301 6
0.104287 104.704271 0.000000 301 6
0.111370 104.654776 0.000000 301 6
0.118884 104.605343 0.000000 301 6
0.126870 104.555985 0.000000 301 6
0.135372 104.506713 0.000000 301 6
0.144438 104.457542 0.000000 301 6
0.154127 104.408490 0.000000 301 6
0.164500 104.359578 0.000000 301 6
0.175629 104.310832 0.000000 301 6
0.187596 104.262285 0.000000 301 6
0.200492 104.213977 0.000000 301 6
0.214420 104.165956 0.000000 301 6
0.229497 104.118283 0.000000 301 6
0.245856 104.071035 0.000000 301 6
0.263643 104.024306 0.000000 301 6
0.283023 103.978215 0.000000 301 6
0.304176 103.932909 0.000000 301 6
0.327293 103.888575 0.000000 301 6
0.352577 103.845438 0.000000 301 6
0.380225 103.803778 0.000000 301 6
0.410421 103.763925 0.000000 301 6
0.443306 103.726262 0.000000 301 6
0.478962 103.691210 0.000000 301 6
0.517374 103.659202 0.000000 301 6
0.558416 103.630644 0.000000 301 6
0.601841 103.605859 0.000000 301 6
0.647299 103.585037 0.000000 301 6
0.694377 103.568195 0.000000 301 6
0.742651 103.555171 0.000000 301 6
0.791734 103.545638 0.000000 301 6
0.841310 103.539142 0.000000 301 6
0.891150 103.535145 0.000000 301 6
0.941107 103.533059 0.000000 301 6
0.991101 103.532274 0.000000 301 6
0.000000 107.701349 0.000000 302 6
0.001982 107.651388 0.000000 302 6
0.004000 107.601429 0.000000 302 6
0.006091 107.551473 0.000000 302 6
0.008261 107.501520 0.000000 302 6
0.010512 107.451570 0.000000 302 6
0.012852 107.401625 0.000000 302 6
0.015283 107.351684 0.000000 302 6
0.017813 107.301748 0.000000 302 6
0.020447 107.251818 0.000000 302 6
0.023191 107.201893 0.000000 302 6
0.026053 107.151975 0.000000 302 6
0.029041 107.102065 0.000000 302 6
0.032162 107.052162 0.000000 302 6
0.035426 107.002269 0.000000 302 6
0.038844 106.952386 0.000000 302 6
0.042425 106.902514 0.000000 302 6
0.046182 106.852655 0.000000 302 6
0.050129 106.802811 0.000000 302 6
0.054280 106.752984 0.000000 302 6
0.058650 106.703175 0.000000 302 6
0.063259 106.653388 0.000000 302 6
0.068125 106.603626 0.000000 302 6
0.073271 106.553891 0.000000 302 6
0.078722 106.504189 0.000000 302 6
0.084504 106.454525 0.000000 302 6
0.090650 106.404904 0.000000 302 6
0.097193 106.355334 0.000000 302 6
0.104172 106.305823 0.000000 302 6
0.111633 106.256383 0.000000 302 6
0.119625 106.207026 0.000000 302 6
0.128207 106.157768 0.000000 302 6
0.137443 106.108628 0.000000 302 6
0.147409 106.059631 0.000000 302 6
0.158190 106.010808 0.000000 302 6
0.169888 105.962195 0.000000 302 6
0.182614 105.913842 0.000000 302 6
0.196503 105.865810 0.000000 302 6
0.211705 105.818177 0.000000 302 6
0.228395 105.771045 0.000000 302 6
0.246773 105.724545 0.000000 302 6
0.267062 105.678846 0.000000 302 6
0.289510 105.634168 0.000000 302 6
0.314382 105.590794 0.000000 302 6
0.341948 105.549079 0.000000 302 6
0.372456 105.509465 0.000000 302 6
0.406101 105.472479 0.000000 302 6
0.442972 105.438707 0.000000 302 6
0.483004 105.408749 0.000000 302 6
0.525944 105.383134 0.000000 302 6
0.571362 105.362223 0.000000 302 6
0.618699 105.346125 0.000000 302 6
0.667368 105.334665 0.000000 302 6
0.716839 105.327410 0.000000 302 6
0.766704 105.323742 0.000000 302 6
0.816698 105.322931 0.000000 302 6
0.866682 105.324197 0.000000 302 6
0.916616 105.326753 0.000000 302 6
0.966523 105.329809 0.000000 302 6
1.016446 105.332582 0.000000 302 6
1.066417 105.334287 0.000000 302 6
0.000000 61.511021 0.000000 303 6
0.003162 61.461121 0.000000 303 6
0.006382 61.411225 0.000000 303 6
0.009726 61.361336 0.000000 303 6
0.013201 61.311457 0.000000 303 6
0.016815 61.261588 0.000000 303 6
0.020575 61.211730 0.000000 303 6
0.024492 61.161883 0.000000 303 6
0.028574 61.112050 0.000000 303 6
0.032833 61.062232 0.000000 303 6
0.037281 61.012430 0.000000 303 6
0.041930 60.962647 0.000000 303 6
0.046794 60.912884 0.000000 303 6
0.051889 60.863144 0.000000 303 6
0.057230 60.813430 0.000000 303 6
0.062837 60.763746 0.000000 303 6
0.068728 60.714094 0.000000 303 6
0.074928 60.664480 0.000000 303 6
0.081459 60.614908 0.000000 303 6
0.088349 60.565385 0.000000 303 6
0.095628 60.515918 0.000000 303 6
0.103330 60.466515 0.000000 303 6
0.111491 60.417185 0.000000 303 6
0.120152 60.367941 0.000000 303 6
0.129361 60.318796 0.000000 303 6
0.139169 60.269768 0.000000 303 6
0.149635 60.220875 0.000000 303 6
0.160824 60.172144 0.000000 303 6
0.172811 60.123602 0.000000 303 6
0.185679 60.075286 0.000000 303 6
0.199522 60.027240 0.000000 303 6
0.214447 59.979520 0.000000 303 6
0.230573 59.932192 0.000000 303 6
0.248035 59.885340 0.000000 303 6
0.266982 59.839069 0.000000 303 6
0.287581 59.793509 0.000000 303 6
0.310010 59.748822 0.000000 303 6
0.334463 59.705210 0.000000 303 6
0.361136 59.662918 0.000000 303 6
0.390220 59.622248 0.000000 303 6
0.421887 59.583554 0.000000 303 6
0.456263 59.547246 0.000000 303 6
0.493404 59.513771 0.000000 303 6
0.533268 59.483590 0.000000 303 6
0.575693 59.457130 0.000000 303 6
0.620395 59.434732 0.000000 303 6
0.666991 59.416598 0.000000 303 6
0.715038 59.402759 0.000000 303 6
0.764088 59.393062 0.000000 303 6
0.813743 59.387198 0.000000 303 6
0.863683 59.384739 0.000000 303 6
0.913681 59.385180 0.000000 303 6
0.963602 59.387982 0.000000 303 6
1.013389 59.392596 0.000000 303 6
1.063042 59.398479 0.000000 303 6
1.112602 59.405095 0.000000 303 6
1.162134 59.411919 0.000000 303 6
1.211709 59.418426 0.000000 303 6
1.261387 59.424090 0.000000 303 6
1.311203 59.428374 0.000000 303 6
1.361147 59.430731 0.000000 303 6
0.000000 46.830024 0.000000 304 6
0.003823 46.780171 0.000000 304 6
0.007720 46.730323 0.000000 304 6
0.011771 46.680487 0.000000 304 6
0.015987 46.630665 0.000000 304 6
0.020378 46.580858 0.000000 304 6
0.024954 46.531068 0.000000 304 6
0.029727 46.481297 0.000000 304 6
0.034711 46.431546 0.000000 304 6
0.039920 46.381818 0.000000 304 6
0.045370 46.332116 0.000000 304 6
0.051076 46.282442 0.000000 304 6
0.057059 46.232802 0.000000 304 6
0.063337 46.183197 0.000000 304 6
0.069934 46.133634 0.000000 304 6
0.076874 46.084118 0.000000 304 6
0.084185 46.034656 0.000000 304 6
0.091896 45.985254 0.000000 304 6
0.100041 45.935922 0.000000 304 6
0.108656 45.886670 0.000000 304 6
0.117783 45.837510 0.000000 304 6
0.127469 45.788457 0.000000 304 6
0.137763 45.739528 0.000000 304 6
0.148724 45.690744 0.000000 304 6
0.160416 45.642130 0.000000 304 6
0.172911 45.593717 0.000000 304 6
0.186290 45.545540 0.000000 304 6
0.200644 45.497645 0.000000 304 6
0.216076 45.450086 0.000000 304 6
0.232700 45.402930 0.000000 304 6
0.250644 45.356261 0.000000 304 6
0.270050 45.310181 0.000000 304 6
0.291074 45.264815 0.000000 304 6
0.313885 45.220322 0.000000 304 6
0.338663 45.176894 0.000000 304 6
0.365593 45.134765 0.000000 304 6
0.394854 45.094221 0.000000 304 6
0.426607 45.055599 0.000000 304 6
0.460978 45.019286 0.000000 304 6
0.498029 44.985711 0.000000 304 6
0.537733 44.955321 0.000000 304 6
0.579960 44.928546 0.000000 304 6
0.624461 44.905750 0.000000 304 6
0.670886 44.887183 0.000000 304 6
0.718815 44.872942 0.000000 304 6
0.767808 44.862957 0.000000 304 6
0.817452 44.857001 0.000000 304 6
0.867400 44.854720 0.000000 304 6
0.917390 44.855680 0.000000 304 6
0.967252 44.859395 0.000000 304 6
1.016894 44.865370 0.000000 304 6
1.066291 44.873110 0.000000 304 6
1.115470 44.882137 0.000000 304 6
1.164490 44.891985 0.000000 304 6
1.213435 44.902202 0.000000 304 6
1.262396 44.912341 0.000000 304 6
1.311463 44.921956 0.000000 304 6
1.360712 44.930590 0.000000 304 6
1.410193 44.937774 0.000000 304 6
1.459917 44.943022 0.000000 304 6
1.509838 44.945838 0.000000 304 6
0.000000 35.645087 0.000000 305 6
0.004660 35.595305 0.000000 305 6
0.009412 35.545531 0.000000 305 6
0.014358 35.495777 0.000000 305 6
0.019511 35.446043 0.000000 305 6
0.024883 35.396332 0.000000 305 6
0.030489 35.346648 0.000000 305 6
0.036344 35.296992 0.000000 305 6
0.042466 35.247368 0.000000 305 6
0.048872 35.197780 0.000000 305 6
0.055583 35.148232 0.000000 305 6
0.062621 35.098730 0.000000 305 6
0.070011 35.049279 0.000000 305 6
0.077778 34.999886 0.000000 305 6
0.085953 34.950559 0.000000 305 6
0.094568 34.901307 0.000000 305 6
0.103658 34.852140 0.000000 305 6
0.113264 34.803071 0.000000 305 6
0.123429 34.754116 0.000000 305 6
0.134202 34.705290 0.000000 305 6
0.145638 34.656615 0.000000 305 6
0.157797 34.608116 0.000000 305 6
0.170747 34.559822 0.000000 305 6
0.184563 34.511769 0.000000 305 6
0.199329 34.463999 0.000000 305 6
0.215140 34.416565 0.000000 305 6
0.232098 34.369529 0.000000 305 6
0.250321 34.322967 0.000000 305 6
0.269934 34.276975 0.000000 305 6
0.291079 34.231666 0.000000 305 6
0.313904 34.187180 0.000000 305 6
0.338570 34.143688 0.000000 305 6
0.365240 34.101394 0.000000 305 6
0.394077 34.060548 0.000000 305 6
0.425230 34.021439 0.000000 305 6
0.458822 33.984405 0.000000 305 6
0.494933 33.949821 0.000000 305 6
0.533573 33.918089 0.000000 305 6
0.574672 33.889613 0.000000 305 6
0.618060 33.864763 0.000000 305 6
0.663471 33.843839 0.000000 305 6
0.710560 33.827029 0.000000 305 6
0.758935 33.814382 0.000000 305 6
0.808194 33.805808 0.000000 305 6
0.857971 33.801087 0.000000 305 6
0.907956 33.799894 0.000000 305 6
0.957918 33.801839 0.000000 305 6
1.007701 33.806497 0.000000 305 6
1.057218 33.813428 0.000000 305 6
1.106443 33.822200 0.000000 305 6
1.155393 33.832393 0.000000 305 6
1.204120 33.843605 0.000000 305 6
1.252697 33.855445 0.000000 305 6
1.301214 33.867535 0.000000 305 6
1.349761 33.879501 0.000000 305 6
1.398429 33.890965 0.000000 305 6
1.447297 33.901542 0.000000 305 6
1.496426 33.910834 0.000000 305 6
1.545847 33.918426 0.000000 305 6
1.595547 33.923891 0.000000 305 6
1.645463 33.926789 0.000000 305 6
0.000000 36.167657 0.000000 306 6
0.004299 36.117842 0.000000 306 6
0.008686 36.068035 0.000000 306 6
0.013257 36.018244 0.000000 306 6
0.018024 35.968472 0.000000 306 6
0.023000 35.918720 0.000000 306 6
0.028199 35.868991 0.000000 306 6
0.033637 35.819288 0.000000 306 6
0.039329 35.769613 0.000000 306 6
0.045295 35.719970 0.000000 306 6
0.051554 35.670363 0.000000 306 6
0.058129 35.620797 0.000000 306 6
0.065045 35.571278 0.000000 306 6
0.072327 35.521811 0.000000 306 6
0.080007 35.472405 0.000000 306 6
0.088118 35.423067 0.000000 306 6
0.096695 35.373808 0.000000 306 6
0.105781 35.324640 0.000000 306 6
0.115421 35.275578 0.000000 306 6
0.125666 35.226639 0.000000 306 6
0.136574 35.177844 0.000000 306 6
0.148211 35.129217 0.000000 306 6
0.160648 35.080788 0.000000 306 6
0.173967 35.032595 0.000000 306 6
0.188263 34.984682 0.000000 306 6
0.203638 34.937105 0.000000 306 6
0.220210 34.889931 0.000000 306 6
0.238112 34.843246 0.000000 306 6
0.257492 34.797154 0.000000 306 6
0.278512 34.751787 0.000000 306 6
0.301353 34.707309 0.000000 306 6
0.326207 34.663924 0.000000 306 6
0.353273 34.621883 0.000000 306 6
0.382750 34.581497 0.000000 306 6
0.414819 34.543135 0.000000 306 6
0.449620 34.507234 0.000000 306 6
0.487225 34.474281 0.000000 306 6
0.527605 34.444796 0.000000 306 6
0.570606 34.419281 0.000000 306 6
0.615930 34.398169 0.000000 306 6
0.663160 34.381758 0.000000 306 6
0.711796 34.370160 0.000000 306 6
0.761322 34.363293 0.000000 306 6
0.811264 34.360889 0.000000 306 6
0.861237 34.362544 0.000000 306 6
0.910963 34.367772 0.000000 306 6
0.960273 34.376049 0.000000 306 6
1.009092 34.386855 0.000000 306 6
1.057417 34.399688 0.000000 306 6
1.105301 34.414078 0.000000 306 6
1.152836 34.429585 0.000000 306 6
1.200136 34.445792 0.000000 306 6
1.247332 34.462302 0.000000 306 6
1.294558 34.478724 0.000000 306 6
1.341948 34.494666 0.000000 306 6
1.389628 34.509722 0.000000 306 6
1.437701 34.523467 0.000000 306 6
1.486245 34.535447 0.000000 306 6
1.535289 34.545176 0.000000 306 6
1.584801 34.552145 0.000000 306 6
1.634665 34.555826 0.000000 306 6
0.000000 27.517669 0.000000 307 6
0.005308 27.467952 0.000000 307 6
0.010725 27.418246 0.000000 307 6
0.016374 27.368566 0.000000 307 6
0.022269 27.318915 0.000000 307 6
0.028427 27.269296 0.000000 307 6
0.034866 27.219712 0.000000 307 6
0.041606 27.170168 0.000000 307 6
0.048667 27.120669 0.000000 307 6
0.056073 27.071221 0.000000 307 6
0.063850 27.021830 0.000000 307 6
0.072027 26.972503 0.000000 307 6
0.080635 26.923249 0.000000 307 6
0.089708 26.874079 0.000000 307 6
0.099285 26.825005 0.000000 307 6
0.109407 26.776040 0.000000 307 6
0.120123 26.727202 0.000000 307 6
0.131483 26.678510 0.000000 307 6
0.143547 26.629987 0.000000 307 6
0.156379 26.581662 0.000000 307 6
0.170052 26.533568 0.000000 307 6
0.184646 26.485745 0.000000 307 6
0.200252 26.438243 0.000000 307 6
0.216970 26.391120 0.000000 307 6
0.234911 26.344450 0.000000 307 6
0.254200 26.298321 0.000000 307 6
0.274972 26.252839 0.000000 307 6
0.297374 26.208139 0.000000 307 6
0.321565 26.164380 0.000000 307 6
0.347709 26.121760 0.000000 307 6
0.375974 26.080516 0.000000 307 6
0.406519 26.040930 0.000000 307 6
0.439482 26.003335 0.000000 307 6
0.474965 25.968108 0.000000 307 6
0.513009 25.935663 0.000000 307 6
0.553574 25.906432 0.000000 307 6
0.596523 25.880830 0.000000 307 6
0.641610 25.859216 0.000000 307 6
0.688497 25.841850 0.000000 307 6
0.736779 25.828855 0.000000 307 6
0.786025 25.820204 0.000000 307 6
0.835824 25.815726 0.000000 307 6
0.885820 25.815131 0.000000 307 6
0.935735 25.818042 0.000000 307 6
0.985374 25.824040 0.000000 307 6
1.034621 25.832687 0.000000 307 6
1.083426 25.843551 0.000000 307 6
1.131796 25.856216 0.000000 307 6
1.179774 25.870291 0.000000 307 6
1.227435 25.885405 0.000000 307 6
1.274872 25.901209 0.000000 307 6
1.322190 25.917363 0.000000 307 6
1.369501 25.933540 0.000000 307 6
1.416915 25.949410 0.000000 307 6
1.464540 25.964637 0.000000 307 6
1.512471 25.978873 0.000000 307 6
1.560784 25.991750 0.000000 307 6
1.609530 26.002880 0.000000 307 6
1.658718 26.011850 0.000000 307 6
1.708310 26.018230 0.000000 307 6
1.758197 26.021581 0.000000 307 6
0.000000 95.547521 0.000000 308 6
0.007176 95.498039 0.000000 308 6
0.014428 95.448567 0.000000 308 6
0.021838 95.399119 0.000000 308 6
0.029411 95.349696 0.000000 308 6
0.037152 95.300299 0.000000 308 6
0.045069 95.250930 0.000000 308 6
0.053168 95.201590 0.000000 308 6
0.061456 95.152282 0.000000 308 6
0.069939 95.103007 0.000000 308 6
0.078626 95.053767 0.000000 308 6
0.087525 95.004566 0.000000 308 6
0.096644 94.955404 0.000000 308 6
0.105992 94.906286 0.000000 308 6
0.115580 94.857214 0.000000 308 6
0.125416 94.808191 0.000000 308 6
0.135513 94.759221 0.000000 308 6
0.145880 94.710307 0.000000 308 6
0.156532 94.661455 0.000000 308 6
0.167479 94.612668 0.000000 308 6
0.178737 94.563952 0.000000 308 6
0.190320 94.515312 0.000000 308 6
0.202243 94.466755 0.000000 308 6
0.214523 94.418286 0.000000 308 6
0.227179 94.369914 0.000000 308 6
0.240228 94.321647 0.000000 308 6
0.253692 94.273494 0.000000 308 6
0.267592 94.225465 0.000000 308 6
0.281952 94.177572 0.000000 308 6
0.296798 94.129826 0.000000 308 6
0.312156 94.082243 0.000000 308 6
0.328055 94.034839 0.000000 308 6
0.344528 93.987630 0.000000 308 6
0.361607 93.940638 0.000000 308 6
0.379330 93.893884 0.000000 308 6
0.397736 93.847395 0.000000 308 6
0.416868 93.801200 0.000000 308 6
0.436771 93.755332 0.000000 308 6
0.457495 93.709829 0.000000 308 6
0.479094 93.664735 0.000000 308 6
0.501624 93.620099 0.000000 308 6
0.525148 93.575978 0.000000 308 6
0.549730 93.532439 0.000000 308 6
0.575442 93.489556 0.000000 308 6
0.602356 93.447418 0.000000 308 6
0.630551 93.406125 0.000000 308 6
0.660106 93.365795 0.000000 308 6
0.691102 93.326562 0.000000 308 6
0.723620 93.288581 0.000000 308 6
0.757736 93.252029 0.000000 308 6
0.793520 93.217107 0.000000 308 6
0.831027 93.184043 0.000000 308 6
0.870294 93.153090 0.000000 308 6
0.911329 93.124522 0.000000 308 6
0.954107 93.098636 0.000000 308 6
0.998554 93.075735 0.000000 308 6
1.044546 93.056121 0.000000 308 6
1.091902 93.040077 0.000000 308 6
1.140383 93.027846 0.000000 308 6
1.189701 93.019618 0.000000 308 6
1.239532 93.015505 0.000000 308 6
0.000000 97.199098 0.000000 309 6
0.005102 97.149359 0.000000 309 6
0.010281 97.099628 0.000000 309 6
0.015622 97.049914 0.000000 309 6
0.021132 97.000218 0.000000 309 6
0.026819 96.950543 0.000000 309 6
0.032691 96.900889 0.000000 309 6
0.038758 96.851258 0.000000 309 6
0.045029 96.801653 0.000000 309 6
0.051515 96.752075 0.000000 309 6
0.058227 96.702528 0.000000 309 6
0.065176 96.653013 0.000000 309 6
0.072376 96.603534 0.000000 309 6
0.079840 96.554095 0.000000 309 6
0.087582 96.504698 0.000000 309 6
0.095618 96.455348 0.000000 309 6
0.103965 96.406049 0.000000 309 6
0.112640 96.356808 0.000000 309 6
0.121662 96.307628 0.000000 309 6
0.131054 96.258518 0.000000 309 6
0.140836 96.209484 0.000000 309 6
0.151032 96.160535 0.000000 309 6
0.161670 96.111680 0.000000 309 6
0.172776 96.062929 0.000000 309 6
0.184381 96.014294 0.000000 309 6
0.196518 95.965790 0.000000 309 6
0.209221 95.917430 0.000000 309 6
0.222528 95.869234 0.000000 309 6
0.236482 95.821220 0.000000 309 6
0.251126 95.773413 0.000000 309 6
0.266507 95.725837 0.000000 309 6
0.282678 95.678525 0.000000 309 6
0.299694 95.631509 0.000000 309 6
0.317614 95.584831 0.000000 309 6
0.336501 95.538535 0.000000 309 6
0.356424 95.492676 0.000000 309 6
0.377453 95.447313 0.000000 309 6
0.399664 95.402517 0.000000 309 6
0.423134 95.358368 0.000000 309 6
0.447942 95.314956 0.000000 309 6
0.474168 95.272387 0.000000 309 6
0.501892 95.230776 0.000000 309 6
0.531187 95.190257 0.000000 309 6
0.562120 95.150975 0.000000 309 6
0.594749 95.113088 0.000000 309 6
0.629113 95.076769 0.000000 309 6
0.665235 95.042197 0.000000 309 6
0.703109 95.009554 0.000000 309 6
0.742704 94.979022 0.000000 309 6
0.783958 94.950771 0.000000 309 6
0.826775 94.924950 0.000000 309 6
0.871030 94.901681 0.000000 309 6
0.916575 94.881049 0.000000 309 6
0.963240 94.863095 0.000000 309 6
1.010848 94.847814 0.000000 309 6
1.059219 94.835157 0.000000 309 6
1.108182 94.825026 0.000000 309 6
1.157580 94.817290 0.000000 309 6
1.207276 94.811783 0.000000 309 6
1.257156 94.808314 0.000000 309 6
1.307129 94.806678 0.000000 309 6
0.000000 98.850674 0.000000 310 6
0.003955 98.800831 0.000000 310 6
0.007980 98.750993 0.000000 310 6
0.012152 98.701168 0.000000 310 6
0.016479 98.651355 0.000000 310 6
0.020969 98.601557 0.000000 310 6
0.025632 98.551775 0.000000 310 6
0.030478 98.502011 0.000000 310 6
0.035518 98.452265 0.000000 310 6
0.040764 98.402541 0.000000 310 6
0.046228 98.352841 0.000000 310 6
0.051924 98.303166 0.000000 310 6
0.057867 98.253521 0.000000 310 6
0.064074 98.203907 0.000000 310 6
0.070561 98.154330 0.000000 310 6
0.077348 98.104793 0.000000 310 6
0.084457 98.055301 0.000000 310 6
0.091909 98.005859 0.000000 310 6
0.099729 97.956475 0.000000 310 6
0.107946 97.907154 0.000000 310 6
0.116589 97.857907 0.000000 310 6
0.125691 97.808742 0.000000 310 6
0.135288 97.759672 0.000000 310 6
0.145421 97.710710 0.000000 310 6
0.156133 97.661870 0.000000 310 6
0.167472 97.613173 0.000000 310 6
0.179493 97.564640 0.000000 310 6
0.192255 97.516296 0.000000 310 6
0.205824 97.468172 0.000000 310 6
0.220271 97.420305 0.000000 310 6
0.235676 97.372737 0.000000 310 6
0.252127 97.325521 0.000000 310 6
0.269721 97.278719 0.000000 310 6
0.288561 97.232404 0.000000 310 6
0.308762 97.186667 0.000000 310 6
0.330444 97.141612 0.000000 310 6
0.353734 97.097368 0.000000 310 6
0.378765 97.054084 0.000000 310 6
0.405667 97.011939 0.000000 310 6
0.434565 96.971135 0.000000 310 6
0.465571 96.931910 0.000000 310 6
0.498769 96.894521 0.000000 310 6
0.534210 96.859252 0.000000 310 6
0.571896 96.826392 0.000000 310 6
0.611768 96.796223 0.000000 310 6
0.653706 96.768997 0.000000 310 6
0.697523 96.744912 0.000000 310 6
0.742982 96.724093 0.000000 310 6
0.789811 96.706570 0.000000 310 6
0.837725 96.692280 0.000000 310 6
0.886451 96.681063 0.000000 310 6
0.935744 96.672681 0.000000 310 6
0.985401 96.666835 0.000000 310 6
1.035267 96.663178 0.000000 310 6
1.085233 96.661341 0.000000 310 6
1.135231 96.660935 0.000000 310 6
1.185227 96.661568 0.000000 310 6
1.235211 96.662847 0.000000 310 6
1.285187 96.664377 0.000000 310 6
1.335168 96.665766 0.000000 310 6
1.385161 96.666618 0.000000 310 6
0.000000 75.376688 0.000000 311 6
0.004297 75.326873 0.000000 311 6
0.008678 75.277066 0.000000 311 6
0.013232 75.227273 0.000000 311 6
0.017970 75.177498 0.000000 311 6
0.022904 75.127743 0.000000 311 6
0.028047 75.078008 0.000000 311 6
0.033410 75.028296 0.000000 311 6
0.039010 74.978611 0.000000 311 6
0.044862 74.928954 0.000000 311 6
0.050983 74.879330 0.000000 311 6
0.057392 74.829743 0.000000 311 6
0.064109 74.780196 0.000000 311 6
0.071158 74.730695 0.000000 311 6
0.078562 74.681247 0.000000 311 6
0.086350 74.631857 0.000000 311 6
0.094551 74.582534 0.000000 311 6
0.103199 74.533288 0.000000 311 6
0.112329 74.484128 0.000000 311 6
0.121984 74.435069 0.000000 311 6
0.132207 74.386126 0.000000 311 6
0.143049 74.337315 0.000000 311 6
0.154566 74.288660 0.000000 311 6
0.166819 74.240184 0.000000 311 6
0.179877 74.191920 0.000000 311 6
0.193819 74.143903 0.000000 311 6
0.208729 74.096178 0.000000 311 6
0.224704 74.048798 0.000000 311 6
0.241849 74.001830 0.000000 311 6
0.260282 73.955352 0.000000 311 6
0.280133 73.909461 0.000000 311 6
0.301540 73.864275 0.000000 311 6
0.324656 73.819939 0.000000 311 6
0.349637 73.776628 0.000000 311 6
0.376646 73.734550 0.000000 311 6
0.405838 73.693956 0.000000 311 6
0.437354 73.655140 0.000000 311 6
0.471304 73.618433 0.000000 311 6
0.507752 73.584205 0.000000 311 6
0.546691 73.552840 0.000000 311 6
0.588030 73.524714 0.000000 311 6
0.631588 73.500164 0.000000 311 6
0.677093 73.479444 0.000000 311 6
0.724204 73.462695 0.000000 311 6
0.772546 73.449927 0.000000 311 6
0.821746 73.441014 0.000000 311 6
0.871464 73.435712 0.000000 311 6
0.921422 73.433685 0.000000 311 6
0.971415 73.434537 0.000000 311 6
1.021306 73.437842 0.000000 311 6
1.071022 73.443161 0.000000 311 6
1.120544 73.450059 0.000000 311 6
1.169892 73.458110 0.000000 311 6
1.219113 73.466899 0.000000 311 6
1.268274 73.476021 0.000000 311 6
1.317448 73.485073 0.000000 311 6
1.366706 73.493653 0.000000 311 6
1.416110 73.501352 0.000000 311 6
1.465699 73.507751 0.000000 311 6
1.515480 73.512422 0.000000 311 6
1.565417 73.514926 0.000000 311 6
0.000000 57.461528 0.000000 312 6
0.004832 57.411762 0.000000 312 6
0.009762 57.362006 0.000000 312 6
0.014899 57.312270 0.000000 312 6
0.020256 57.262558 0.000000 312 6
0.025846 57.212872 0.000000 312 6
0.031687 57.163214 0.000000 312 6
0.037794 57.113588 0.000000 312 6
0.044187 57.063999 0.000000 312 6
0.050886 57.014450 0.000000 312 6
0.057913 56.964946 0.000000 312 6
0.065293 56.915493 0.000000 312 6
0.073053 56.866099 0.000000 312 6
0.081223 56.816771 0.000000 312 6
0.089836 56.767519 0.000000 312 6
0.098928 56.718352 0.000000 312 6
0.108541 56.669285 0.000000 312 6
0.118717 56.620332 0.000000 312 6
0.129509 56.571510 0.000000 312 6
0.140971 56.522842 0.000000 312 6
0.153167 56.474352 0.000000 312 6
0.166164 56.426071 0.000000 312 6
0.180042 56.378035 0.000000 312 6
0.194888 56.330290 0.000000 312 6
0.210798 56.282889 0.000000 312 6
0.227882 56.235898 0.000000 312 6
0.246260 56.189398 0.000000 312 6
0.266065 56.143488 0.000000 312 6
0.287444 56.098289 0.000000 312 6
0.310556 56.053951 0.000000 312 6
0.335569 56.010657 0.000000 312 6
0.362654 55.968629 0.000000 312 6
0.391984 55.928135 0.000000 312 6
0.423713 55.889492 0.000000 312 6
0.457968 55.853069 0.000000 312 6
0.494819 55.819276 0.000000 312 6
0.534265 55.788551 0.000000 312 6
0.576205 55.761330 0.000000 312 6
0.620431 55.738004 0.000000 312 6
0.666628 55.718876 0.000000 312 6
0.714401 55.704120 0.000000 312 6
0.763314 55.693753 0.000000 312 6
0.812939 55.687637 0.000000 312 6
0.862893 55.685499 0.000000 312 6
0.912871 55.686971 0.000000 312 6
0.962654 55.691623 0.000000 312 6
1.012107 55.699002 0.000000 312 6
1.061166 55.708654 0.000000 312 6
1.109829 55.720141 0.000000 312 6
1.158135 55.733045 0.000000 312 6
1.206157 55.746970 0.000000 312 6
1.253988 55.761538 0.000000 312 6
1.301733 55.776384 0.000000 312 6
1.349503 55.791150 0.000000 312 6
1.397407 55.805474 0.000000 312 6
1.445546 55.818986 0.000000 312 6
1.494006 55.831302 0.000000 312 6
1.542845 55.842015 0.000000 312 6
1.592085 55.850699 0.000000 312 6
1.641698 55.856905 0.000000 312 6
1.691591 55.860179 0.000000 312 6
0.000000 43.792905 0.000000 313 6
0.005566 43.743216 0.000000 313 6
0.011248 43.693540 0.000000 313 6
0.017177 43.643893 0.000000 313 6
0.023370 43.594277 0.000000 313 6
0.029843 43.544698 0.000000 313 6
0.036617 43.495159 0.000000 313 6
0.043712 43.445665 0.000000 313 6
0.051153 43.396222 0.000000 313 6
0.058965 43.346836 0.000000 313 6
0.067177 43.297515 0.000000 313 6
0.075818 43.248267 0.000000 313 6
0.084925 43.199104 0.000000 313 6
0.094535 43.150036 0.000000 313 6
0.104689 43.101078 0.000000 313 6
0.115436 43.052246 0.000000 313 6
0.126827 43.003561 0.000000 313 6
0.138919 42.955046 0.000000 313 6
0.151778 42.906727 0.000000 313 6
0.165476 42.858640 0.000000 313 6
0.180093 42.810825 0.000000 313 6
0.195719 42.763329 0.000000 313 6
0.212454 42.716213 0.000000 313 6
0.230410 42.669548 0.000000 313 6
0.249710 42.623423 0.000000 313 6
0.270489 42.577945 0.000000 313 6
0.292895 42.533247 0.000000 313 6
0.317087 42.489489 0.000000 313 6
0.343231 42.446869 0.000000 313 6
0.371495 42.405624 0.000000 313 6
0.402040 42.366038 0.000000 313 6
0.435008 42.328447 0.000000 313 6
0.470503 42.293232 0.000000 313 6
0.508571 42.260815 0.000000 313 6
0.549174 42.231636 0.000000 313 6
0.592175 42.206124 0.000000 313 6
0.637329 42.184650 0.000000 313 6
0.684291 42.167488 0.000000 313 6
0.732648 42.154775 0.000000 313 6
0.781958 42.146493 0.000000 313 6
0.831796 42.142475 0.000000 313 6
0.881796 42.142431 0.000000 313 6
0.931669 42.145984 0.000000 313 6
0.981215 42.152712 0.000000 313 6
1.030311 42.162174 0.000000 313 6
1.078908 42.173938 0.000000 313 6
1.127008 42.187589 0.000000 313 6
1.174658 42.202739 0.000000 313 6
1.221931 42.219025 0.000000 313 6
1.268924 42.236103 0.000000 313 6
1.315744 42.253650 0.000000 313 6
1.362506 42.271350 0.000000 313 6
1.409328 42.288893 0.000000 313 6
1.456324 42.305962 0.000000 313 6
1.503603 42.322232 0.000000 313 6
1.551258 42.337363 0.000000 313 6
1.599366 42.350989 0.000000 313 6
1.647970 42.362721 0.000000 313 6
1.697074 42.372145 0.000000 313 6
1.746625 42.378829 0.000000 313 6
1.796502 42.382331 0.000000 313 6
0.000000 33.367248 0.000000 314 6
0.006524 33.317675 0.000000 314 6
0.013188 33.268121 0.000000 314 6
0.020148 33.218608 0.000000 314 6
0.027425 33.169141 0.000000 314 6
0.035040 33.119724 0.000000 314 6
0.043017 33.070364 0.000000 314 6
0.051383 33.021069 0.000000 314 6
0.060167 32.971847 0.000000 314 6
0.069400 32.922707 0.000000 314 6
0.079118 32.873660 0.000000 314 6
0.089359 32.824720 0.000000 314 6
0.100165 32.775902 0.000000 314 6
0.111584 32.727223 0.000000 314 6
0.123667 32.678705 0.000000 314 6
0.136474 32.630373 0.000000 314 6
0.150067 32.582256 0.000000 314 6
0.164518 32.534390 0.000000 314 6
0.179906 32.486817 0.000000 314 6
0.196319 32.439588 0.000000 314 6
0.213855 32.392764 0.000000 314 6
0.232619 32.346418 0.000000 314 6
0.252731 32.300641 0.000000 314 6
0.274318 32.255541 0.000000 314 6
0.297518 32.211250 0.000000 314 6
0.322479 32.167926 0.000000 314 6
0.349351 32.125761 0.000000 314 6
0.378287 32.084984 0.000000 314 6
0.409428 32.045866 0.000000 314 6
0.442897 32.008721 0.000000 314 6
0.478781 31.973902 0.000000 314 6
0.517113 31.941798 0.000000 314 6
0.557853 31.912810 0.000000 314 6
0.600873 31.887329 0.000000 314 6
0.645952 31.865699 0.000000 314 6
0.692782 31.848178 0.000000 314 6
0.740989 31.834911 0.000000 314 6
0.790172 31.825908 0.000000 314 6
0.839935 31.821047 0.000000 314 6
0.889926 31.820095 0.000000 314 6
0.939857 31.822732 0.000000 314 6
0.989513 31.828586 0.000000 314 6
1.038754 31.837263 0.000000 314 6
1.087506 31.848366 0.000000 314 6
1.135746 31.861513 0.000000 314 6
1.183497 31.876342 0.000000 314 6
1.230810 31.892512 0.000000 314 6
1.277760 31.909708 0.000000 314 6
1.324437 31.927630 0.000000 314 6
1.370943 31.945994 0.000000 314 6
1.417382 31.964526 0.000000 314 6
1.463862 31.982953 0.000000 314 6
1.510491 32.001002 0.000000 314 6
1.557370 32.018391 0.000000 314 6
1.604592 32.034826 0.000000 314 6
1.652236 32.049993 0.000000 314 6
1.700360 32.063559 0.000000 314 6
1.748994 32.075167 0.000000 314 6
1.798127 32.084439 0.000000 314 6
1.847697 32.090980 0.000000 314 6
1.897581 32.094393 0.000000 314 6
0.000000 47.837964 0.000000 315 6
0.010167 47.886920 0.000000 315 6
0.020591 47.935821 0.000000 315 6
0.031562 47.984603 0.000000 315 6
0.043124 48.033247 0.000000 315 6
0.055326 48.081736 0.000000 315 6
0.068222 48.130044 0.000000 315 6
0.081871 48.178145 0.000000 315 6
0.096341 48.226006 0.000000 315 6
0.111704 48.273587 0.000000 315 6
0.128043 48.320842 0.000000 315 6
0.145448 48.367714 0.000000 315 6
0.164021 48.414137 0.000000 315 6
0.183873 48.460027 0.000000 315 6
0.205126 48.505285 0.000000 315 6
0.227914 48.549791 0.000000 315 6
0.252379 48.593396 0.000000 315 6
0.278673 48.635924 0.000000 315 6
0.306953 48.677158 0.000000 315 6
0.337374 48.716839 0.000000 315 6
0.370076 48.754662 0.000000 315 6
0.405179 48.790268 0.000000 315 6
0.442755 48.823253 0.000000 315 6
0.482812 48.853177 0.000000 315 6
0.525270 48.879584 0.000000 315 6
0.569946 48.902035 0.000000 315 6
0.616547 48.920156 0.000000 315 6
0.664684 48.933676 0.000000 315 6
0.713906 48.942466 0.000000 315 6
0.763738 48.946551 0.000000 315 6
0.813736 48.946106 0.000000 315 6
0.863517 48.941423 0.000000 315 6
0.912780 48.932873 0.000000 315 6
0.961317 48.920867 0.000000 315 6
1.009002 48.905827 0.000000 315 6
1.055775 48.888156 0.000000 315 6
1.101634 48.868232 0.000000 315 6
1.146614 48.846397 0.000000 315 6
1.190780 48.822957 0.000000 315 6
1.234213 48.798188 0.000000 315 6
1.277010 48.772333 0.000000 315 6
1.319270 48.745612 0.000000 315 6
1.361101 48.718222 0.000000 315 6
1.402610 48.690348 0.000000 315 6
1.443907 48.662159 0.000000 315 6
1.485100 48.633820 0.000000 315 6
1.526301 48.605491 0.000000 315 6
1.567617 48.577332 0.000000 315 6
1.609160 48.549507 0.000000 315 6
1.651037 48.522189 0.000000 315 6
1.693357 48.495562 0.000000 315 6
1.736226 48.469826 0.000000 315 6
1.779743 48.445205 0.000000 315 6
1.824004 48.421946 0.000000 315 6
1.869088 48.400325 0.000000 315 6
1.915056 48.380656 0.000000 315 6
1.961942 48.363284 0.000000 315 6
2.009734 48.348590 0.000000 315 6
2.058368 48.336982 0.000000 315 6
2.107707 48.328880 0.000000 315 6
2.157531 48.324693 0.000000 315 6
0.000000 65.022635 0.000000 316 6
0.011376 65.071324 0.000000 316 6
0.023036 65.119945 0.000000 316 6
0.035300 65.168418 0.000000 316 6
0.048216 65.216721 0.000000 316 6
0.061836 65.264830 0.000000 316 6
0.076217 65.312717 0.000000 316 6
0.091423 65.360349 0.000000 316 6
0.107523 65.407686 0.000000 316 6
0.124593 65.454682 0.000000 316 6
0.142719 65.501280 0.000000 316 6
0.161993 65.547416 0.000000 316 6
0.182515 65.593011 0.000000 316 6
0.204395 65.637969 0.000000 316 6
0.227751 65.682179 0.000000 316 6
0.252707 65.725505 0.000000 316 6
0.279395 65.767787 0.000000 316 6
0.307946 65.808834 0.000000 316 6
0.338490 65.848420 0.000000 316 6
0.371145 65.886284 0.000000 316 6
0.406008 65.922124 0.000000 316 6
0.443143 65.955606 0.000000 316 6
0.482562 65.986365 0.000000 316 6
0.524215 66.014024 0.000000 316 6
0.567974 66.038215 0.000000 316 6
0.613626 66.058608 0.000000 316 6
0.660882 66.074943 0.000000 316 6
0.709394 66.087054 0.000000 316 6
0.758775 66.094892 0.000000 316 6
0.808643 66.098526 0.000000 316 6
0.858641 66.098131 0.000000 316 6
0.908468 66.093964 0.000000 316 6
0.957883 66.086340 0.000000 316 6
1.006717 66.075604 0.000000 316 6
1.054860 66.062105 0.000000 316 6
1.102259 66.046188 0.000000 316 6
1.148901 66.028175 0.000000 316 6
1.194810 66.008365 0.000000 316 6
1.240031 65.987033 0.000000 316 6
1.284628 65.964426 0.000000 316 6
1.328678 65.940770 0.000000 316 6
1.372265 65.916272 0.000000 316 6
1.415479 65.891121 0.000000 316 6
1.458412 65.865494 0.000000 316 6
1.501159 65.839557 0.000000 316 6
1.543816 65.813473 0.000000 316 6
1.586478 65.787398 0.000000 316 6
1.629243 65.761490 0.000000 316 6
1.672205 65.735912 0.000000 316 6
1.715459 65.710830 0.000000 316 6
1.759098 65.686424 0.000000 316 6
1.803210 65.662885 0.000000 316 6
1.847879 65.640420 0.000000 316 6
1.893180 65.619259 0.000000 316 6
1.939176 65.599652 0.000000 316 6
1.985910 65.581877 0.000000 316 6
2.033400 65.566236 0.000000 316 6
2.081631 65.553055 0.000000 316 6
2.130543 65.542678 0.000000 316 6
2.180018 65.535456 0.000000 316 6
2.229880 65.531731 0.000000 316 6
0.000000 88.348423 0.000000 317 6
0.016537 88.395609 0.000000 317 6
0.033461 88.442658 0.000000 317 6
0.051202 88.489405 0.000000 317 6
0.069816 88.535811 0.000000 317 6
0.089359 88.581833 0.000000 317 6
0.109895 88.627421 0.000000 317 6
0.131490 88.672518 0.000000 317 6
0.154212 88.717056 0.000000 317 6
0.178135 88.760962 0.000000 317 6
0.203333 88.804148 0.000000 317 6
0.229882 88.846517 0.000000 317 6
0.257860 88.887957 0.000000 317 6
0.287341 88.928341 0.000000 317 6
0.318395 88.967528 0.000000 317 6
0.351084 89.005362 0.000000 317 6
0.385460 89.041671 0.000000 317 6
0.421558 89.076268 0.000000 317 6
0.459391 89.108957 0.000000 317 6
0.498950 89.139537 0.000000 317 6
0.540194 89.167803 0.000000 317 6
0.583048 89.193562 0.000000 317 6
0.627405 89.216637 0.000000 317 6
0.673125 89.236877 0.000000 317 6
0.720040 89.254168 0.000000 317 6
0.767961 89.268438 0.000000 317 6
0.816684 89.279666 0.000000 317 6
0.866005 89.287875 0.000000 317 6
0.915728 89.293136 0.000000 317 6
0.965669 89.295563 0.000000 317 6
1.015668 89.295299 0.000000 317 6
1.065590 89.292516 0.000000 317 6
1.115328 89.287400 0.000000 317 6
1.164799 89.280149 0.000000 317 6
1.213948 89.270962 0.000000 317 6
1.262740 89.260039 0.000000 317 6
1.311161 89.247572 0.000000 317 6
1.359213 89.233749 0.000000 317 6
1.406910 89.218749 0.000000 317 6
1.454278 89.202741 0.000000 317 6
1.501352 89.185888 0.000000 317 6
1.548173 89.168344 0.000000 317 6
1.594787 89.150258 0.000000 317 6
1.641244 89.131771 0.000000 317 6
1.687595 89.113022 0.000000 317 6
1.733896 89.094146 0.000000 317 6
1.780200 89.075279 0.000000 317 6
1.826561 89.056555 0.000000 317 6
1.873034 89.038109 0.000000 317 6
1.919671 89.020080 0.000000 317 6
1.966520 89.002613 0.000000 317 6
2.013628 88.985854 0.000000 317 6
2.061035 88.969960 0.000000 317 6
2.108773 88.955093 0.000000 317 6
2.156869 88.941425 0.000000 317 6
2.205335 88.929136 0.000000 317 6
2.254172 88.918413 0.000000 317 6
2.303362 88.909451 0.000000 317 6
2.352869 88.902448 0.000000 317 6
2.402634 88.897606 0.000000 317 6
2.452572 88.895119 0.000000 317 6
0.000000 90.000000 0.000000 318 6
0.050000 90.000000 0.000000 318 6
0.100000 90.000000 0.000000 318 6
0.150000 90.000000 0.000000 318 6
0.200000 90.000000 0.000000 318 6
0.250000 90.000000 0.000000 318 6
0.300000 90.000000 0.000000 318 6
0.350000 90.000000 0.000000 318 6
0.400000 90.000000 0.000000 318 6
0.450000 90.000000 0.000000 318 6
0.500000 90.000000 0.000000 318 6
0.550000 90.000000 0.000000 318 6
0.600000 90.000000 0.000000 318 6
0.650000 90.000000 0.000000 318 6
0.700000 90.000000 0.000000 318 6
0.750000 90.000000 0.000000 318 6
0.800000 90.000000 0.000000 318 6
0.850000 90.000000 0.000000 318 6
0.900000 90.000000 0.000000 318 6
0.950000 90.000000 0.000000 318 6
1.000000 90.000000 0.000000 318 6
1.050000 90.000000 0.000000 318 6
1.100000 90.000000 0.000000 318 6
1.150000 90.000000 0.000000 318 6
1.200000 90.000000 0.000000 318 6
1.250000 90.000000 0.000000 318 6
1.300000 90.000000 0.000000 318 6
1.350000 90.000000 0.000000 318 6
1.400000 90.000000 0.000000 318 6
1.450000 90.000000 0.000000 318 6
1.500000 90.000000 0.000000 318 6
1.550000 90.000000 0.000000 318 6
1.600000 90.000000 0.000000 318 6
1.650000 90.000000 0.000000 318 6
1.700000 90.000000 0.000000 318 6
1.750000 90.000000 0.000000 318 6
1.800000 90.000000 0.000000 318 6
1.850000 90.000000 0.000000 318 6
1.900000 90.000000 0.000000 318 6
1.950000 90.000000 0.000000 318 6
2.000000 90.000000 0.000000 318 6
2.050000 90.000000 0.000000 318 6
2.100000 90.000000 0.000000 318 6
2.150000 90.000000 0.000000 318 6
2.200000 90.000000 0.000000 318 6
2.250000 90.000000 0.000000 318 6
2.300000 90.000000 0.000000 318 6
2.350000 90.000000 0.000000 318 6
2.400000 90.000000 0.000000 318 6
2.450000 90.000000 0.000000 318 6
2.500000 90.000000 0.000000 318 6
2.550000 90.000000 0.000000 318 6
2.600000 90.000000 0.000000 318 6
2.650000 90.000000 0.000000 318 6
2.700000 90.000000 0.000000 318 6
2.750000 90.000000 0.000000 318 6
2.800000 90.000000 0.000000 318 6
2.850000 90.000000 0.000000 318 6
2.900000 90.000000 0.000000 318 6
2.950000 90.000000 0.000000 318 6
3.000000 90.000000 0.000000 318 6
0.000000 91.651577 0.000000 319 6
0.016537 91.604391 0.000000 319 6
0.033461 91.557342 0.000000 319 6
0.051202 91.510595 0.000000 319 6
0.069816 91.464189 0.000000 319 6
0.089359 91.418167 0.000000 319 6
0.109895 91.372579 0.000000 319 6
0.131490 91.327482 0.000000 319 6
0.154212 91.282944 0.000000 319 6
0.178135 91.239038 0.000000 319 6
0.203333 91.195852 0.000000 319 6
0.229882 91.153483 0.000000 319 6
0.257860 91.112043 0.000000 319 6
0.287341 91.071659 0.000000 319 6
0.318395 91.032472 0.000000 319 6
0.351084 90.994638 0.000000 319 6
0.385460 90.958329 0.000000 319 6
0.421558 90.923732 0.000000 319 6
0.459391 90.891043 0.000000 319 6
0.498950 90.860463 0.000000 319 6
0.540194 90.832197 0.000000 319 6
0.583048 90.806438 0.000000 319 6
0.627405 90.783363 0.000000 319 6
0.673125 90.763123 0.000000 319 6
0.720040 90.745832 0.000000 319 6
0.767961 90.731562 0.000000 319 6
0.816684 90.720334 0.000000 319 6
0.866005 90.712125 0.000000 319 6
0.915728 90.706864 0.000000 319 6
0.965669 90.704437 0.000000 319 6
1.015668 90.704701 0.000000 319 6
1.065590 90.707484 0.000000 319 6
1.115328 90.712600 0.000000 319 6
1.164799 90.719851 0.000000 319 6
1.213948 90.729038 0.000000 319 6
1.262740 90.739961 0.000000 319 6
1.311161 90.752428 0.000000 319 6
1.359213 90.766251 0.000000 319 6
1.406910 90.781251 0.000000 319 6
1.454278 90.797259 0.000000 319 6
1.501352 90.814112 0.000000 319 6
1.548173 90.831656 0.000000 319 6
1.594787 90.849742 0.000000 319 6
1.641244 90.868229 0.000000 319 6
1.687595 90.886978 0.000000 319 6
1.733896 90.905854 0.000000 319 6
1.780200 90.924721 0.000000 319 6
1.826561 90.943445 0.000000 319 6
1.873034 90.961891 0.000000 319 6
1.919671 90.979920 0.000000 319 6
1.966520 90.997387 0.000000 319 6
2.013628 91.014146 0.000000 319 6
2.061035 91.030040 0.000000 319 6
2.108773 91.044907 0.000000 319 6
2.156869 91.058575 0.000000 319 6
2.205335 91.070864 0.000000 319 6
2.254172 91.081587 0.000000 319 6
2.303362 91.090549 0.000000 319 6
2.352869 91.097552 0.000000 319 6
2.402634 91.102394 0.000000 319 6
2.452572 91.104881 0.000000 319 6
0.000000 69.977365 0.000000 320 6
0.011376 69.928676 0.000000 320 6
0.023036 69.880055 0.000000 320 6
0.035300 69.831582 0.000000 320 6
0.048216 69.783279 0.000000 320 6
0.061836 69.735170 0.000000 320 6
0.076217 69.687283 0.000000 320 6
0.091423 69.639651 0.000000 320 6
0.107523 69.592314 0.000000 320 6
0.124593 69.545318 0.000000 320 6
0.142719 69.498720 0.000000 320 6
0.161993 69.452584 0.000000 320 6
0.182515 69.406989 0.000000 320 6
0.204395 69.362031 0.000000 320 6
0.227751 69.317821 0.000000 320 6
0.252707 69.274495 0.000000 320 6
0.279395 69.232213 0.000000 320 6
0.307946 69.191166 0.000000 320 6
0.338490 69.151580 0.000000 320 6
0.371145 69.113716 0.000000 320 6
0.406008 69.077876 0.000000 320 6
0.443143 69.044394 0.000000 320 6
0.482562 69.013635 0.000000 320 6
0.524215 68.985976 0.000000 320 6
0.567974 68.961785 0.000000 320 6
0.613626 68.941392 0.000000 320 6
0.660882 68.925057 0.000000 320 6
0.709394 68.912946 0.000000 320 6
0.758775 68.905108 0.000000 320 6
0.808643 68.901474 0.000000 320 6
0.858641 68.901869 0.000000 320 6
0.908468 68.906036 0.000000 320 6
0.957883 68.913660 0.000000 320 6
1.006717 68.924396 0.000000 320 6
1.054860 68.937895 0.000000 320 6
1.102259 68.953812 0.000000 320 6
1.148901 68.971825 0.000000 320 6
1.194810 68.991635 0.000000 320 6
1.240031 69.012967 0.000000 320 6
1.284628 69.035574 0.000000 320 6
1.328678 69.059230 0.000000 320 6
1.372265 69.083728 0.000000 320 6
1.415479 69.108879 0.000000 320 6
1.458412 69.134506 0.000000 320 6
1.501159 69.160443 0.000000 320 6
1.543816 69.186527 0.000000 320 6
1.586478 69.212602 0.000000 320 6
1.629243 69.238510 0.000000 320 6
1.672205 69.264088 0.000000 320 6
1.715459 69.289170 0.000000 320 6
1.759098 69.313576 0.000000 320 6
1.803210 69.337115 0.000000 320 6
1.847879 69.359580 0.000000 320 6
1.893180 69.380741 0.000000 320 6
1.939176 69.400348 0.000000 320 6
1.985910 69.418123 0.000000 320 6
2.033400 69.433764 0.000000 320 6
2.081631 69.446945 0.000000 320 6
2.130543 69.457322 0.000000 320 6
2.180018 69.464544 0.000000 320 6
2.229880 69.468269 0.000000 320 6
0.000000 53.412036 0.000000 321 6
0.010167 53.363080 0.000000 321 6
0.020591 53.314179 0.000000 321 6
0.031562 53.265397 0.000000 321 6
0.043124 53.216753 0.000000 321 6
0.055326 53.168264 0.000000 321 6
0.068222 53.119956 0.000000 321 6
0.081871 53.071855 0.000000 321 6
0.096341 53.023994 0.000000 321 6
0.111704 52.976413 0.000000 321 6
0.128043 52.929158 0.000000 321 6
0.145448 52.882286 0.000000 321 6
0.164021 52.835863 0.000000 321 6
0.183873 52.789973 0.000000 321 6
0.205126 52.744715 0.000000 321 6
0.227914 52.700209 0.000000 321 6
0.252379 52.656604 0.000000 321 6
0.278673 52.614076 0.000000 321 6
0.306953 52.572842 0.000000 321 6
0.337374 52.533161 0.000000 321 6
0.370076 52.495338 0.000000 321 6
0.405179 52.459732 0.000000 321 6
0.442755 52.426747 0.000000 321 6
0.482812 52.396823 0.000000 321 6
0.525270 52.370416 0.000000 321 6
0.569946 52.347965 0.000000 321 6
0.616547 52.329844 0.000000 321 6
0.664684 52.316324 0.000000 321 6
0.713906 52.307534 0.000000 321 6
0.763738 52.303449 0.000000 321 6
0.813736 52.303894 0.000000 321 6
0.863517 52.308577 0.000000 321 6
0.912780 52.317127 0.000000 321 6
0.961317 52.329133 0.000000 321 6
1.009002 52.344173 0.000000 321 6
1.055775 52.361844 0.000000 321 6
1.101634 52.381768 0.000000 321 6
1.146614 52.403603 0.000000 321 6
1.190780 52.427043 0.000000 321 6
1.234213 52.451812 0.000000 321 6
1.277010 52.477667 0.000000 321 6
1.319270 52.504388 0.000000 321 6
1.361101 52.531778 0.000000 321 6
1.402610 52.559652 0.000000 321 6
1.443907 52.587841 0.000000 321 6
1.485100 52.616180 0.000000 321 6
1.526301 52.644509 0.000000 321 6
1.567617 52.672668 0.000000 321 6
1.609160 52.700493 0.000000 321 6
1.651037 52.727811 0.000000 321 6
1.693357 52.754438 0.000000 321 6
1.736226 52.780174 0.000000 321 6
1.779743 52.804795 0.000000 321 6
1.824004 52.828054 0.000000 321 6
1.869088 52.849675 0.000000 321 6
1.915056 52.869344 0.000000 321 6
1.961942 52.886716 0.000000 321 6
2.009734 52.901410 0.000000 321 6
2.058368 52.913018 0.000000 321 6
2.107707 52.921120 0.000000 321 6
2.157531 52.925307 0.000000 321 6
0.000000 23.585877 0.000000 322 6
0.006524 23.635450 0.000000 322 6
0.013188 23.685004 0.000000 322 6
0.020148 23.734517 0.000000 322 6
0.027425 23.783984 0.000000 322 6
0.035040 23.833401 0.000000 322 6
0.043017 23.882761 0.000000 322 6
0.051383 23.932056 0.000000 322 6
0.060167 23.981278 0.000000 322 6
0.069400 24.030418 0.000000 322 6
0.079118 24.079465 0.000000 322 6
0.089359 24.128405 0.000000 322 6
0.100165 24.177223 0.000000 322 6
0.111584 24.225902 0.000000 322 6
0.123667 24.274420 0.000000 322 6
0.136474 24.322752 0.000000 322 6
0.150067 24.370869 0.000000 322 6
0.164518 24.418735 0.000000 322 6
0.179906 24.466308 0.000000 322 6
0.196319 24.513537 0.000000 322 6
0.213855 24.560361 0.000000 322 6
0.232619 24.606707 0.000000 322 6
0.252731 24.652484 0.000000 322 6
0.274318 24.697584 0.000000 322 6
0.297518 24.741875 0.000000 322 6
0.322479 24.785199 0.000000 322 6
0.349351 24.827364 0.000000 322 6
0.378287 24.868141 0.000000 322 6
0.409428 24.907259 0.000000 322 6
0.442897 24.944404 0.000000 322 6
0.478781 24.979223 0.000000 322 6
0.517113 25.011327 0.000000 322 6
0.557853 25.040315 0.000000 322 6
0.600873 25.065796 0.000000 322 6
0.645952 25.087426 0.000000 322 6
0.692782 25.104947 0.000000 322 6
0.740989 25.118214 0.000000 322 6
0.790172 25.127217 0.000000 322 6
0.839935 25.132078 0.000000 322 6
0.889926 25.133030 0.000000 322 6
0.939857 25.130393 0.000000 322 6
0.989513 25.124539 0.000000 322 6
1.038754 25.115862 0.000000 322 6
1.087506 25.104759 0.000000 322 6
1.135746 25.091612 0.000000 322 6
1.183497 25.076783 0.000000 322 6
1.230810 25.060613 0.000000 322 6
1.277760 25.043417 0.000000 322 6
1.324437 25.025495 0.000000 322 6
1.370943 25.007131 0.000000 322 6
1.417382 24.988599 0.000000 322 6
1.463862 24.970172 0.000000 322 6
1.510491 24.952123 0.000000 322 6
1.557370 24.934734 0.000000 322 6
1.604592 24.918299 0.000000 322 6
1.652236 24.903132 0.000000 322 6
1.700360 24.889566 0.000000 322 6
1.748994 24.877958 0.000000 322 6
1.798127 24.868686 0.000000 322 6
1.847697 24.862145 0.000000 322 6
1.897581 24.858732 0.000000 322 6
0.000000 32.144595 0.000000 323 6
0.005566 32.194284 0.000000 323 6
0.011248 32.243960 0.000000 323 6
0.017177 32.293607 0.000000 323 6
0.023370 32.343223 0.000000 323 6
0.029843 32.392802 0.000000 323 6
0.036617 32.442341 0.000000 323 6
0.043712 32.491835 0.000000 323 6
0.051153 32.541278 0.000000 323 6
0.058965 32.590664 0.000000 323 6
0.067177 32.639985 0.000000 323 6
0.075818 32.689233 0.000000 323 6
0.084925 32.738396 0.000000 323 6
0.094535 32.787464 0.000000 323 6
0.104689 32.836422 0.000000 323 6
0.115436 32.885254 0.000000 323 6
0.126827 32.933939 0.000000 323 6
0.138919 32.982454 0.000000 323 6
0.151778 33.030773 0.000000 323 6
0.165476 33.078860 0.000000 323 6
0.180093 33.126675 0.000000 323 6
0.195719 33.174171 0.000000 323 6
0.212454 33.221287 0.000000 323 6
0.230410 33.267952 0.000000 323 6
0.249710 33.314077 0.000000 323 6
0.270489 33.359555 0.000000 323 6
0.292895 33.404253 0.000000 323 6
0.317087 33.448011 0.000000 323 6
0.343231 33.490631 0.000000 323 6
0.371495 33.531876 0.000000 323 6
0.402040 33.571462 0.000000 323 6
0.435008 33.609053 0.000000 323 6
0.470503 33.644268 0.000000 323 6
0.508571 33.676685 0.000000 323 6
0.549174 33.705864 0.000000 323 6
0.592175 33.731376 0.000000 323 6
0.637329 33.752850 0.000000 323 6
0.684291 33.770012 0.000000 323 6
0.732648 33.782725 0.000000 323 6
0.781958 33.791007 0.000000 323 6
0.831796 33.795025 0.000000 323 6
0.881796 33.795069 0.000000 323 6
0.931669 33.791516 0.000000 323 6
0.981215 33.784788 0.000000 323 6
1.030311 33.775326 0.000000 323 6
1.078908 33.763562 0.000000 323 6
1.127008 33.749911 0.000000 323 6
1.174658 33.734761 0.000000 323 6
1.221931 33.718475 0.000000 323 6
1.268924 33.701397 0.000000 323 6
1.315744 33.683850 0.000000 323 6
1.362506 33.666150 0.000000 323 6
1.409328 33.648607 0.000000 323 6
1.456324 33.631538 0.000000 323 6
1.503603 33.615268 0.000000 323 6
1.551258 33.600137 0.000000 323 6
1.599366 33.586511 0.000000 323 6
1.647970 33.574779 0.000000 323 6
1.697074 33.565355 0.000000 323 6
1.746625 33.558671 0.000000 323 6
1.796502 33.555169 0.000000 323 6
0.000000 43.788472 0.000000 324 6
0.004832 43.838238 0.000000 324 6
0.009762 43.887994 0.000000 324 6
0.014899 43.937730 0.000000 324 6
0.020256 43.987442 0.000000 324 6
0.025846 44.037128 0.000000 324 6
0.031687 44.086786 0.000000 324 6
0.037794 44.136412 0.000000 324 6
0.044187 44.186001 0.000000 324 6
0.050886 44.235550 0.000000 324 6
0.057913 44.285054 0.000000 324 6
0.065293 44.334507 0.000000 324 6
0.073053 44.383901 0.000000 324 6
0.081223 44.433229 0.000000 324 6
0.089836 44.482481 0.000000 324 6
0.098928 44.531648 0.000000 324 6
0.108541 44.580715 0.000000 324 6
0.118717 44.629668 0.000000 324 6
0.129509 44.678490 0.000000 324 6
0.140971 44.727158 0.000000 324 6
0.153167 44.775648 0.000000 324 6
0.166164 44.823929 0.000000 324 6
0.180042 44.871965 0.000000 324 6
0.194888 44.919710 0.000000 324 6
0.210798 44.967111 0.000000 324 6
0.227882 45.014102 0.000000 324 6
0.246260 45.060602 0.000000 324 6
0.266065 45.106512 0.000000 324 6
0.287444 45.151711 0.000000 324 6
0.310556 45.196049 0.000000 324 6
0.335569 45.239343 0.000000 324 6
0.362654 45.281371 0.000000 324 6
0.391984 45.321865 0.000000 324 6
0.423713 45.360508 0.000000 324 6
0.457968 45.396931 0.000000 324 6
0.494819 45.430724 0.000000 324 6
0.534265 45.461449 0.000000 324 6
0.576205 45.488670 0.000000 324 6
0.620431 45.511996 0.000000 324 6
0.666628 45.531124 0.000000 324 6
0.714401 45.545880 0.000000 324 6
0.763314 45.556247 0.000000 324 6
0.812939 45.562363 0.000000 324 6
0.862893 45.564501 0.000000 324 6
0.912871 45.563029 0.000000 324 6
0.962654 45.558377 0.000000 324 6
1.012107 45.550998 0.000000 324 6
1.061166 45.541346 0.000000 324 6
1.109829 45.529859 0.000000 324 6
1.158135 45.516955 0.000000 324 6
1.206157 45.503030 0.000000 324 6
1.253988 45.488462 0.000000 324 6
1.301733 45.473616 0.000000 324 6
1.349503 45.458850 0.000000 324 6
1.397407 45.444526 0.000000 324 6
1.445546 45.431014 0.000000 324 6
1.494006 45.418698 0.000000 324 6
1.542845 45.407985 0.000000 324 6
1.592085 45.399301 0.000000 324 6
1.641698 45.393095 0.000000 324 6
1.691591 45.389821 0.000000 324 6
0.000000 59.623312 0.000000 325 6
0.004297 59.673127 0.000000 325 6
0.008678 59.722934 0.000000 325 6
0.013232 59.772727 0.000000 325 6
0.017970 59.822502 0.000000 325 6
0.022904 59.872257 0.000000 325 6
0.028047 59.921992 0.000000 325 6
0.033410 59.971704 0.000000 325 6
0.039010 60.021389 0.000000 325 6
0.044862 60.071046 0.000000 325 6
0.050983 60.120670 0.000000 325 6
0.057392 60.170257 0.000000 325 6
0.064109 60.219804 0.000000 325 6
0.071158 60.269305 0.000000 325 6
0.078562 60.318753 0.000000 325 6
0.086350 60.368143 0.000000 325 6
0.094551 60.417466 0.000000 325 6
0.103199 60.466712 0.000000 325 6
0.112329 60.515872 0.000000 325 6
0.121984 60.564931 0.000000 325 6
0.132207 60.613874 0.000000 325 6
0.143049 60.662685 0.000000 325 6
0.154566 60.711340 0.000000 325 6
0.166819 60.759816 0.000000 325 6
0.179877 60.808080 0.000000 325 6
0.193819 60.856097 0.000000 325 6
0.208729 60.903822 0.000000 325 6
0.224704 60.951202 0.000000 325 6
0.241849 60.998170 0.000000 325 6
0.260282 61.044648 0.000000 325 6
0.280133 61.090539 0.000000 325 6
0.301540 61.135725 0.000000 325 6
0.324656 61.180061 0.000000 325 6
0.349637 61.223372 0.000000 325 6
0.376646 61.265450 0.000000 325 6
0.405838 61.306044 0.000000 325 6
0.437354 61.344860 0.000000 325 6
0.471304 61.381567 0.000000 325 6
0.507752 61.415795 0.000000 325 6
0.546691 61.447160 0.000000 325 6
0.588030 61.475286 0.000000 325 6
0.631588 61.499836 0.000000 325 6
0.677093 61.520556 0.000000 325 6
0.724204 61.537305 0.000000 325 6
0.772546 61.550073 0.000000 325 6
0.821746 61.558986 0.000000 325 6
0.871464 61.564288 0.000000 325 6
0.921422 61.566315 0.000000 325 6
0.971415 61.565463 0.000000 325 6
1.021306 61.562158 0.000000 325 6
1.071022 61.556839 0.000000 325 6
1.120544 61.549941 0.000000 325 6
1.169892 61.541890 0.000000 325 6
1.219113 61.533101 0.000000 325 6
1.268274 61.523979 0.000000 325 6
1.317448 61.514927 0.000000 325 6
1.366706 61.506347 0.000000 325 6
1.416110 61.498648 0.000000 325 6
1.465699 61.492249 0.000000 325 6
1.515480 61.487578 0.000000 325 6
1.565417 61.485074 0.000000 325 6
0.000000 81.149326 0.000000 326 6
0.003955 81.199169 0.000000 326 6
0.007980 81.249007 0.000000 326 6
0.012152 81.298832 0.000000 326 6
0.016479 81.348645 0.000000 326 6
0.020969 81.398443 0.000000 326 6
0.025632 81.448225 0.000000 326 6
0.030478 81.497989 0.000000 326 6
0.035518 81.547735 0.000000 326 6
0.040764 81.597459 0.000000 326 6
0.046228 81.647159 0.000000 326 6
0.051924 81.696834 0.000000 326 6
0.057867 81.746479 0.000000 326 6
0.064074 81.796093 0.000000 326 6
0.070561 81.845670 0.000000 326 6
0.077348 81.895207 0.000000 326 6
0.084457 81.944699 0.000000 326 6
0.091909 81.994141 0.000000 326 6
0.099729 82.043525 0.000000 326 6
0.107946 82.092846 0.000000 326 6
0.116589 82.142093 0.000000 326 6
0.125691 82.191258 0.000000 326 6
0.135288 82.240328 0.000000 326 6
0.145421 82.289290 0.000000 326 6
0.156133 82.338130 0.000000 326 6
0.167472 82.386827 0.000000 326 6
0.179493 82.435360 0.000000 326 6
0.192255 82.483704 0.000000 326 6
0.205824 82.531828 0.000000 326 6
0.220271 82.579695 0.000000 326 6
0.235676 82.627263 0.000000 326 6
0.252127 82.674479 0.000000 326 6
0.269721 82.721281 0.000000 326 6
0.288561 82.767596 0.000000 326 6
0.308762 82.813333 0.000000 326 6
0.330444 82.858388 0.000000 326 6
0.353734 82.902632 0.000000 326 6
0.378765 82.945916 0.000000 326 6
0.405667 82.988061 0.000000 326 6
0.434565 83.028865 0.000000 326 6
0.465571 83.068090 0.000000 326 6
0.498769 83.105479 0.000000 326 6
0.534210 83.140748 0.000000 326 6
0.571896 83.173608 0.000000 326 6
0.611768 83.203777 0.000000 326 6
0.653706 83.231003 0.000000 326 6
0.697523 83.255088 0.000000 326 6
0.742982 83.275907 0.000000 326 6
0.789811 83.293430 0.000000 326 6
0.837725 83.307720 0.000000 326 6
0.886451 83.318937 0.000000 326 6
0.935744 83.327319 0.000000 326 6
0.985401 83.333165 0.000000 326 6
1.035267 83.336822 0.000000 326 6
1.085233 83.338659 0.000000 326 6
1.135231 83.339065 0.000000 326 6
1.185227 83.338432 0.000000 326 6
1.235211 83.337153 0.000000 326 6
1.285187 83.335623 0.000000 326 6
1.335168 83.334234 0.000000 326 6
1.385161 83.333382 0.000000 326 6
0.000000 82.800902 0.000000 327 6
0.005102 82.850641 0.000000 327 6
0.010281 82.900372 0.000000 327 6
0.015622 82.950086 0.000000 327 6
0.021132 82.999782 0.000000 327 6
0.026819 83.049457 0.000000 327 6
0.032691 83.099111 0.000000 327 6
0.038758 83.148742 0.000000 327 6
0.045029 83.198347 0.000000 327 6
0.051515 83.247925 0.000000 327 6
0.058227 83.297472 0.000000 327 6
0.065176 83.346987 0.000000 327 6
0.072376 83.396466 0.000000 327 6
0.079840 83.445905 0.000000 327 6
0.087582 83.495302 0.000000 327 6
0.095618 83.544652 0.000000 327 6
0.103965 83.593951 0.000000 327 6
0.112640 83.643192 0.000000 327 6
0.121662 83.692372 0.000000 327 6
0.131054 83.741482 0.000000 327 6
0.140836 83.790516 0.000000 327 6
0.151032 83.839465 0.000000 327 6
0.161670 83.888320 0.000000 327 6
0.172776 83.937071 0.000000 327 6
0.184381 83.985706 0.000000 327 6
0.196518 84.034210 0.000000 327 6
0.209221 84.082570 0.000000 327 6
0.222528 84.130766 0.000000 327 6
0.236482 84.178780 0.000000 327 6
0.251126 84.226587 0.000000 327 6
0.266507 84.274163 0.000000 327 6
0.282678 84.321475 0.000000 327 6
0.299694 84.368491 0.000000 327 6
0.317614 84.415169 0.000000 327 6
0.336501 84.461465 0.000000 327 6
0.356424 84.507324 0.000000 327 6
0.377453 84.552687 0.000000 327 6
0.399664 84.597483 0.000000 327 6
0.423134 84.641632 0.000000 327 6
0.447942 84.685044 0.000000 327 6
0.474168 84.727613 0.000000 327 6
0.501892 84.769224 0.000000 327 6
0.531187 84.809743 0.000000 327 6
0.562120 84.849025 0.000000 327 6
0.594749 84.886912 0.000000 327 6
0.629113 84.923231 0.000000 327 6
0.665235 84.957803 0.000000 327 6
0.703109 84.990446 0.000000 327 6
0.742704 85.020978 0.000000 327 6
0.783958 85.049229 0.000000 327 6
0.826775 85.075050 0.000000 327 6
0.871030 85.098319 0.000000 327 6
0.916575 85.118951 0.000000 327 6
0.963240 85.136905 0.000000 327 6
1.010848 85.152186 0.000000 327 6
1.059219 85.164843 0.000000 327 6
1.108182 85.174974 0.000000 327 6
1.157580 85.182710 0.000000 327 6
1.207276 85.188217 0.000000 327 6
1.257156 85.191686 0.000000 327 6
1.307129 85.193322 0.000000 327 6
0.000000 84.452479 0.000000 328 6
0.007176 84.501961 0.000000 328 6
0.014428 84.551433 0.000000 328 6
0.021838 84.600881 0.000000 328 6
0.029411 84.650304 0.000000 328 6
0.037152 84.699701 0.000000 328 6
0.045069 84.749070 0.000000 328 6
0.053168 84.798410 0.000000 328 6
0.061456 84.847718 0.000000 328 6
0.069939 84.896993 0.000000 328 6
0.078626 84.946233 0.000000 328 6
0.087525 84.995434 0.000000 328 6
0.096644 85.044596 0.000000 328 6
0.105992 85.093714 0.000000 328 6
0.115580 85.142786 0.000000 328 6
0.125416 85.191809 0.000000 328 6
0.135513 85.240779 0.000000 328 6
0.145880 85.289693 0.000000 328 6
0.156532 85.338545 0.000000 328 6
0.167479 85.387332 0.000000 328 6
0.178737 85.436048 0.000000 328 6
0.190320 85.484688 0.000000 328 6
0.202243 85.533245 0.000000 328 6
0.214523 85.581714 0.000000 328 6
0.227179 85.630086 0.000000 328 6
0.240228 85.678353 0.000000 328 6
0.253692 85.726506 0.000000 328 6
0.267592 85.774535 0.000000 328 6
0.281952 85.822428 0.000000 328 6
0.296798 85.870174 0.000000 328 6
0.312156 85.917757 0.000000 328 6
0.328055 85.965161 0.000000 328 6
0.344528 86.012370 0.000000 328 6
0.361607 86.059362 0.000000 328 6
0.379330 86.106116 0.000000 328 6
0.397736 86.152605 0.000000 328 6
0.416868 86.198800 0.000000 328 6
0.436771 86.244668 0.000000 328 6
0.457495 86.290171 0.000000 328 6
0.479094 86.335265 0.000000 328 6
0.501624 86.379901 0.000000 328 6
0.525148 86.424022 0.000000 328 6
0.549730 86.467561 0.000000 328 6
0.575442 86.510444 0.000000 328 6
0.602356 86.552582 0.000000 328 6
0.630551 86.593875 0.000000 328 6
0.660106 86.634205 0.000000 328 6
0.691102 86.673438 0.000000 328 6
0.723620 86.711419 0.000000 328 6
0.757736 86.747971 0.000000 328 6
0.793520 86.782893 0.000000 328 6
0.831027 86.815957 0.000000 328 6
0.870294 86.846910 0.000000 328 6
0.911329 86.875478 0.000000 328 6
0.954107 86.901364 0.000000 328 6
0.998554 86.924265 0.000000 328 6
1.044546 86.943879 0.000000 328 6
1.091902 86.959923 0.000000 328 6
1.140383 86.972154 0.000000 328 6
1.189701 86.980382 0.000000 328 6
1.239532 86.984495 0.000000 328 6
0.000000 15.197174 0.000000 329 6
0.005308 15.246892 0.000000 329 6
0.010725 15.296597 0.000000 329 6
0.016374 15.346277 0.000000 329 6
0.022269 15.395929 0.000000 329 6
0.028427 15.445548 0.000000 329 6
0.034866 15.495132 0.000000 329 6
0.041606 15.544675 0.000000 329 6
0.048667 15.594174 0.000000 329 6
0.056073 15.643623 0.000000 329 6
0.063850 15.693014 0.000000 329 6
0.072027 15.742341 0.000000 329 6
0.080635 15.791594 0.000000 329 6
0.089708 15.840764 0.000000 329 6
0.099285 15.889839 0.000000 329 6
0.109407 15.938803 0.000000 329 6
0.120123 15.987642 0.000000 329 6
0.131483 16.036334 0.000000 329 6
0.143547 16.084857 0.000000 329 6
0.156379 16.133182 0.000000 329 6
0.170052 16.181276 0.000000 329 6
0.184646 16.229099 0.000000 329 6
0.200252 16.276601 0.000000 329 6
0.216970 16.323723 0.000000 329 6
0.234911 16.370394 0.000000 329 6
0.254200 16.416523 0.000000 329 6
0.274972 16.462004 0.000000 329 6
0.297374 16.506705 0.000000 329 6
0.321565 16.550463 0.000000 329 6
0.347709 16.593083 0.000000 329 6
0.375974 16.634328 0.000000 329 6
0.406519 16.673913 0.000000 329 6
0.439482 16.711509 0.000000 329 6
0.474965 16.746736 0.000000 329 6
0.513009 16.779181 0.000000 329 6
0.553574 16.808412 0.000000 329 6
0.596523 16.834014 0.000000 329 6
0.641610 16.855628 0.000000 329 6
0.688497 16.872994 0.000000 329 6
0.736779 16.885989 0.000000 329 6
0.786025 16.894640 0.000000 329 6
0.835824 16.899117 0.000000 329 6
0.885820 16.899713 0.000000 329 6
0.935735 16.896802 0.000000 329 6
0.985374 16.890804 0.000000 329 6
1.034621 16.882157 0.000000 329 6
1.083426 16.871293 0.000000 329 6
1.131796 16.858628 0.000000 329 6
1.179774 16.844553 0.000000 329 6
1.227435 16.829438 0.000000 329 6
1.274872 16.813635 0.000000 329 6
1.322190 16.797480 0.000000 329 6
1.369501 16.781303 0.000000 329 6
1.416915 16.765434 0.000000 329 6
1.464540 16.750207 0.000000 329 6
1.512471 16.735971 0.000000 329 6
1.560784 16.723093 0.000000 329 6
1.609530 16.711964 0.000000 329 6
1.658718 16.702994 0.000000 329 6
1.708310 16.696614 0.000000 329 6
1.758197 16.693263 0.000000 329 6
0.000000 20.785468 0.000000 330 6
0.004299 20.835283 0.000000 330 6
0.008686 20.885090 0.000000 330 6
0.013257 20.934881 0.000000 330 6
0.018024 20.984653 0.000000 330 6
0.023000 21.034405 0.000000 330 6
0.028199 21.084134 0.000000 330 6
0.033637 21.133837 0.000000 330 6
0.039329 21.183512 0.000000 330 6
0.045295 21.233155 0.000000 330 6
0.051554 21.282762 0.000000 330 6
0.058129 21.332328 0.000000 330 6
0.065045 21.381847 0.000000 330 6
0.072327 21.431314 0.000000 330 6
0.080007 21.480720 0.000000 330 6
0.088118 21.530058 0.000000 330 6
0.096695 21.579317 0.000000 330 6
0.105781 21.628485 0.000000 330 6
0.115421 21.677547 0.000000 330 6
0.125666 21.726486 0.000000 330 6
0.136574 21.775281 0.000000 330 6
0.148211 21.823908 0.000000 330 6
0.160648 21.872337 0.000000 330 6
0.173967 21.920530 0.000000 330 6
0.188263 21.968443 0.000000 330 6
0.203638 22.016020 0.000000 330 6
0.220210 22.063194 0.000000 330 6
0.238112 22.109879 0.000000 330 6
0.257492 22.155971 0.000000 330 6
0.278512 22.201338 0.000000 330 6
0.301353 22.245816 0.000000 330 6
0.326207 22.289201 0.000000 330 6
0.353273 22.331242 0.000000 330 6
0.382750 22.371628 0.000000 330 6
0.414819 22.409990 0.000000 330 6
0.449620 22.445891 0.000000 330 6
0.487225 22.478844 0.000000 330 6
0.527605 22.508329 0.000000 330 6
0.570606 22.533844 0.000000 330 6
0.615930 22.554956 0.000000 330 6
0.663160 22.571367 0.000000 330 6
0.711796 22.582965 0.000000 330 6
0.761322 22.589832 0.000000 330 6
0.811264 22.592236 0.000000 330 6
0.861237 22.590581 0.000000 330 6
0.910963 22.585353 0.000000 330 6
0.960273 22.577076 0.000000 330 6
1.009092 22.566270 0.000000 330 6
1.057417 22.553437 0.000000 330 6
1.105301 22.539047 0.000000 330 6
1.152836 22.523540 0.000000 330 6
1.200136 22.507333 0.000000 330 6
1.247332 22.490823 0.000000 330 6
1.294558 22.474401 0.000000 330 6
1.341948 22.458459 0.000000 330 6
1.389628 22.443403 0.000000 330 6
1.437701 22.429658 0.000000 330 6
1.486245 22.417678 0.000000 330 6
1.535289 22.407949 0.000000 330 6
1.584801 22.400980 0.000000 330 6
1.634665 22.397299 0.000000 330 6
0.000000 21.308038 0.000000 331 6
0.004660 21.357820 0.000000 331 6
0.009412 21.407594 0.000000 331 6
0.014358 21.457348 0.000000 331 6
0.019511 21.507082 0.000000 331 6
0.024883 21.556793 0.000000 331 6
0.030489 21.606477 0.000000 331 6
0.036344 21.656133 0.000000 331 6
0.042466 21.705757 0.000000 331 6
0.048872 21.755345 0.000000 331 6
0.055583 21.804893 0.000000 331 6
0.062621 21.854395 0.000000 331 6
0.070011 21.903846 0.000000 331 6
0.077778 21.953239 0.000000 331 6
0.085953 22.002566 0.000000 331 6
0.094568 22.051818 0.000000 331 6
0.103658 22.100985 0.000000 331 6
0.113264 22.150054 0.000000 331 6
0.123429 22.199009 0.000000 331 6
0.134202 22.247835 0.000000 331 6
0.145638 22.296510 0.000000 331 6
0.157797 22.345009 0.000000 331 6
0.170747 22.393303 0.000000 331 6
0.184563 22.441356 0.000000 331 6
0.199329 22.489126 0.000000 331 6
0.215140 22.536560 0.000000 331 6
0.232098 22.583596 0.000000 331 6
0.250321 22.630158 0.000000 331 6
0.269934 22.676150 0.000000 331 6
0.291079 22.721459 0.000000 331 6
0.313904 22.765945 0.000000 331 6
0.338570 22.809437 0.000000 331 6
0.365240 22.851731 0.000000 331 6
0.394077 22.892577 0.000000 331 6
0.425230 22.931686 0.000000 331 6
0.458822 22.968720 0.000000 331 6
0.494933 23.003304 0.000000 331 6
0.533573 23.035036 0.000000 331 6
0.574672 23.063512 0.000000 331 6
0.618060 23.088362 0.000000 331 6
0.663471 23.109286 0.000000 331 6
0.710560 23.126096 0.000000 331 6
0.758935 23.138743 0.000000 331 6
0.808194 23.147317 0.000000 331 6
0.857971 23.152038 0.000000 331 6
0.907956 23.153231 0.000000 331 6
0.957918 23.151286 0.000000 331 6
1.007701 23.146628 0.000000 331 6
1.057218 23.139697 0.000000 331 6
1.106443 23.130925 0.000000 331 6
1.155393 23.120732 0.000000 331 6
1.204120 23.109520 0.000000 331 6
1.252697 23.097680 0.000000 331 6
1.301214 23.085590 0.000000 331 6
1.349761 23.073624 0.000000 331 6
1.398429 23.062160 0.000000 331 6
1.447297 23.051583 0.000000 331 6
1.496426 23.042291 0.000000 331 6
1.545847 23.034699 0.000000 331 6
1.595547 23.029234 0.000000 331 6
1.645463 23.026336 0.000000 331 6
0.000000 29.107476 0.000000 332 6
0.003823 29.157329 0.000000 332 6
0.007720 29.207177 0.000000 332 6
0.011771 29.257013 0.000000 332 6
0.015987 29.306835 0.000000 332 6
0.020378 29.356642 0.000000 332 6
0.024954 29.406432 0.000000 332 6
0.029727 29.456203 0.000000 332 6
0.034711 29.505954 0.000000 332 6
0.039920 29.555682 0.000000 332 6
0.045370 29.605384 0.000000 332 6
0.051076 29.655058 0.000000 332 6
0.057059 29.704698 0.000000 332 6
0.063337 29.754303 0.000000 332 6
0.069934 29.803866 0.000000 332 6
0.076874 29.853382 0.000000 332 6
0.084185 29.902844 0.000000 332 6
0.091896 29.952246 0.000000 332 6
0.100041 30.001578 0.000000 332 6
0.108656 30.050830 0.000000 332 6
0.117783 30.099990 0.000000 332 6
0.127469 30.149043 0.000000 332 6
0.137763 30.197972 0.000000 332 6
0.148724 30.246756 0.000000 332 6
0.160416 30.295370 0.000000 332 6
0.172911 30.343783 0.000000 332 6
0.186290 30.391960 0.000000 332 6
0.200644 30.439855 0.000000 332 6
0.216076 30.487414 0.000000 332 6
0.232700 30.534570 0.000000 332 6
0.250644 30.581239 0.000000 332 6
0.270050 30.627319 0.000000 332 6
0.291074 30.672685 0.000000 332 6
0.313885 30.717178 0.000000 332 6
0.338663 30.760606 0.000000 332 6
0.365593 30.802735 0.000000 332 6
0.394854 30.843279 0.000000 332 6
0.426607 30.881901 0.000000 332 6
0.460978 30.918214 0.000000 332 6
0.498029 30.951789 0.000000 332 6
0.537733 30.982179 0.000000 332 6
0.579960 31.008954 0.000000 332 6
0.624461 31.031750 0.000000 332 6
0.670886 31.050317 0.000000 332 6
0.718815 31.064558 0.000000 332 6
0.767808 31.074543 0.000000 332 6
0.817452 31.080499 0.000000 332 6
0.867400 31.082780 0.000000 332 6
0.917390 31.081820 0.000000 332 6
0.967252 31.078105 0.000000 332 6
1.016894 31.072130 0.000000 332 6
1.066291 31.064390 0.000000 332 6
1.115470 31.055363 0.000000 332 6
1.164490 31.045515 0.000000 332 6
1.213435 31.035298 0.000000 332 6
1.262396 31.025159 0.000000 332 6
1.311463 31.015544 0.000000 332 6
1.360712 31.006910 0.000000 332 6
1.410193 30.999726 0.000000 332 6
1.459917 30.994478 0.000000 332 6
1.509838 30.991662 0.000000 332 6
0.000000 39.738979 0.000000 333 6
0.003162 39.788879 0.000000 333 6
0.006382 39.838775 0.000000 333 6
0.009726 39.888664 0.000000 333 6
0.013201 39.938543 0.000000 333 6
0.016815 39.988412 0.000000 333 6
0.020575 40.038270 0.000000 333 6
0.024492 40.088117 0.000000 333 6
0.028574 40.137950 0.000000 333 6
0.032833 40.187768 0.000000 333 6
0.037281 40.237570 0.000000 333 6
0.041930 40.287353 0.000000 333 6
0.046794 40.337116 0.000000 333 6
0.051889 40.386856 0.000000 333 6
0.057230 40.436570 0.000000 333 6
0.062837 40.486254 0.000000 333 6
0.068728 40.535906 0.000000 333 6
0.074928 40.585520 0.000000 333 6
0.081459 40.635092 0.000000 333 6
0.088349 40.684615 0.000000 333 6
0.095628 40.734082 0.000000 333 6
0.103330 40.783485 0.000000 333 6
0.111491 40.832815 0.000000 333 6
0.120152 40.882059 0.000000 333 6
0.129361 40.931204 0.000000 333 6
0.139169 40.980232 0.000000 333 6
0.149635 41.029125 0.000000 333 6
0.160824 41.077856 0.000000 333 6
0.172811 41.126398 0.000000 333 6
0.185679 41.174714 0.000000 333 6
0.199522 41.222760 0.000000 333 6
0.214447 41.270480 0.000000 333 6
0.230573 41.317808 0.000000 333 6
0.248035 41.364660 0.000000 333 6
0.266982 41.410931 0.000000 333 6
0.287581 41.456491 0.000000 333 6
0.310010 41.501178 0.000000 333 6
0.334463 41.544790 0.000000 333 6
0.361136 41.587082 0.000000 333 6
0.390220 41.627752 0.000000 333 6
0.421887 41.666446 0.000000 333 6
0.456263 41.702754 0.000000 333 6
0.493404 41.736229 0.000000 333 6
0.533268 41.766410 0.000000 333 6
0.575693 41.792870 0.000000 333 6
0.620395 41.815268 0.000000 333 6
0.666991 41.833402 0.000000 333 6
0.715038 41.847241 0.000000 333 6
0.764088 41.856938 0.000000 333 6
0.813743 41.862802 0.000000 333 6
0.863683 41.865261 0.000000 333 6
0.913681 41.864820 0.000000 333 6
0.963602 41.862018 0.000000 333 6
1.013389 41.857404 0.000000 333 6
1.063042 41.851521 0.000000 333 6
1.112602 41.844905 0.000000 333 6
1.162134 41.838081 0.000000 333 6
1.211709 41.831574 0.000000 333 6
1.261387 41.825910 0.000000 333 6
1.311203 41.821626 0.000000 333 6
1.361147 41.819269 0.000000 333 6
0.000000 72.298651 0.000000 334 6
0.001982 72.348612 0.000000 334 6
0.004000 72.398571 0.000000 334 6
0.006091 72.448527 0.000000 334 6
0.008261 72.498480 0.000000 334 6
0.010512 72.548430 0.000000 334 6
0.012852 72.598375 0.000000 334 6
0.015283 72.648316 0.000000 334 6
0.017813 72.698252 0.000000 334 6
0.020447 72.748182 0.000000 334 6
0.023191 72.798107 0.000000 334 6
0.026053 72.848025 0.000000 334 6
0.029041 72.897935 0.000000 334 6
0.032162 72.947838 0.000000 334 6
0.035426 72.997731 0.000000 334 6
0.038844 73.047614 0.000000 334 6
0.042425 73.097486 0.000000 334 6
0.046182 73.147345 0.000000 334 6
0.050129 73.197189 0.000000 334 6
0.054280 73.247016 0.000000 334 6
0.058650 73.296825 0.000000 334 6
0.063259 73.346612 0.000000 334 6
0.068125 73.396374 0.000000 334 6
0.073271 73.446109 0.000000 334 6
0.078722 73.495811 0.000000 334 6
0.084504 73.545475 0.000000 334 6
0.090650 73.595096 0.000000 334 6
0.097193 73.644666 0.000000 334 6
0.104172 73.694177 0.000000 334 6
0.111633 73.743617 0.000000 334 6
0.119625 73.792974 0.000000 334 6
0.128207 73.842232 0.000000 334 6
0.137443 73.891372 0.000000 334 6
0.147409 73.940369 0.000000 334 6
0.158190 73.989192 0.000000 334 6
0.169888 74.037805 0.000000 334 6
0.182614 74.086158 0.000000 334 6
0.196503 74.134190 0.000000 334 6
0.211705 74.181823 0.000000 334 6
0.228395 74.228955 0.000000 334 6
0.246773 74.275455 0.000000 334 6
0.267062 74.321154 0.000000 334 6
0.289510 74.365832 0.000000 334 6
0.314382 74.409206 0.000000 334 6
0.341948 74.450921 0.000000 334 6
0.372456 74.490535 0.000000 334 6
0.406101 74.527521 0.000000 334 6
0.442972 74.561293 0.000000 334 6
0.483004 74.591251 0.000000 334 6
0.525944 74.616866 0.000000 334 6
0.571362 74.637777 0.000000 334 6
0.618699 74.653875 0.000000 334 6
0.667368 74.665335 0.000000 334 6
0.716839 74.672590 0.000000 334 6
0.766704 74.676258 0.000000 334 6
0.816698 74.677069 0.000000 334 6
0.866682 74.675803 0.000000 334 6
0.916616 74.673247 0.000000 334 6
0.966523 74.670191 0.000000 334 6
1.016446 74.667418 0.000000 334 6
1.066417 74.665713 0.000000 334 6
0.000000 73.950228 0.000000 335 6
0.002235 74.000178 0.000000 335 6
0.004507 74.050126 0.000000 335 6
0.006857 74.100071 0.000000 335 6
0.009289 74.150012 0.000000 335 6
0.011808 74.199948 0.000000 335 6
0.014418 74.249880 0.000000 335 6
0.017124 74.299807 0.000000 335 6
0.019932 74.349728 0.000000 335 6
0.022847 74.399643 0.000000 335 6
0.025876 74.449551 0.000000 335 6
0.029025 74.499452 0.000000 335 6
0.032302 74.549344 0.000000 335 6
0.035714 74.599228 0.000000 335 6
0.039271 74.649101 0.000000 335 6
0.042981 74.698963 0.000000 335 6
0.046855 74.748813 0.000000 335 6
0.050903 74.798649 0.000000 335 6
0.055137 74.848469 0.000000 335 6
0.059572 74.898272 0.000000 335 6
0.064220 74.948056 0.000000 335 6
0.069097 74.997817 0.000000 335 6
0.074222 75.047554 0.000000 335 6
0.079612 75.097262 0.000000 335 6
0.085289 75.146939 0.000000 335 6
0.091276 75.196579 0.000000 335 6
0.097599 75.246178 0.000000 335 6
0.104287 75.295729 0.000000 335 6
0.111370 75.345224 0.000000 335 6
0.118884 75.394657 0.000000 335 6
0.126870 75.444015 0.000000 335 6
0.135372 75.493287 0.000000 335 6
0.144438 75.542458 0.000000 335 6
0.154127 75.591510 0.000000 335 6
0.164500 75.640422 0.000000 335 6
0.175629 75.689168 0.000000 335 6
0.187596 75.737715 0.000000 335 6
0.200492 75.786023 0.000000 335 6
0.214420 75.834044 0.000000 335 6
0.229497 75.881717 0.000000 335 6
0.245856 75.928965 0.000000 335 6
0.263643 75.975694 0.000000 335 6
0.283023 76.021785 0.000000 335 6
0.304176 76.067091 0.000000 335 6
0.327293 76.111425 0.000000 335 6
0.352577 76.154562 0.000000 335 6
0.380225 76.196222 0.000000 335 6
0.410421 76.236075 0.000000 335 6
0.443306 76.273738 0.000000 335 6
0.478962 76.308790 0.000000 335 6
0.517374 76.340798 0.000000 335 6
0.558416 76.369356 0.000000 335 6
0.601841 76.394141 0.000000 335 6
0.647299 76.414963 0.000000 335 6
0.694377 76.431805 0.000000 335 6
0.742651 76.444829 0.000000 335 6
0.791734 76.454362 0.000000 335 6
0.841310 76.460858 0.000000 335 6
0.891150 76.464855 0.000000 335 6
0.941107 76.466941 0.000000 335 6
0.991101 76.467726 0.000000 335 6
0.000000 9.528706 0.000000 336 6
0.005088 9.578446 0.000000 336 6
0.010279 9.628176 0.000000 336 6
0.015688 9.677883 0.000000 336 6
0.021327 9.727564 0.000000 336 6
0.027213 9.777216 0.000000 336 6
0.033361 9.826836 0.000000 336 6
0.039790 9.876421 0.000000 336 6
0.046519 9.925967 0.000000 336 6
0.053569 9.975467 0.000000 336 6
0.060964 10.024917 0.000000 336 6
0.068730 10.074310 0.000000 336 6
0.076894 10.123639 0.000000 336 6
0.085489 10.172895 0.000000 336 6
0.094548 10.222068 0.000000 336 6
0.104109 10.271145 0.000000 336 6
0.114215 10.320113 0.000000 336 6
0.124912 10.368955 0.000000 336 6
0.136252 10.417652 0.000000 336 6
0.148293 10.466181 0.000000 336 6
0.161099 10.514513 0.000000 336 6
0.174741 10.562616 0.000000 336 6
0.189300 10.610449 0.000000 336 6
0.204865 10.657965 0.000000 336 6
0.221534 10.705105 0.000000 336 6
0.239417 10.751797 0.000000 336 6
0.258636 10.797956 0.000000 336 6
0.279323 10.843476 0.000000 336 6
0.301624 10.888227 0.000000 336 6
0.325691 10.932054 0.000000 336 6
0.351687 10.974765 0.000000 336 6
0.379772 11.016131 0.000000 336 6
0.410103 11.055881 0.000000 336 6
0.442814 11.093696 0.000000 336 6
0.478005 11.129215 0.000000 336 6
0.515719 11.162043 0.000000 336 6
0.555923 11.191768 0.000000 336 6
0.598493 11.217995 0.000000 336 6
0.643203 11.240379 0.000000 336 6
0.689738 11.258668 0.000000 336 6
0.737718 11.272735 0.000000 336 6
0.786736 11.282597 0.000000 336 6
0.836397 11.288407 0.000000 336 6
0.886356 11.290436 0.000000 336 6
0.936336 11.289040 0.000000 336 6
0.986141 11.284622 0.000000 336 6
1.035647 11.277610 0.000000 336 6
1.084797 11.268431 0.000000 336 6
1.133587 11.257499 0.000000 336 6
1.182053 11.245210 0.000000 336 6
1.230261 11.231941 0.000000 336 6
1.278294 11.218054 0.000000 336 6
1.326248 11.203900 0.000000 336 6
1.374226 11.189823 0.000000 336 6
1.422326 11.176171 0.000000 336 6
1.470640 11.163298 0.000000 336 6
1.519246 11.151572 0.000000 336 6
1.568196 11.141380 0.000000 336 6
1.617510 11.133125 0.000000 336 6
1.667161 11.127229 0.000000 336 6
1.717064 11.124121 0.000000 336 6
0.000000 13.096868 0.000000 337 6
0.004033 13.146705 0.000000 337 6
0.008147 13.196535 0.000000 337 6
0.012431 13.246352 0.000000 337 6
0.016895 13.296152 0.000000 337 6
0.021552 13.345934 0.000000 337 6
0.026415 13.395697 0.000000 337 6
0.031496 13.445439 0.000000 337 6
0.036812 13.495155 0.000000 337 6
0.042379 13.544844 0.000000 337 6
0.048215 13.594503 0.000000 337 6
0.054340 13.644126 0.000000 337 6
0.060776 13.693710 0.000000 337 6
0.067547 13.743249 0.000000 337 6
0.074680 13.792738 0.000000 337 6
0.082205 13.842169 0.000000 337 6
0.090154 13.891533 0.000000 337 6
0.098564 13.940820 0.000000 337 6
0.107476 13.990020 0.000000 337 6
0.116935 14.039117 0.000000 337 6
0.126993 14.088095 0.000000 337 6
0.137706 14.136933 0.000000 337 6
0.149140 14.185609 0.000000 337 6
0.161366 14.234091 0.000000 337 6
0.174467 14.282344 0.000000 337 6
0.188535 14.330324 0.000000 337 6
0.203674 14.377977 0.000000 337 6
0.220003 14.425236 0.000000 337 6
0.237652 14.472017 0.000000 337 6
0.256771 14.518217 0.000000 337 6
0.277524 14.563707 0.000000 337 6
0.300092 14.608324 0.000000 337 6
0.324668 14.651868 0.000000 337 6
0.351454 14.694087 0.000000 337 6
0.380652 14.734676 0.000000 337 6
0.412447 14.773265 0.000000 337 6
0.446983 14.809421 0.000000 337 6
0.484338 14.842657 0.000000 337 6
0.524488 14.872455 0.000000 337 6
0.567283 14.898313 0.000000 337 6
0.612431 14.919798 0.000000 337 6
0.659518 14.936616 0.000000 337 6
0.708047 14.948654 0.000000 337 6
0.757504 14.956003 0.000000 337 6
0.807418 14.958934 0.000000 337 6
0.857407 14.957858 0.000000 337 6
0.907196 14.953270 0.000000 337 6
0.956619 14.945700 0.000000 337 6
1.005605 14.935679 0.000000 337 6
1.054153 14.923719 0.000000 337 6
1.102320 14.910304 0.000000 337 6
1.150197 14.895891 0.000000 337 6
1.197901 14.880912 0.000000 337 6
1.245560 14.865790 0.000000 337 6
1.293304 14.850941 0.000000 337 6
1.341260 14.836791 0.000000 337 6
1.389537 14.823778 0.000000 337 6
1.438217 14.812367 0.000000 337 6
1.487342 14.803052 0.000000 337 6
1.536891 14.796351 0.000000 337 6
1.586764 14.792799 0.000000 337 6
0.000000 13.488795 0.000000 338 6
0.004265 13.538612 0.000000 338 6
0.008614 13.588423 0.000000 338 6
0.013139 13.638218 0.000000 338 6
0.017852 13.687995 0.000000 338 6
0.022764 13.737753 0.000000 338 6
0.027887 13.787490 0.000000 338 6
0.033237 13.837203 0.000000 338 6
0.038828 13.886890 0.000000 338 6
0.044676 13.936546 0.000000 338 6
0.050801 13.986170 0.000000 338 6
0.057221 14.035756 0.000000 338 6
0.063959 14.085300 0.000000 338 6
0.071039 14.134796 0.000000 338 6
0.078487 14.184238 0.000000 338 6
0.086332 14.233619 0.000000 338 6
0.094606 14.282930 0.000000 338 6
0.103346 14.332160 0.000000 338 6
0.112590 14.381298 0.000000 338 6
0.122383 14.430330 0.000000 338 6
0.132773 14.479238 0.000000 338 6
0.143816 14.528003 0.000000 338 6
0.155572 14.576601 0.000000 338 6
0.168111 14.625004 0.000000 338 6
0.181508 14.673176 0.000000 338 6
0.195849 14.721075 0.000000 338 6
0.211231 14.768650 0.000000 338 6
0.227761 14.815839 0.000000 338 6
0.245558 14.862564 0.000000 338 6
0.264755 14.908732 0.000000 338 6
0.285498 14.954226 0.000000 338 6
0.307946 14.998904 0.000000 338 6
0.332267 15.042590 0.000000 338 6
0.358637 15.085071 0.000000 338 6
0.387231 15.126088 0.000000 338 6
0.418211 15.165334 0.000000 338 6
0.451711 15.202452 0.000000 338 6
0.487816 15.237041 0.000000 338 6
0.526541 15.268670 0.000000 338 6
0.567802 15.296910 0.000000 338 6
0.611412 15.321368 0.000000 338 6
0.657074 15.341738 0.000000 338 6
0.704411 15.357839 0.000000 338 6
0.752997 15.369646 0.000000 338 6
0.802409 15.377291 0.000000 338 6
0.852268 15.381041 0.000000 338 6
0.902268 15.381268 0.000000 338 6
0.952186 15.378407 0.000000 338 6
1.001884 15.372921 0.000000 338 6
1.051297 15.365281 0.000000 338 6
1.100418 15.355947 0.000000 338 6
1.149284 15.345361 0.000000 338 6
1.197964 15.333949 0.000000 338 6
1.246546 15.322124 0.000000 338 6
1.295126 15.310292 0.000000 338 6
1.343801 15.298857 0.000000 338 6
1.392659 15.288234 0.000000 338 6
1.441770 15.278846 0.000000 338 6
1.491172 15.271136 0.000000 338 6
1.540860 15.265564 0.000000 338 6
1.590772 15.262598 0.000000 338 6
0.000000 18.507629 0.000000 339 6
0.003400 18.557513 0.000000 339 6
0.006866 18.607393 0.000000 339 6
0.010470 18.657263 0.000000 339 6
0.014220 18.707122 0.000000 339 6
0.018126 18.756969 0.000000 339 6
0.022197 18.806803 0.000000 339 6
0.026445 18.856622 0.000000 339 6
0.030880 18.906425 0.000000 339 6
0.035515 18.956210 0.000000 339 6
0.040365 19.005974 0.000000 339 6
0.045444 19.055716 0.000000 339 6
0.050770 19.105431 0.000000 339 6
0.056360 19.155118 0.000000 339 6
0.062235 19.204771 0.000000 339 6
0.068417 19.254388 0.000000 339 6
0.074929 19.303962 0.000000 339 6
0.081801 19.353487 0.000000 339 6
0.089061 19.402957 0.000000 339 6
0.096743 19.452364 0.000000 339 6
0.104885 19.501696 0.000000 339 6
0.113528 19.550944 0.000000 339 6
0.122720 19.600092 0.000000 339 6
0.132512 19.649123 0.000000 339 6
0.142965 19.698018 0.000000 339 6
0.154145 19.746752 0.000000 339 6
0.166128 19.795295 0.000000 339 6
0.178999 19.843610 0.000000 339 6
0.192855 19.891652 0.000000 339 6
0.207807 19.939364 0.000000 339 6
0.223977 19.986677 0.000000 339 6
0.241506 20.033504 0.000000 339 6
0.260551 20.079735 0.000000 339 6
0.281285 20.125233 0.000000 339 6
0.303901 20.169826 0.000000 339 6
0.328602 20.213298 0.000000 339 6
0.355600 20.255383 0.000000 339 6
0.385102 20.295752 0.000000 339 6
0.417292 20.334011 0.000000 339 6
0.452305 20.369706 0.000000 339 6
0.490194 20.402331 0.000000 339 6
0.530899 20.431367 0.000000 339 6
0.574220 20.456333 0.000000 339 6
0.619817 20.476849 0.000000 339 6
0.667238 20.492701 0.000000 339 6
0.715973 20.503875 0.000000 339 6
0.765524 20.510563 0.000000 339 6
0.815458 20.513127 0.000000 339 6
0.865446 20.512048 0.000000 339 6
0.915272 20.507871 0.000000 339 6
0.964819 20.501162 0.000000 339 6
1.014060 20.492482 0.000000 339 6
1.063027 20.482371 0.000000 339 6
1.111797 20.471349 0.000000 339 6
1.160473 20.459918 0.000000 339 6
1.209169 20.448572 0.000000 339 6
1.257996 20.437808 0.000000 339 6
1.307051 20.428133 0.000000 339 6
1.356398 20.420074 0.000000 339 6
1.406049 20.414179 0.000000 339 6
1.455949 20.411012 0.000000 339 6
0.000000 19.030198 0.000000 340 6
0.003622 19.080067 0.000000 340 6
0.007312 19.129930 0.000000 340 6
0.011146 19.179783 0.000000 340 6
0.015131 19.229624 0.000000 340 6
0.019278 19.279452 0.000000 340 6
0.023595 19.329265 0.000000 340 6
0.028094 19.379062 0.000000 340 6
0.032786 19.428842 0.000000 340 6
0.037684 19.478601 0.000000 340 6
0.042802 19.528339 0.000000 340 6
0.048154 19.578051 0.000000 340 6
0.053758 19.627736 0.000000 340 6
0.059631 19.677390 0.000000 340 6
0.065792 19.727009 0.000000 340 6
0.072265 19.776588 0.000000 340 6
0.079071 19.826123 0.000000 340 6
0.086238 19.875606 0.000000 340 6
0.093795 19.925032 0.000000 340 6
0.101773 19.974392 0.000000 340 6
0.110209 20.023675 0.000000 340 6
0.119141 20.072870 0.000000 340 6
0.128614 20.121965 0.000000 340 6
0.138677 20.170942 0.000000 340 6
0.149385 20.219782 0.000000 340 6
0.160800 20.268461 0.000000 340 6
0.172989 20.316953 0.000000 340 6
0.186031 20.365222 0.000000 340 6
0.200012 20.413227 0.000000 340 6
0.215029 20.460919 0.000000 340 6
0.231191 20.508235 0.000000 340 6
0.248619 20.555099 0.000000 340 6
0.267448 20.601418 0.000000 340 6
0.287825 20.647078 0.000000 340 6
0.309913 20.691935 0.000000 340 6
0.333881 20.735816 0.000000 340 6
0.359908 20.778507 0.000000 340 6
0.388171 20.819753 0.000000 340 6
0.418833 20.859248 0.000000 340 6
0.452028 20.896639 0.000000 340 6
0.487840 20.931532 0.000000 340 6
0.526278 20.963508 0.000000 340 6
0.567258 20.992156 0.000000 340 6
0.610587 21.017107 0.000000 340 6
0.655973 21.038087 0.000000 340 6
0.703043 21.054950 0.000000 340 6
0.751388 21.067709 0.000000 340 6
0.800604 21.076525 0.000000 340 6
0.850336 21.081698 0.000000 340 6
0.900299 21.083620 0.000000 340 6
0.950291 21.082749 0.000000 340 6
1.000190 21.079569 0.000000 340 6
1.049940 21.074574 0.000000 340 6
1.099539 21.068252 0.000000 340 6
1.149022 21.061081 0.000000 340 6
1.198449 21.053531 0.000000 340 6
1.247888 21.046066 0.000000 340 6
1.297408 21.039154 0.000000 340 6
1.347060 21.033267 0.000000 340 6
1.396868 21.028887 0.000000 340 6
1.446811 21.026504 0.000000 340 6
0.000000 26.070356 0.000000 341 6
0.002910 26.120272 0.000000 341 6
0.005873 26.170184 0.000000 341 6
0.008949 26.220089 0.000000 341 6
0.012143 26.269987 0.000000 341 6
0.015462 26.319877 0.000000 341 6
0.018914 26.369757 0.000000 341 6
0.022508 26.419628 0.000000 341 6
0.026252 26.469488 0.000000 341 6
0.030155 26.519335 0.000000 341 6
0.034228 26.569169 0.000000 341 6
0.038482 26.618987 0.000000 341 6
0.042930 26.668789 0.000000 341 6
0.047584 26.718572 0.000000 341 6
0.052461 26.768334 0.000000 341 6
0.057575 26.818072 0.000000 341 6
0.062945 26.867782 0.000000 341 6
0.068589 26.917463 0.000000 341 6
0.074530 26.967109 0.000000 341 6
0.080792 27.016715 0.000000 341 6
0.087399 27.066276 0.000000 341 6
0.094382 27.115786 0.000000 341 6
0.101773 27.165237 0.000000 341 6
0.109609 27.214619 0.000000 341 6
0.117929 27.263922 0.000000 341 6
0.126778 27.313133 0.000000 341 6
0.136208 27.362236 0.000000 341 6
0.146276 27.411211 0.000000 341 6
0.157046 27.460038 0.000000 341 6
0.168591 27.508687 0.000000 341 6
0.180993 27.557124 0.000000 341 6
0.194345 27.605309 0.000000 341 6
0.208751 27.653188 0.000000 341 6
0.224332 27.700699 0.000000 341 6
0.241219 27.747760 0.000000 341 6
0.259564 27.794273 0.000000 341 6
0.279532 27.840113 0.000000 341 6
0.301306 27.885123 0.000000 341 6
0.325081 27.929109 0.000000 341 6
0.351060 27.971830 0.000000 341 6
0.379444 28.012992 0.000000 341 6
0.410418 28.052243 0.000000 341 6
0.444122 28.089176 0.000000 341 6
0.480632 28.123338 0.000000 341 6
0.519923 28.154260 0.000000 341 6
0.561852 28.181500 0.000000 341 6
0.606144 28.204698 0.000000 341 6
0.652419 28.223636 0.000000 341 6
0.700229 28.238272 0.000000 341 6
0.749118 28.248753 0.000000 341 6
0.798675 28.255397 0.000000 341 6
0.848569 28.258646 0.000000 341 6
0.898568 28.259024 0.000000 341 6
0.948531 28.257097 0.000000 341 6
0.998397 28.253440 0.000000 341 6
1.048165 28.248627 0.000000 341 6
1.097872 28.243225 0.000000 341 6
1.147576 28.237795 0.000000 341 6
1.197336 28.232898 0.000000 341 6
1.247191 28.229099 0.000000 341 6
1.297146 28.226971 0.000000 341 6
0.000000 35.689487 0.000000 342 6
0.002348 35.739432 0.000000 342 6
0.004739 35.789375 0.000000 342 6
0.007217 35.839313 0.000000 342 6
0.009787 35.889247 0.000000 342 6
0.012455 35.939176 0.000000 342 6
0.015226 35.989099 0.000000 342 6
0.018107 36.039016 0.000000 342 6
0.021103 36.088926 0.000000 342 6
0.024223 36.138829 0.000000 342 6
0.027473 36.188723 0.000000 342 6
0.030863 36.238608 0.000000 342 6
0.034401 36.288482 0.000000 342 6
0.038098 36.338346 0.000000 342 6
0.041963 36.388196 0.000000 342 6
0.046010 36.438032 0.000000 342 6
0.050250 36.487852 0.000000 342 6
0.054698 36.537654 0.000000 342 6
0.059370 36.587435 0.000000 342 6
0.064282 36.637193 0.000000 342 6
0.069454 36.686925 0.000000 342 6
0.074907 36.736627 0.000000 342 6
0.080663 36.786294 0.000000 342 6
0.086749 36.835922 0.000000 342 6
0.093194 36.885505 0.000000 342 6
0.100029 36.935036 0.000000 342 6
0.107290 36.984506 0.000000 342 6
0.115017 37.033905 0.000000 342 6
0.123257 37.083221 0.000000 342 6
0.132060 37.132440 0.000000 342 6
0.141484 37.181544 0.000000 342 6
0.151595 37.230511 0.000000 342 6
0.162466 37.279315 0.000000 342 6
0.174184 37.327923 0.000000 342 6
0.186843 37.376294 0.000000 342 6
0.200556 37.424377 0.000000 342 6
0.215445 37.472108 0.000000 342 6
0.231655 37.519408 0.000000 342 6
0.249344 37.566174 0.000000 342 6
0.268694 37.612278 0.000000 342 6
0.289903 37.657557 0.000000 342 6
0.313186 37.701805 0.000000 342 6
0.338768 37.744765 0.000000 342 6
0.366872 37.786119 0.000000 342 6
0.397702 37.825483 0.000000 342 6
0.431410 37.862412 0.000000 342 6
0.468068 37.896415 0.000000 342 6
0.507630 37.926990 0.000000 342 6
0.549908 37.953685 0.000000 342 6
0.594570 37.976164 0.000000 342 6
0.641177 37.994269 0.000000 342 6
0.689237 38.008059 0.000000 342 6
0.738279 38.017803 0.000000 342 6
0.787900 38.023943 0.000000 342 6
0.837804 38.027040 0.000000 342 6
0.887800 38.027725 0.000000 342 6
0.937788 38.026656 0.000000 342 6
0.987742 38.024499 0.000000 342 6
1.037675 38.021919 0.000000 342 6
1.087620 38.019578 0.000000 342 6
1.137600 38.018140 0.000000 342 6
